2026-10-08 17:45:36,763 INFO o.a.j.u.JMeterUtils: Setting Locale to en_EN
2026-10-08 17:45:36,774 INFO o.a.j.JMeter: Loading user properties from: /Users/lisa/Documents/tools/apache-jmeter-5.6.3/bin/user.properties
2026-10-08 17:45:36,774 INFO o.a.j.JMeter: Loading system properties from: /Users/lisa/Documents/tools/apache-jmeter-5.6.3/bin/system.properties
2026-10-08 17:45:36,777 INFO o.a.j.JMeter: Copyright (c) 1998-2024 The Apache Software Foundation
2026-10-08 17:45:36,777 INFO o.a.j.JMeter: Version 5.6.3
2026-10-08 17:45:36,777 INFO o.a.j.JMeter: java.version=21.0.12.1
2026-10-08 17:45:36,777 INFO o.a.j.JMeter: java.vm.name=OpenJDK 64-Bit Server VM
2026-10-08 17:45:36,777 INFO o.a.j.JMeter: os.name=Mac OS X
2026-10-08 17:45:36,777 INFO o.a.j.JMeter: os.arch=aarch64
2026-10-08 17:45:36,777 INFO o.a.j.JMeter: os.version=15.5
2026-10-08 17:45:36,777 INFO o.a.j.JMeter: file.encoding=UTF-8
2026-10-08 17:45:36,777 INFO o.a.j.JMeter: java.awt.headless=true
2026-10-08 17:45:36,777 INFO o.a.j.JMeter: Max memory     =1073741824
2026-10-08 17:45:36,777 INFO o.a.j.JMeter: Available Processors =10
2026-10-08 17:45:36,781 INFO o.a.j.JMeter: Default Locale=English (EN)
2026-10-08 17:45:36,782 INFO o.a.j.JMeter: JMeter  Locale=English (EN)
2026-10-08 17:45:36,782 INFO o.a.j.JMeter: JMeterHome=/Users/lisa/Documents/tools/apache-jmeter-5.6.3
2026-10-08 17:45:36,782 INFO o.a.j.JMeter: user.dir  =/Users/lisa/Documents/tools/jml
2026-10-08 17:45:36,782 INFO o.a.j.JMeter: PWD       =/Users/lisa/Documents/tools/jml
2026-10-08 17:45:36,783 INFO o.a.j.JMeter: IP: 192.168.0.103 Name: ip-192-168-0-103.ap-southeast-1.compute.internal FullName: ip-192-168-0-103.ap-southeast-1.compute.internal
2026-10-08 17:45:36,788 INFO o.a.j.JMeter: Setting property 'jmeter.reportgenerator.outputdir' to:'/Users/lisa/Documents/tools/jml/./report'
2026-10-08 17:45:36,789 INFO o.a.j.s.FileServer: Default base='/Users/lisa/Documents/tools/jml'
2026-10-08 17:45:36,790 INFO o.a.j.s.FileServer: Set new base='/Users/lisa/Documents/tools/jml'
2026-10-08 17:45:36,855 INFO o.a.j.s.SaveService: Testplan (JMX) version: 2.2. Testlog (JTL) version: 2.2
2026-10-08 17:45:36,867 INFO o.a.j.s.SaveService: Using SaveService properties version 5.0
2026-10-08 17:45:36,868 INFO o.a.j.s.SaveService: Using SaveService properties file encoding UTF-8
2026-10-08 17:45:36,869 INFO o.a.j.s.SaveService: Loading file: 现货交易.jmx
2026-10-08 17:45:36,896 INFO o.a.j.p.h.s.HTTPSamplerBase: Parser for text/html is org.apache.jmeter.protocol.http.parser.LagartoBasedHtmlParser
2026-10-08 17:45:36,896 INFO o.a.j.p.h.s.HTTPSamplerBase: Parser for application/xhtml+xml is org.apache.jmeter.protocol.http.parser.LagartoBasedHtmlParser
2026-10-08 17:45:36,896 INFO o.a.j.p.h.s.HTTPSamplerBase: Parser for application/xml is org.apache.jmeter.protocol.http.parser.LagartoBasedHtmlParser
2026-10-08 17:45:36,896 INFO o.a.j.p.h.s.HTTPSamplerBase: Parser for text/xml is org.apache.jmeter.protocol.http.parser.LagartoBasedHtmlParser
2026-10-08 17:45:36,896 INFO o.a.j.p.h.s.HTTPSamplerBase: Parser for text/vnd.wap.wml is org.apache.jmeter.protocol.http.parser.RegexpHTMLParser
2026-10-08 17:45:36,896 INFO o.a.j.p.h.s.HTTPSamplerBase: Parser for text/css is org.apache.jmeter.protocol.http.parser.CssParser
2026-10-08 17:45:36,936 INFO o.a.j.JMeter: Creating summariser <summary>
2026-10-08 17:45:36,938 INFO o.a.j.r.d.ReportGenerator: ReportGenerator will use for Parsing the separator: ','
2026-10-08 17:45:36,938 INFO o.a.j.r.d.ReportGenerator: Will generate report at end of test from  results file: result.jtl
2026-10-08 17:45:36,938 INFO o.a.j.r.d.ReportGenerator: Reading report generator properties from: /Users/lisa/Documents/tools/apache-jmeter-5.6.3/bin/reportgenerator.properties
2026-10-08 17:45:36,938 INFO o.a.j.r.d.ReportGenerator: Merging with JMeter properties
2026-10-08 17:45:36,940 INFO o.a.j.r.c.ReportGeneratorConfiguration: Property 'jmeter.reportgenerator.temp_dir' not found, using default value 'temp' instead.
2026-10-08 17:45:36,940 INFO o.a.j.r.c.ReportGeneratorConfiguration: Property 'jmeter.reportgenerator.apdex_per_transaction' not found, using default value 'null' instead.
2026-10-08 17:45:36,940 INFO o.a.j.r.c.ReportGeneratorConfiguration: apdex_per_transaction is empty, not APDEX per transaction customization
2026-10-08 17:45:36,940 INFO o.a.j.r.c.ReportGeneratorConfiguration: Property 'jmeter.reportgenerator.sample_filter' not found, using default value 'null' instead.
2026-10-08 17:45:36,940 INFO o.a.j.r.c.ReportGeneratorConfiguration: Property 'jmeter.reportgenerator.report_title' not found, using default value 'null' instead.
2026-10-08 17:45:36,940 INFO o.a.j.r.c.ReportGeneratorConfiguration: Property 'jmeter.reportgenerator.start_date' not found, using default value 'null' instead.
2026-10-08 17:45:36,941 INFO o.a.j.r.c.ReportGeneratorConfiguration: Property 'jmeter.reportgenerator.end_date' not found, using default value 'null' instead.
2026-10-08 17:45:36,941 INFO o.a.j.r.c.ReportGeneratorConfiguration: Property 'jmeter.reportgenerator.date_format' not found, using default value 'null' instead.
2026-10-08 17:45:36,941 INFO o.a.j.r.c.ReportGeneratorConfiguration: Will use date range start date: null, end date: null
2026-10-08 17:45:36,942 INFO o.a.j.r.c.ReportGeneratorConfiguration: Property 'jmeter.reportgenerator.graph.totalTPS.exclude_controllers' not found, using default value 'false' instead.
2026-10-08 17:45:36,942 INFO o.a.j.r.c.ReportGeneratorConfiguration: Property 'jmeter.reportgenerator.graph.activeThreadsOverTime.exclude_controllers' not found, using default value 'false' instead.
2026-10-08 17:45:36,942 INFO o.a.j.r.c.ReportGeneratorConfiguration: Property 'jmeter.reportgenerator.graph.timeVsThreads.exclude_controllers' not found, using default value 'false' instead.
2026-10-08 17:45:36,942 INFO o.a.j.r.c.ReportGeneratorConfiguration: Property 'jmeter.reportgenerator.graph.responseTimeDistribution.exclude_controllers' not found, using default value 'false' instead.
2026-10-08 17:45:36,942 INFO o.a.j.r.c.ReportGeneratorConfiguration: Property 'jmeter.reportgenerator.graph.transactionsPerSecond.exclude_controllers' not found, using default value 'false' instead.
2026-10-08 17:45:36,942 INFO o.a.j.r.c.ReportGeneratorConfiguration: Property 'jmeter.reportgenerator.graph.responseTimePercentiles.exclude_controllers' not found, using default value 'false' instead.
2026-10-08 17:45:36,943 INFO o.a.j.r.c.ReportGeneratorConfiguration: Property 'jmeter.reportgenerator.graph.responseTimePercentilesOverTime.exclude_controllers' not found, using default value 'false' instead.
2026-10-08 17:45:36,943 INFO o.a.j.r.c.ReportGeneratorConfiguration: Property 'jmeter.reportgenerator.graph.responseTimesOverTime.exclude_controllers' not found, using default value 'false' instead.
2026-10-08 17:45:36,943 INFO o.a.j.r.c.ReportGeneratorConfiguration: Property 'jmeter.reportgenerator.graph.connectTimeOverTime.exclude_controllers' not found, using default value 'false' instead.
2026-10-08 17:45:36,943 INFO o.a.j.r.c.ReportGeneratorConfiguration: Property 'jmeter.reportgenerator.graph.latenciesOverTime.exclude_controllers' not found, using default value 'false' instead.
2026-10-08 17:45:36,943 INFO o.a.j.r.c.ReportGeneratorConfiguration: Property 'jmeter.reportgenerator.exporter.json.filters_only_sample_series' not found, using default value 'true' instead.
2026-10-08 17:45:36,943 INFO o.a.j.r.c.ReportGeneratorConfiguration: Property 'jmeter.reportgenerator.exporter.json.series_filter' not found, using default value '' instead.
2026-10-08 17:45:36,943 INFO o.a.j.r.c.ReportGeneratorConfiguration: Property 'jmeter.reportgenerator.exporter.json.show_controllers_only' not found, using default value 'false' instead.
2026-10-08 17:45:36,943 INFO o.a.j.r.c.ReportGeneratorConfiguration: Property 'jmeter.reportgenerator.exporter.html.filters_only_sample_series' not found, using default value 'true' instead.
2026-10-08 17:45:36,943 INFO o.a.j.r.c.ReportGeneratorConfiguration: Property 'jmeter.reportgenerator.exporter.html.series_filter' not found, using default value '' instead.
2026-10-08 17:45:36,943 INFO o.a.j.r.c.ReportGeneratorConfiguration: Property 'jmeter.reportgenerator.exporter.html.show_controllers_only' not found, using default value 'false' instead.
2026-10-08 17:45:36,948 INFO o.a.j.e.StandardJMeterEngine: Running the test!
2026-10-08 17:45:36,949 INFO o.a.j.s.SampleEvent: List of sample_variables: []
2026-10-08 17:45:36,949 INFO o.a.j.s.SampleEvent: List of sample_variables: []
2026-10-08 17:45:36,949 INFO o.a.j.e.u.CompoundVariable: Note: Function class names must contain the string: '.functions.'
2026-10-08 17:45:36,949 INFO o.a.j.e.u.CompoundVariable: Note: Function class names must not contain the string: '.gui.'
2026-10-08 17:45:36,963 INFO o.a.j.r.ClassFinder: Will scan jar /Users/lisa/Documents/tools/apache-jmeter-5.6.3/lib/ext/jmeter-plugins-ffw-2.0.jar with filter ExtendsClassFilter [parents=[interface org.apache.jmeter.functions.Function], inner=false, contains=null, notContains=null]. Consider exposing JMeter plugins via META-INF/services, and add JMeter-Skip-Class-Scanning=true manifest attribute so JMeter can skip classfile scanning
2026-10-08 17:45:36,964 INFO o.a.j.r.ClassFinder: Will scan jar /Users/lisa/Documents/tools/apache-jmeter-5.6.3/lib/ext/jmeter-plugins-manager-2.0.jar with filter ExtendsClassFilter [parents=[interface org.apache.jmeter.functions.Function], inner=false, contains=null, notContains=null]. Consider exposing JMeter plugins via META-INF/services, and add JMeter-Skip-Class-Scanning=true manifest attribute so JMeter can skip classfile scanning
2026-10-08 17:45:36,979 INFO o.a.j.r.ClassFinder: Will scan jar /Users/lisa/Documents/tools/apache-jmeter-5.6.3/lib/ext/jmeter-plugins-casutg-3.1.1.jar with filter ExtendsClassFilter [parents=[interface org.apache.jmeter.functions.Function], inner=false, contains=null, notContains=null]. Consider exposing JMeter plugins via META-INF/services, and add JMeter-Skip-Class-Scanning=true manifest attribute so JMeter can skip classfile scanning
2026-10-08 17:45:36,985 INFO o.a.j.r.ClassFinder: Will scan jar /Users/lisa/Documents/tools/apache-jmeter-5.6.3/lib/ext/jmeter-plugins-tst-2.6.jar with filter ExtendsClassFilter [parents=[interface org.apache.jmeter.functions.Function], inner=false, contains=null, notContains=null]. Consider exposing JMeter plugins via META-INF/services, and add JMeter-Skip-Class-Scanning=true manifest attribute so JMeter can skip classfile scanning
2026-10-08 17:45:36,986 INFO o.a.j.r.ClassFinder: Will scan jar /Users/lisa/Documents/tools/apache-jmeter-5.6.3/lib/ext/jmeter-plugins-perfmon-2.1.jar with filter ExtendsClassFilter [parents=[interface org.apache.jmeter.functions.Function], inner=false, contains=null, notContains=null]. Consider exposing JMeter plugins via META-INF/services, and add JMeter-Skip-Class-Scanning=true manifest attribute so JMeter can skip classfile scanning
2026-10-08 17:45:36,989 INFO o.a.j.r.ClassFinder: Will scan jar /Users/lisa/Documents/tools/apache-jmeter-5.6.3/lib/ext/jmeter-plugins-dummy-0.4.jar with filter ExtendsClassFilter [parents=[interface org.apache.jmeter.functions.Function], inner=false, contains=null, notContains=null]. Consider exposing JMeter plugins via META-INF/services, and add JMeter-Skip-Class-Scanning=true manifest attribute so JMeter can skip classfile scanning
2026-10-08 17:45:36,990 INFO o.a.j.r.ClassFinder: Will scan jar /Users/lisa/Documents/tools/apache-jmeter-5.6.3/lib/ext/jmeter-plugins-functions-2.2.jar with filter ExtendsClassFilter [parents=[interface org.apache.jmeter.functions.Function], inner=false, contains=null, notContains=null]. Consider exposing JMeter plugins via META-INF/services, and add JMeter-Skip-Class-Scanning=true manifest attribute so JMeter can skip classfile scanning
2026-10-08 17:45:36,991 INFO o.a.j.r.ClassFinder: Will scan jar /Users/lisa/Documents/tools/apache-jmeter-5.6.3/lib/ext/jmeter-plugins-graphs-basic-2.0.jar with filter ExtendsClassFilter [parents=[interface org.apache.jmeter.functions.Function], inner=false, contains=null, notContains=null]. Consider exposing JMeter plugins via META-INF/services, and add JMeter-Skip-Class-Scanning=true manifest attribute so JMeter can skip classfile scanning
2026-10-08 17:45:36,991 INFO o.a.j.r.ClassFinder: Will scan jar /Users/lisa/Documents/tools/apache-jmeter-5.6.3/lib/ext/jmeter-plugins-fifo-0.2.jar with filter ExtendsClassFilter [parents=[interface org.apache.jmeter.functions.Function], inner=false, contains=null, notContains=null]. Consider exposing JMeter plugins via META-INF/services, and add JMeter-Skip-Class-Scanning=true manifest attribute so JMeter can skip classfile scanning
2026-10-08 17:45:36,992 INFO o.a.j.r.ClassFinder: Will scan jar /Users/lisa/Documents/tools/apache-jmeter-5.6.3/lib/ext/jmeter-prometheus-plugin-0.7.1.jar with filter ExtendsClassFilter [parents=[interface org.apache.jmeter.functions.Function], inner=false, contains=null, notContains=null]. Consider exposing JMeter plugins via META-INF/services, and add JMeter-Skip-Class-Scanning=true manifest attribute so JMeter can skip classfile scanning
2026-10-08 17:45:37,037 INFO o.a.j.JMeter: Running test (1791452737037)
2026-10-08 17:45:37,045 INFO o.a.j.e.StandardJMeterEngine: Starting ThreadGroup: 1 : jp@gc - Stepping Thread Group
2026-10-08 17:45:37,045 INFO o.a.j.e.StandardJMeterEngine: Starting 1000 threads for group jp@gc - Stepping Thread Group.
2026-10-08 17:45:37,045 INFO o.a.j.e.StandardJMeterEngine: Thread will continue on error
2026-10-08 17:45:37,045 INFO k.a.j.t.AbstractSimpleThreadGroup: Starting thread group number 1 threads 1000
2026-10-08 17:45:37,051 INFO o.a.j.t.JMeterThread: Thread started: jp@gc - Stepping Thread Group 1-1
2026-10-08 17:45:37,052 INFO o.a.j.s.FileServer: Stored: /Users/lisa/Documents/tools/date/tokens.csv
2026-10-08 17:45:37,065 INFO o.a.j.p.h.s.HTTPHCAbstractImpl: Local host = ip-192-168-0-103.ap-southeast-1.compute.internal
2026-10-08 17:45:37,067 INFO o.a.j.p.h.s.HTTPHC4Impl: HTTP request retry count = 0
2026-10-08 17:45:37,068 INFO o.a.j.s.SampleResult: Note: Sample TimeStamps are START times
2026-10-08 17:45:37,068 INFO o.a.j.s.SampleResult: sampleresult.default.encoding is set to UTF-8
2026-10-08 17:45:37,068 INFO o.a.j.s.SampleResult: sampleresult.useNanoTime=true
2026-10-08 17:45:37,068 INFO o.a.j.s.SampleResult: sampleresult.nanoThreadSleep=5000
2026-10-08 17:45:37,096 INFO o.a.j.t.JMeterThread: Thread started: jp@gc - Stepping Thread Group 1-2
2026-10-08 17:45:37,104 INFO o.a.j.p.h.s.h.LazyLayeredConnectionSocketFactory: Setting up HTTPS TrustAll Socket Factory
2026-10-08 17:45:37,107 INFO o.a.j.u.JsseSSLManager: Using default SSL protocol: TLS
2026-10-08 17:45:37,107 INFO o.a.j.u.JsseSSLManager: SSL session context: per-thread
2026-10-08 17:45:37,137 INFO o.a.j.u.SSLManager: JmeterKeyStore Location:  type JKS
2026-10-08 17:45:37,139 INFO o.a.j.u.SSLManager: KeyStore created OK
2026-10-08 17:45:37,139 WARN o.a.j.u.SSLManager: Keystore file not found, loading empty keystore
2026-10-08 17:45:37,148 INFO o.a.j.t.JMeterThread: Thread started: jp@gc - Stepping Thread Group 1-3
2026-10-08 17:45:37,200 INFO o.a.j.t.JMeterThread: Thread started: jp@gc - Stepping Thread Group 1-4
2026-10-08 17:45:37,231 INFO k.a.j.t.AbstractSimpleThreadGroup: Started thread group number 1
2026-10-08 17:45:37,231 INFO o.a.j.e.StandardJMeterEngine: All thread groups have been started
2026-10-08 17:45:37,250 INFO o.a.j.t.JMeterThread: Thread started: jp@gc - Stepping Thread Group 1-5
2026-10-08 17:45:37,300 INFO o.a.j.t.JMeterThread: Thread started: jp@gc - Stepping Thread Group 1-6
2026-10-08 17:45:37,350 INFO o.a.j.t.JMeterThread: Thread started: jp@gc - Stepping Thread Group 1-7
2026-10-08 17:45:37,397 INFO o.a.j.t.JMeterThread: Thread started: jp@gc - Stepping Thread Group 1-8
2026-10-08 17:45:37,450 INFO o.a.j.t.JMeterThread: Thread started: jp@gc - Stepping Thread Group 1-9
2026-10-08 17:45:37,500 INFO o.a.j.t.JMeterThread: Thread started: jp@gc - Stepping Thread Group 1-10
2026-10-08 17:45:37,550 INFO o.a.j.t.JMeterThread: Thread started: jp@gc - Stepping Thread Group 1-11
2026-10-08 17:45:37,600 INFO o.a.j.t.JMeterThread: Thread started: jp@gc - Stepping Thread Group 1-12
2026-10-08 17:45:37,650 INFO o.a.j.t.JMeterThread: Thread started: jp@gc - Stepping Thread Group 1-13
2026-10-08 17:45:37,698 INFO o.a.j.t.JMeterThread: Thread started: jp@gc - Stepping Thread Group 1-14
2026-10-08 17:45:37,750 INFO o.a.j.t.JMeterThread: Thread started: jp@gc - Stepping Thread Group 1-15
2026-10-08 17:45:37,800 INFO o.a.j.t.JMeterThread: Thread started: jp@gc - Stepping Thread Group 1-16
2026-10-08 17:45:37,850 INFO o.a.j.t.JMeterThread: Thread started: jp@gc - Stepping Thread Group 1-17
2026-10-08 17:45:37,900 INFO o.a.j.t.JMeterThread: Thread started: jp@gc - Stepping Thread Group 1-18
2026-10-08 17:45:37,948 INFO o.a.j.t.JMeterThread: Thread started: jp@gc - Stepping Thread Group 1-19
2026-10-08 17:45:38,000 INFO o.a.j.t.JMeterThread: Thread started: jp@gc - Stepping Thread Group 1-20
2026-10-08 17:45:38,050 INFO o.a.j.t.JMeterThread: Thread started: jp@gc - Stepping Thread Group 1-21
2026-10-08 17:45:38,095 INFO o.a.j.t.JMeterThread: Thread started: jp@gc - Stepping Thread Group 1-22
2026-10-08 17:45:38,147 INFO o.a.j.t.JMeterThread: Thread started: jp@gc - Stepping Thread Group 1-23
2026-10-08 17:45:38,196 INFO o.a.j.t.JMeterThread: Thread started: jp@gc - Stepping Thread Group 1-24
2026-10-08 17:45:38,250 INFO o.a.j.t.JMeterThread: Thread started: jp@gc - Stepping Thread Group 1-25
2026-10-08 17:45:38,300 INFO o.a.j.t.JMeterThread: Thread started: jp@gc - Stepping Thread Group 1-26
2026-10-08 17:45:38,350 INFO o.a.j.t.JMeterThread: Thread started: jp@gc - Stepping Thread Group 1-27
2026-10-08 17:45:38,400 INFO o.a.j.t.JMeterThread: Thread started: jp@gc - Stepping Thread Group 1-28
2026-10-08 17:45:38,450 INFO o.a.j.t.JMeterThread: Thread started: jp@gc - Stepping Thread Group 1-29
2026-10-08 17:45:38,498 INFO o.a.j.t.JMeterThread: Thread started: jp@gc - Stepping Thread Group 1-30
2026-10-08 17:45:38,548 INFO o.a.j.t.JMeterThread: Thread started: jp@gc - Stepping Thread Group 1-31
2026-10-08 17:45:38,600 INFO o.a.j.t.JMeterThread: Thread started: jp@gc - Stepping Thread Group 1-32
2026-10-08 17:45:38,648 INFO o.a.j.t.JMeterThread: Thread started: jp@gc - Stepping Thread Group 1-33
2026-10-08 17:45:38,700 INFO o.a.j.t.JMeterThread: Thread started: jp@gc - Stepping Thread Group 1-34
2026-10-08 17:45:38,750 INFO o.a.j.t.JMeterThread: Thread started: jp@gc - Stepping Thread Group 1-35
2026-10-08 17:45:38,800 INFO o.a.j.t.JMeterThread: Thread started: jp@gc - Stepping Thread Group 1-36
2026-10-08 17:45:38,850 INFO o.a.j.t.JMeterThread: Thread started: jp@gc - Stepping Thread Group 1-37
2026-10-08 17:45:38,900 INFO o.a.j.t.JMeterThread: Thread started: jp@gc - Stepping Thread Group 1-38
2026-10-08 17:45:38,951 INFO o.a.j.t.JMeterThread: Thread started: jp@gc - Stepping Thread Group 1-39
2026-10-08 17:45:38,999 INFO o.a.j.t.JMeterThread: Thread started: jp@gc - Stepping Thread Group 1-40
2026-10-08 17:45:39,051 INFO o.a.j.t.JMeterThread: Thread started: jp@gc - Stepping Thread Group 1-41
2026-10-08 17:45:39,100 INFO o.a.j.t.JMeterThread: Thread started: jp@gc - Stepping Thread Group 1-42
2026-10-08 17:45:39,150 INFO o.a.j.t.JMeterThread: Thread started: jp@gc - Stepping Thread Group 1-43
2026-10-08 17:45:39,197 INFO o.a.j.t.JMeterThread: Thread started: jp@gc - Stepping Thread Group 1-44
2026-10-08 17:45:39,250 INFO o.a.j.t.JMeterThread: Thread started: jp@gc - Stepping Thread Group 1-45
2026-10-08 17:45:39,300 INFO o.a.j.t.JMeterThread: Thread started: jp@gc - Stepping Thread Group 1-46
2026-10-08 17:45:39,350 INFO o.a.j.t.JMeterThread: Thread started: jp@gc - Stepping Thread Group 1-47
2026-10-08 17:45:39,400 INFO o.a.j.t.JMeterThread: Thread started: jp@gc - Stepping Thread Group 1-48
2026-10-08 17:45:39,448 INFO o.a.j.t.JMeterThread: Thread started: jp@gc - Stepping Thread Group 1-49
2026-10-08 17:45:39,500 INFO o.a.j.t.JMeterThread: Thread started: jp@gc - Stepping Thread Group 1-50
2026-10-08 17:45:39,548 INFO o.a.j.t.JMeterThread: Thread started: jp@gc - Stepping Thread Group 1-51
2026-10-08 17:45:39,596 INFO o.a.j.t.JMeterThread: Thread started: jp@gc - Stepping Thread Group 1-52
2026-10-08 17:45:39,650 INFO o.a.j.t.JMeterThread: Thread started: jp@gc - Stepping Thread Group 1-53
2026-10-08 17:45:39,700 INFO o.a.j.t.JMeterThread: Thread started: jp@gc - Stepping Thread Group 1-54
2026-10-08 17:45:39,746 INFO o.a.j.t.JMeterThread: Thread started: jp@gc - Stepping Thread Group 1-55
2026-10-08 17:45:39,800 INFO o.a.j.t.JMeterThread: Thread started: jp@gc - Stepping Thread Group 1-56
2026-10-08 17:45:39,846 INFO o.a.j.t.JMeterThread: Thread started: jp@gc - Stepping Thread Group 1-57
2026-10-08 17:45:39,900 INFO o.a.j.t.JMeterThread: Thread started: jp@gc - Stepping Thread Group 1-58
2026-10-08 17:45:39,949 INFO o.a.j.t.JMeterThread: Thread started: jp@gc - Stepping Thread Group 1-59
2026-10-08 17:45:40,000 INFO o.a.j.t.JMeterThread: Thread started: jp@gc - Stepping Thread Group 1-60
2026-10-08 17:45:40,050 INFO o.a.j.t.JMeterThread: Thread started: jp@gc - Stepping Thread Group 1-61
2026-10-08 17:45:40,099 INFO o.a.j.t.JMeterThread: Thread started: jp@gc - Stepping Thread Group 1-62
2026-10-08 17:45:40,150 INFO o.a.j.t.JMeterThread: Thread started: jp@gc - Stepping Thread Group 1-63
2026-10-08 17:45:40,200 INFO o.a.j.t.JMeterThread: Thread started: jp@gc - Stepping Thread Group 1-64
2026-10-08 17:45:40,247 INFO o.a.j.t.JMeterThread: Thread started: jp@gc - Stepping Thread Group 1-65
2026-10-08 17:45:40,300 INFO o.a.j.t.JMeterThread: Thread started: jp@gc - Stepping Thread Group 1-66
2026-10-08 17:45:40,350 INFO o.a.j.t.JMeterThread: Thread started: jp@gc - Stepping Thread Group 1-67
2026-10-08 17:45:40,401 INFO o.a.j.t.JMeterThread: Thread started: jp@gc - Stepping Thread Group 1-68
2026-10-08 17:45:40,450 INFO o.a.j.t.JMeterThread: Thread started: jp@gc - Stepping Thread Group 1-69
2026-10-08 17:45:40,500 INFO o.a.j.t.JMeterThread: Thread started: jp@gc - Stepping Thread Group 1-70
2026-10-08 17:45:40,550 INFO o.a.j.t.JMeterThread: Thread started: jp@gc - Stepping Thread Group 1-71
2026-10-08 17:45:40,601 INFO o.a.j.t.JMeterThread: Thread started: jp@gc - Stepping Thread Group 1-72
2026-10-08 17:45:40,651 INFO o.a.j.t.JMeterThread: Thread started: jp@gc - Stepping Thread Group 1-73
2026-10-08 17:45:40,700 INFO o.a.j.t.JMeterThread: Thread started: jp@gc - Stepping Thread Group 1-74
2026-10-08 17:45:40,751 INFO o.a.j.t.JMeterThread: Thread started: jp@gc - Stepping Thread Group 1-75
2026-10-08 17:45:40,801 INFO o.a.j.t.JMeterThread: Thread started: jp@gc - Stepping Thread Group 1-76
2026-10-08 17:45:40,850 INFO o.a.j.t.JMeterThread: Thread started: jp@gc - Stepping Thread Group 1-77
2026-10-08 17:45:40,901 INFO o.a.j.t.JMeterThread: Thread started: jp@gc - Stepping Thread Group 1-78
2026-10-08 17:45:40,951 INFO o.a.j.t.JMeterThread: Thread started: jp@gc - Stepping Thread Group 1-79
2026-10-08 17:45:40,999 INFO o.a.j.t.JMeterThread: Thread started: jp@gc - Stepping Thread Group 1-80
2026-10-08 17:45:41,050 INFO o.a.j.t.JMeterThread: Thread started: jp@gc - Stepping Thread Group 1-81
2026-10-08 17:45:41,098 INFO o.a.j.t.JMeterThread: Thread started: jp@gc - Stepping Thread Group 1-82
2026-10-08 17:45:41,149 INFO o.a.j.t.JMeterThread: Thread started: jp@gc - Stepping Thread Group 1-83
2026-10-08 17:45:41,198 INFO o.a.j.t.JMeterThread: Thread started: jp@gc - Stepping Thread Group 1-84
2026-10-08 17:45:41,248 INFO o.a.j.t.JMeterThread: Thread started: jp@gc - Stepping Thread Group 1-85
2026-10-08 17:45:41,296 INFO o.a.j.t.JMeterThread: Thread started: jp@gc - Stepping Thread Group 1-86
2026-10-08 17:45:41,348 INFO o.a.j.t.JMeterThread: Thread started: jp@gc - Stepping Thread Group 1-87
2026-10-08 17:45:41,401 INFO o.a.j.t.JMeterThread: Thread started: jp@gc - Stepping Thread Group 1-88
2026-10-08 17:45:41,447 INFO o.a.j.t.JMeterThread: Thread started: jp@gc - Stepping Thread Group 1-89
2026-10-08 17:45:41,501 INFO o.a.j.t.JMeterThread: Thread started: jp@gc - Stepping Thread Group 1-90
2026-10-08 17:45:41,551 INFO o.a.j.t.JMeterThread: Thread started: jp@gc - Stepping Thread Group 1-91
2026-10-08 17:45:41,596 INFO o.a.j.t.JMeterThread: Thread started: jp@gc - Stepping Thread Group 1-92
2026-10-08 17:45:41,646 INFO o.a.j.t.JMeterThread: Thread started: jp@gc - Stepping Thread Group 1-93
2026-10-08 17:45:41,697 INFO o.a.j.t.JMeterThread: Thread started: jp@gc - Stepping Thread Group 1-94
2026-10-08 17:45:41,745 INFO o.a.j.t.JMeterThread: Thread started: jp@gc - Stepping Thread Group 1-95
2026-10-08 17:45:41,795 INFO o.a.j.t.JMeterThread: Thread started: jp@gc - Stepping Thread Group 1-96
2026-10-08 17:45:41,848 INFO o.a.j.t.JMeterThread: Thread started: jp@gc - Stepping Thread Group 1-97
2026-10-08 17:45:41,900 INFO o.a.j.t.JMeterThread: Thread started: jp@gc - Stepping Thread Group 1-98
2026-10-08 17:45:41,946 INFO o.a.j.t.JMeterThread: Thread started: jp@gc - Stepping Thread Group 1-99
2026-10-08 17:45:42,000 INFO o.a.j.t.JMeterThread: Thread started: jp@gc - Stepping Thread Group 1-100
2026-10-08 17:45:48,049 INFO o.a.j.t.JMeterThread: Thread started: jp@gc - Stepping Thread Group 1-101
2026-10-08 17:45:48,051 INFO o.a.j.t.JMeterThread: Stop Thread seen for thread jp@gc - Stepping Thread Group 1-101, reason: org.apache.jorphan.util.JMeterStopThreadException: End of file:/Users/lisa/Documents/tools/date/tokens.csv detected for CSV DataSet:CSV 数据文件设置 configured with stopThread:true, recycle:false
2026-10-08 17:45:48,051 INFO o.a.j.t.JMeterThread: Thread finished: jp@gc - Stepping Thread Group 1-101
2026-10-08 17:45:48,101 INFO o.a.j.t.JMeterThread: Thread started: jp@gc - Stepping Thread Group 1-102
2026-10-08 17:45:48,101 INFO o.a.j.t.JMeterThread: Stop Thread seen for thread jp@gc - Stepping Thread Group 1-102, reason: org.apache.jorphan.util.JMeterStopThreadException: End of file:/Users/lisa/Documents/tools/date/tokens.csv detected for CSV DataSet:CSV 数据文件设置 configured with stopThread:true, recycle:false
2026-10-08 17:45:48,101 INFO o.a.j.t.JMeterThread: Thread finished: jp@gc - Stepping Thread Group 1-102
2026-10-08 17:45:48,148 INFO o.a.j.t.JMeterThread: Thread started: jp@gc - Stepping Thread Group 1-103
2026-10-08 17:45:48,149 INFO o.a.j.t.JMeterThread: Stop Thread seen for thread jp@gc - Stepping Thread Group 1-103, reason: org.apache.jorphan.util.JMeterStopThreadException: End of file:/Users/lisa/Documents/tools/date/tokens.csv detected for CSV DataSet:CSV 数据文件设置 configured with stopThread:true, recycle:false
2026-10-08 17:45:48,150 INFO o.a.j.t.JMeterThread: Thread finished: jp@gc - Stepping Thread Group 1-103
2026-10-08 17:45:48,200 INFO o.a.j.t.JMeterThread: Thread started: jp@gc - Stepping Thread Group 1-104
2026-10-08 17:45:48,201 INFO o.a.j.t.JMeterThread: Stop Thread seen for thread jp@gc - Stepping Thread Group 1-104, reason: org.apache.jorphan.util.JMeterStopThreadException: End of file:/Users/lisa/Documents/tools/date/tokens.csv detected for CSV DataSet:CSV 数据文件设置 configured with stopThread:true, recycle:false
2026-10-08 17:45:48,201 INFO o.a.j.t.JMeterThread: Thread finished: jp@gc - Stepping Thread Group 1-104
2026-10-08 17:45:48,250 INFO o.a.j.t.JMeterThread: Thread started: jp@gc - Stepping Thread Group 1-105
2026-10-08 17:45:48,251 INFO o.a.j.t.JMeterThread: Stop Thread seen for thread jp@gc - Stepping Thread Group 1-105, reason: org.apache.jorphan.util.JMeterStopThreadException: End of file:/Users/lisa/Documents/tools/date/tokens.csv detected for CSV DataSet:CSV 数据文件设置 configured with stopThread:true, recycle:false
2026-10-08 17:45:48,251 INFO o.a.j.t.JMeterThread: Thread finished: jp@gc - Stepping Thread Group 1-105
2026-10-08 17:45:48,297 INFO o.a.j.t.JMeterThread: Thread started: jp@gc - Stepping Thread Group 1-106
2026-10-08 17:45:48,298 INFO o.a.j.t.JMeterThread: Stop Thread seen for thread jp@gc - Stepping Thread Group 1-106, reason: org.apache.jorphan.util.JMeterStopThreadException: End of file:/Users/lisa/Documents/tools/date/tokens.csv detected for CSV DataSet:CSV 数据文件设置 configured with stopThread:true, recycle:false
2026-10-08 17:45:48,298 INFO o.a.j.t.JMeterThread: Thread finished: jp@gc - Stepping Thread Group 1-106
2026-10-08 17:45:48,348 INFO o.a.j.t.JMeterThread: Thread started: jp@gc - Stepping Thread Group 1-107
2026-10-08 17:45:48,349 INFO o.a.j.t.JMeterThread: Stop Thread seen for thread jp@gc - Stepping Thread Group 1-107, reason: org.apache.jorphan.util.JMeterStopThreadException: End of file:/Users/lisa/Documents/tools/date/tokens.csv detected for CSV DataSet:CSV 数据文件设置 configured with stopThread:true, recycle:false
2026-10-08 17:45:48,349 INFO o.a.j.t.JMeterThread: Thread finished: jp@gc - Stepping Thread Group 1-107
2026-10-08 17:45:48,400 INFO o.a.j.t.JMeterThread: Thread started: jp@gc - Stepping Thread Group 1-108
2026-10-08 17:45:48,401 INFO o.a.j.t.JMeterThread: Stop Thread seen for thread jp@gc - Stepping Thread Group 1-108, reason: org.apache.jorphan.util.JMeterStopThreadException: End of file:/Users/lisa/Documents/tools/date/tokens.csv detected for CSV DataSet:CSV 数据文件设置 configured with stopThread:true, recycle:false
2026-10-08 17:45:48,401 INFO o.a.j.t.JMeterThread: Thread finished: jp@gc - Stepping Thread Group 1-108
2026-10-08 17:45:48,450 INFO o.a.j.t.JMeterThread: Thread started: jp@gc - Stepping Thread Group 1-109
2026-10-08 17:45:48,451 INFO o.a.j.t.JMeterThread: Stop Thread seen for thread jp@gc - Stepping Thread Group 1-109, reason: org.apache.jorphan.util.JMeterStopThreadException: End of file:/Users/lisa/Documents/tools/date/tokens.csv detected for CSV DataSet:CSV 数据文件设置 configured with stopThread:true, recycle:false
2026-10-08 17:45:48,451 INFO o.a.j.t.JMeterThread: Thread finished: jp@gc - Stepping Thread Group 1-109
2026-10-08 17:45:48,496 INFO o.a.j.t.JMeterThread: Thread started: jp@gc - Stepping Thread Group 1-110
2026-10-08 17:45:48,496 INFO o.a.j.t.JMeterThread: Stop Thread seen for thread jp@gc - Stepping Thread Group 1-110, reason: org.apache.jorphan.util.JMeterStopThreadException: End of file:/Users/lisa/Documents/tools/date/tokens.csv detected for CSV DataSet:CSV 数据文件设置 configured with stopThread:true, recycle:false
2026-10-08 17:45:48,496 INFO o.a.j.t.JMeterThread: Thread finished: jp@gc - Stepping Thread Group 1-110
2026-10-08 17:45:48,550 INFO o.a.j.t.JMeterThread: Thread started: jp@gc - Stepping Thread Group 1-111
2026-10-08 17:45:48,551 INFO o.a.j.t.JMeterThread: Stop Thread seen for thread jp@gc - Stepping Thread Group 1-111, reason: org.apache.jorphan.util.JMeterStopThreadException: End of file:/Users/lisa/Documents/tools/date/tokens.csv detected for CSV DataSet:CSV 数据文件设置 configured with stopThread:true, recycle:false
2026-10-08 17:45:48,551 INFO o.a.j.t.JMeterThread: Thread finished: jp@gc - Stepping Thread Group 1-111
2026-10-08 17:45:48,596 INFO o.a.j.t.JMeterThread: Thread started: jp@gc - Stepping Thread Group 1-112
2026-10-08 17:45:48,597 INFO o.a.j.t.JMeterThread: Stop Thread seen for thread jp@gc - Stepping Thread Group 1-112, reason: org.apache.jorphan.util.JMeterStopThreadException: End of file:/Users/lisa/Documents/tools/date/tokens.csv detected for CSV DataSet:CSV 数据文件设置 configured with stopThread:true, recycle:false
2026-10-08 17:45:48,597 INFO o.a.j.t.JMeterThread: Thread finished: jp@gc - Stepping Thread Group 1-112
2026-10-08 17:45:48,648 INFO o.a.j.t.JMeterThread: Thread started: jp@gc - Stepping Thread Group 1-113
2026-10-08 17:45:48,649 INFO o.a.j.t.JMeterThread: Stop Thread seen for thread jp@gc - Stepping Thread Group 1-113, reason: org.apache.jorphan.util.JMeterStopThreadException: End of file:/Users/lisa/Documents/tools/date/tokens.csv detected for CSV DataSet:CSV 数据文件设置 configured with stopThread:true, recycle:false
2026-10-08 17:45:48,649 INFO o.a.j.t.JMeterThread: Thread finished: jp@gc - Stepping Thread Group 1-113
2026-10-08 17:45:48,701 INFO o.a.j.t.JMeterThread: Thread started: jp@gc - Stepping Thread Group 1-114
2026-10-08 17:45:48,701 INFO o.a.j.t.JMeterThread: Stop Thread seen for thread jp@gc - Stepping Thread Group 1-114, reason: org.apache.jorphan.util.JMeterStopThreadException: End of file:/Users/lisa/Documents/tools/date/tokens.csv detected for CSV DataSet:CSV 数据文件设置 configured with stopThread:true, recycle:false
2026-10-08 17:45:48,702 INFO o.a.j.t.JMeterThread: Thread finished: jp@gc - Stepping Thread Group 1-114
2026-10-08 17:45:48,748 INFO o.a.j.t.JMeterThread: Thread started: jp@gc - Stepping Thread Group 1-115
2026-10-08 17:45:48,749 INFO o.a.j.t.JMeterThread: Stop Thread seen for thread jp@gc - Stepping Thread Group 1-115, reason: org.apache.jorphan.util.JMeterStopThreadException: End of file:/Users/lisa/Documents/tools/date/tokens.csv detected for CSV DataSet:CSV 数据文件设置 configured with stopThread:true, recycle:false
2026-10-08 17:45:48,749 INFO o.a.j.t.JMeterThread: Thread finished: jp@gc - Stepping Thread Group 1-115
2026-10-08 17:45:48,801 INFO o.a.j.t.JMeterThread: Thread started: jp@gc - Stepping Thread Group 1-116
2026-10-08 17:45:48,801 INFO o.a.j.t.JMeterThread: Stop Thread seen for thread jp@gc - Stepping Thread Group 1-116, reason: org.apache.jorphan.util.JMeterStopThreadException: End of file:/Users/lisa/Documents/tools/date/tokens.csv detected for CSV DataSet:CSV 数据文件设置 configured with stopThread:true, recycle:false
2026-10-08 17:45:48,801 INFO o.a.j.t.JMeterThread: Thread finished: jp@gc - Stepping Thread Group 1-116
2026-10-08 17:45:48,850 INFO o.a.j.t.JMeterThread: Thread started: jp@gc - Stepping Thread Group 1-117
2026-10-08 17:45:48,850 INFO o.a.j.t.JMeterThread: Stop Thread seen for thread jp@gc - Stepping Thread Group 1-117, reason: org.apache.jorphan.util.JMeterStopThreadException: End of file:/Users/lisa/Documents/tools/date/tokens.csv detected for CSV DataSet:CSV 数据文件设置 configured with stopThread:true, recycle:false
2026-10-08 17:45:48,850 INFO o.a.j.t.JMeterThread: Thread finished: jp@gc - Stepping Thread Group 1-117
2026-10-08 17:45:48,900 INFO o.a.j.t.JMeterThread: Thread started: jp@gc - Stepping Thread Group 1-118
2026-10-08 17:45:48,901 INFO o.a.j.t.JMeterThread: Stop Thread seen for thread jp@gc - Stepping Thread Group 1-118, reason: org.apache.jorphan.util.JMeterStopThreadException: End of file:/Users/lisa/Documents/tools/date/tokens.csv detected for CSV DataSet:CSV 数据文件设置 configured with stopThread:true, recycle:false
2026-10-08 17:45:48,901 INFO o.a.j.t.JMeterThread: Thread finished: jp@gc - Stepping Thread Group 1-118
2026-10-08 17:45:48,950 INFO o.a.j.t.JMeterThread: Thread started: jp@gc - Stepping Thread Group 1-119
2026-10-08 17:45:48,951 INFO o.a.j.t.JMeterThread: Stop Thread seen for thread jp@gc - Stepping Thread Group 1-119, reason: org.apache.jorphan.util.JMeterStopThreadException: End of file:/Users/lisa/Documents/tools/date/tokens.csv detected for CSV DataSet:CSV 数据文件设置 configured with stopThread:true, recycle:false
2026-10-08 17:45:48,951 INFO o.a.j.t.JMeterThread: Thread finished: jp@gc - Stepping Thread Group 1-119
2026-10-08 17:45:49,001 INFO o.a.j.t.JMeterThread: Thread started: jp@gc - Stepping Thread Group 1-120
2026-10-08 17:45:49,002 INFO o.a.j.t.JMeterThread: Stop Thread seen for thread jp@gc - Stepping Thread Group 1-120, reason: org.apache.jorphan.util.JMeterStopThreadException: End of file:/Users/lisa/Documents/tools/date/tokens.csv detected for CSV DataSet:CSV 数据文件设置 configured with stopThread:true, recycle:false
2026-10-08 17:45:49,002 INFO o.a.j.t.JMeterThread: Thread finished: jp@gc - Stepping Thread Group 1-120
2026-10-08 17:45:49,047 INFO o.a.j.t.JMeterThread: Thread started: jp@gc - Stepping Thread Group 1-121
2026-10-08 17:45:49,048 INFO o.a.j.t.JMeterThread: Stop Thread seen for thread jp@gc - Stepping Thread Group 1-121, reason: org.apache.jorphan.util.JMeterStopThreadException: End of file:/Users/lisa/Documents/tools/date/tokens.csv detected for CSV DataSet:CSV 数据文件设置 configured with stopThread:true, recycle:false
2026-10-08 17:45:49,048 INFO o.a.j.t.JMeterThread: Thread finished: jp@gc - Stepping Thread Group 1-121
2026-10-08 17:45:49,100 INFO o.a.j.t.JMeterThread: Thread started: jp@gc - Stepping Thread Group 1-122
2026-10-08 17:45:49,101 INFO o.a.j.t.JMeterThread: Stop Thread seen for thread jp@gc - Stepping Thread Group 1-122, reason: org.apache.jorphan.util.JMeterStopThreadException: End of file:/Users/lisa/Documents/tools/date/tokens.csv detected for CSV DataSet:CSV 数据文件设置 configured with stopThread:true, recycle:false
2026-10-08 17:45:49,101 INFO o.a.j.t.JMeterThread: Thread finished: jp@gc - Stepping Thread Group 1-122
2026-10-08 17:45:49,149 INFO o.a.j.t.JMeterThread: Thread started: jp@gc - Stepping Thread Group 1-123
2026-10-08 17:45:49,149 INFO o.a.j.t.JMeterThread: Stop Thread seen for thread jp@gc - Stepping Thread Group 1-123, reason: org.apache.jorphan.util.JMeterStopThreadException: End of file:/Users/lisa/Documents/tools/date/tokens.csv detected for CSV DataSet:CSV 数据文件设置 configured with stopThread:true, recycle:false
2026-10-08 17:45:49,149 INFO o.a.j.t.JMeterThread: Thread finished: jp@gc - Stepping Thread Group 1-123
2026-10-08 17:45:49,197 INFO o.a.j.t.JMeterThread: Thread started: jp@gc - Stepping Thread Group 1-124
2026-10-08 17:45:49,197 INFO o.a.j.t.JMeterThread: Stop Thread seen for thread jp@gc - Stepping Thread Group 1-124, reason: org.apache.jorphan.util.JMeterStopThreadException: End of file:/Users/lisa/Documents/tools/date/tokens.csv detected for CSV DataSet:CSV 数据文件设置 configured with stopThread:true, recycle:false
2026-10-08 17:45:49,197 INFO o.a.j.t.JMeterThread: Thread finished: jp@gc - Stepping Thread Group 1-124
2026-10-08 17:45:49,250 INFO o.a.j.t.JMeterThread: Thread started: jp@gc - Stepping Thread Group 1-125
2026-10-08 17:45:49,251 INFO o.a.j.t.JMeterThread: Stop Thread seen for thread jp@gc - Stepping Thread Group 1-125, reason: org.apache.jorphan.util.JMeterStopThreadException: End of file:/Users/lisa/Documents/tools/date/tokens.csv detected for CSV DataSet:CSV 数据文件设置 configured with stopThread:true, recycle:false
2026-10-08 17:45:49,251 INFO o.a.j.t.JMeterThread: Thread finished: jp@gc - Stepping Thread Group 1-125
2026-10-08 17:45:49,300 INFO o.a.j.t.JMeterThread: Thread started: jp@gc - Stepping Thread Group 1-126
2026-10-08 17:45:49,300 INFO o.a.j.t.JMeterThread: Stop Thread seen for thread jp@gc - Stepping Thread Group 1-126, reason: org.apache.jorphan.util.JMeterStopThreadException: End of file:/Users/lisa/Documents/tools/date/tokens.csv detected for CSV DataSet:CSV 数据文件设置 configured with stopThread:true, recycle:false
2026-10-08 17:45:49,300 INFO o.a.j.t.JMeterThread: Thread finished: jp@gc - Stepping Thread Group 1-126
2026-10-08 17:45:49,350 INFO o.a.j.t.JMeterThread: Thread started: jp@gc - Stepping Thread Group 1-127
2026-10-08 17:45:49,351 INFO o.a.j.t.JMeterThread: Stop Thread seen for thread jp@gc - Stepping Thread Group 1-127, reason: org.apache.jorphan.util.JMeterStopThreadException: End of file:/Users/lisa/Documents/tools/date/tokens.csv detected for CSV DataSet:CSV 数据文件设置 configured with stopThread:true, recycle:false
2026-10-08 17:45:49,351 INFO o.a.j.t.JMeterThread: Thread finished: jp@gc - Stepping Thread Group 1-127
2026-10-08 17:45:49,401 INFO o.a.j.t.JMeterThread: Thread started: jp@gc - Stepping Thread Group 1-128
2026-10-08 17:45:49,401 INFO o.a.j.t.JMeterThread: Stop Thread seen for thread jp@gc - Stepping Thread Group 1-128, reason: org.apache.jorphan.util.JMeterStopThreadException: End of file:/Users/lisa/Documents/tools/date/tokens.csv detected for CSV DataSet:CSV 数据文件设置 configured with stopThread:true, recycle:false
2026-10-08 17:45:49,401 INFO o.a.j.t.JMeterThread: Thread finished: jp@gc - Stepping Thread Group 1-128
2026-10-08 17:45:49,451 INFO o.a.j.t.JMeterThread: Thread started: jp@gc - Stepping Thread Group 1-129
2026-10-08 17:45:49,451 INFO o.a.j.t.JMeterThread: Stop Thread seen for thread jp@gc - Stepping Thread Group 1-129, reason: org.apache.jorphan.util.JMeterStopThreadException: End of file:/Users/lisa/Documents/tools/date/tokens.csv detected for CSV DataSet:CSV 数据文件设置 configured with stopThread:true, recycle:false
2026-10-08 17:45:49,452 INFO o.a.j.t.JMeterThread: Thread finished: jp@gc - Stepping Thread Group 1-129
2026-10-08 17:45:49,500 INFO o.a.j.t.JMeterThread: Thread started: jp@gc - Stepping Thread Group 1-130
2026-10-08 17:45:49,501 INFO o.a.j.t.JMeterThread: Stop Thread seen for thread jp@gc - Stepping Thread Group 1-130, reason: org.apache.jorphan.util.JMeterStopThreadException: End of file:/Users/lisa/Documents/tools/date/tokens.csv detected for CSV DataSet:CSV 数据文件设置 configured with stopThread:true, recycle:false
2026-10-08 17:45:49,502 INFO o.a.j.t.JMeterThread: Thread finished: jp@gc - Stepping Thread Group 1-130
2026-10-08 17:45:49,551 INFO o.a.j.t.JMeterThread: Thread started: jp@gc - Stepping Thread Group 1-131
2026-10-08 17:45:49,551 INFO o.a.j.t.JMeterThread: Stop Thread seen for thread jp@gc - Stepping Thread Group 1-131, reason: org.apache.jorphan.util.JMeterStopThreadException: End of file:/Users/lisa/Documents/tools/date/tokens.csv detected for CSV DataSet:CSV 数据文件设置 configured with stopThread:true, recycle:false
2026-10-08 17:45:49,551 INFO o.a.j.t.JMeterThread: Thread finished: jp@gc - Stepping Thread Group 1-131
2026-10-08 17:45:49,600 INFO o.a.j.t.JMeterThread: Thread started: jp@gc - Stepping Thread Group 1-132
2026-10-08 17:45:49,601 INFO o.a.j.t.JMeterThread: Stop Thread seen for thread jp@gc - Stepping Thread Group 1-132, reason: org.apache.jorphan.util.JMeterStopThreadException: End of file:/Users/lisa/Documents/tools/date/tokens.csv detected for CSV DataSet:CSV 数据文件设置 configured with stopThread:true, recycle:false
2026-10-08 17:45:49,601 INFO o.a.j.t.JMeterThread: Thread finished: jp@gc - Stepping Thread Group 1-132
2026-10-08 17:45:49,650 INFO o.a.j.t.JMeterThread: Thread started: jp@gc - Stepping Thread Group 1-133
2026-10-08 17:45:49,651 INFO o.a.j.t.JMeterThread: Stop Thread seen for thread jp@gc - Stepping Thread Group 1-133, reason: org.apache.jorphan.util.JMeterStopThreadException: End of file:/Users/lisa/Documents/tools/date/tokens.csv detected for CSV DataSet:CSV 数据文件设置 configured with stopThread:true, recycle:false
2026-10-08 17:45:49,651 INFO o.a.j.t.JMeterThread: Thread finished: jp@gc - Stepping Thread Group 1-133
2026-10-08 17:45:49,696 INFO o.a.j.t.JMeterThread: Thread started: jp@gc - Stepping Thread Group 1-134
2026-10-08 17:45:49,697 INFO o.a.j.t.JMeterThread: Stop Thread seen for thread jp@gc - Stepping Thread Group 1-134, reason: org.apache.jorphan.util.JMeterStopThreadException: End of file:/Users/lisa/Documents/tools/date/tokens.csv detected for CSV DataSet:CSV 数据文件设置 configured with stopThread:true, recycle:false
2026-10-08 17:45:49,697 INFO o.a.j.t.JMeterThread: Thread finished: jp@gc - Stepping Thread Group 1-134
2026-10-08 17:45:49,750 INFO o.a.j.t.JMeterThread: Thread started: jp@gc - Stepping Thread Group 1-135
2026-10-08 17:45:49,751 INFO o.a.j.t.JMeterThread: Stop Thread seen for thread jp@gc - Stepping Thread Group 1-135, reason: org.apache.jorphan.util.JMeterStopThreadException: End of file:/Users/lisa/Documents/tools/date/tokens.csv detected for CSV DataSet:CSV 数据文件设置 configured with stopThread:true, recycle:false
2026-10-08 17:45:49,751 INFO o.a.j.t.JMeterThread: Thread finished: jp@gc - Stepping Thread Group 1-135
2026-10-08 17:45:49,800 INFO o.a.j.t.JMeterThread: Thread started: jp@gc - Stepping Thread Group 1-136
2026-10-08 17:45:49,800 INFO o.a.j.t.JMeterThread: Stop Thread seen for thread jp@gc - Stepping Thread Group 1-136, reason: org.apache.jorphan.util.JMeterStopThreadException: End of file:/Users/lisa/Documents/tools/date/tokens.csv detected for CSV DataSet:CSV 数据文件设置 configured with stopThread:true, recycle:false
2026-10-08 17:45:49,801 INFO o.a.j.t.JMeterThread: Thread finished: jp@gc - Stepping Thread Group 1-136
2026-10-08 17:45:49,850 INFO o.a.j.t.JMeterThread: Thread started: jp@gc - Stepping Thread Group 1-137
2026-10-08 17:45:49,851 INFO o.a.j.t.JMeterThread: Stop Thread seen for thread jp@gc - Stepping Thread Group 1-137, reason: org.apache.jorphan.util.JMeterStopThreadException: End of file:/Users/lisa/Documents/tools/date/tokens.csv detected for CSV DataSet:CSV 数据文件设置 configured with stopThread:true, recycle:false
2026-10-08 17:45:49,851 INFO o.a.j.t.JMeterThread: Thread finished: jp@gc - Stepping Thread Group 1-137
2026-10-08 17:45:49,900 INFO o.a.j.t.JMeterThread: Thread started: jp@gc - Stepping Thread Group 1-138
2026-10-08 17:45:49,901 INFO o.a.j.t.JMeterThread: Stop Thread seen for thread jp@gc - Stepping Thread Group 1-138, reason: org.apache.jorphan.util.JMeterStopThreadException: End of file:/Users/lisa/Documents/tools/date/tokens.csv detected for CSV DataSet:CSV 数据文件设置 configured with stopThread:true, recycle:false
2026-10-08 17:45:49,901 INFO o.a.j.t.JMeterThread: Thread finished: jp@gc - Stepping Thread Group 1-138
2026-10-08 17:45:49,951 INFO o.a.j.t.JMeterThread: Thread started: jp@gc - Stepping Thread Group 1-139
2026-10-08 17:45:49,952 INFO o.a.j.t.JMeterThread: Stop Thread seen for thread jp@gc - Stepping Thread Group 1-139, reason: org.apache.jorphan.util.JMeterStopThreadException: End of file:/Users/lisa/Documents/tools/date/tokens.csv detected for CSV DataSet:CSV 数据文件设置 configured with stopThread:true, recycle:false
2026-10-08 17:45:49,952 INFO o.a.j.t.JMeterThread: Thread finished: jp@gc - Stepping Thread Group 1-139
2026-10-08 17:45:50,000 INFO o.a.j.t.JMeterThread: Thread started: jp@gc - Stepping Thread Group 1-140
2026-10-08 17:45:50,001 INFO o.a.j.t.JMeterThread: Stop Thread seen for thread jp@gc - Stepping Thread Group 1-140, reason: org.apache.jorphan.util.JMeterStopThreadException: End of file:/Users/lisa/Documents/tools/date/tokens.csv detected for CSV DataSet:CSV 数据文件设置 configured with stopThread:true, recycle:false
2026-10-08 17:45:50,001 INFO o.a.j.t.JMeterThread: Thread finished: jp@gc - Stepping Thread Group 1-140
2026-10-08 17:45:50,050 INFO o.a.j.t.JMeterThread: Thread started: jp@gc - Stepping Thread Group 1-141
2026-10-08 17:45:50,050 INFO o.a.j.t.JMeterThread: Stop Thread seen for thread jp@gc - Stepping Thread Group 1-141, reason: org.apache.jorphan.util.JMeterStopThreadException: End of file:/Users/lisa/Documents/tools/date/tokens.csv detected for CSV DataSet:CSV 数据文件设置 configured with stopThread:true, recycle:false
2026-10-08 17:45:50,050 INFO o.a.j.t.JMeterThread: Thread finished: jp@gc - Stepping Thread Group 1-141
2026-10-08 17:45:50,100 INFO o.a.j.t.JMeterThread: Thread started: jp@gc - Stepping Thread Group 1-142
2026-10-08 17:45:50,101 INFO o.a.j.t.JMeterThread: Stop Thread seen for thread jp@gc - Stepping Thread Group 1-142, reason: org.apache.jorphan.util.JMeterStopThreadException: End of file:/Users/lisa/Documents/tools/date/tokens.csv detected for CSV DataSet:CSV 数据文件设置 configured with stopThread:true, recycle:false
2026-10-08 17:45:50,101 INFO o.a.j.t.JMeterThread: Thread finished: jp@gc - Stepping Thread Group 1-142
2026-10-08 17:45:50,149 INFO o.a.j.t.JMeterThread: Thread started: jp@gc - Stepping Thread Group 1-143
2026-10-08 17:45:50,150 INFO o.a.j.t.JMeterThread: Stop Thread seen for thread jp@gc - Stepping Thread Group 1-143, reason: org.apache.jorphan.util.JMeterStopThreadException: End of file:/Users/lisa/Documents/tools/date/tokens.csv detected for CSV DataSet:CSV 数据文件设置 configured with stopThread:true, recycle:false
2026-10-08 17:45:50,150 INFO o.a.j.t.JMeterThread: Thread finished: jp@gc - Stepping Thread Group 1-143
2026-10-08 17:45:50,200 INFO o.a.j.t.JMeterThread: Thread started: jp@gc - Stepping Thread Group 1-144
2026-10-08 17:45:50,206 INFO o.a.j.t.JMeterThread: Stop Thread seen for thread jp@gc - Stepping Thread Group 1-144, reason: org.apache.jorphan.util.JMeterStopThreadException: End of file:/Users/lisa/Documents/tools/date/tokens.csv detected for CSV DataSet:CSV 数据文件设置 configured with stopThread:true, recycle:false
2026-10-08 17:45:50,206 INFO o.a.j.t.JMeterThread: Thread finished: jp@gc - Stepping Thread Group 1-144
2026-10-08 17:45:50,247 INFO o.a.j.t.JMeterThread: Thread started: jp@gc - Stepping Thread Group 1-145
2026-10-08 17:45:50,248 INFO o.a.j.t.JMeterThread: Stop Thread seen for thread jp@gc - Stepping Thread Group 1-145, reason: org.apache.jorphan.util.JMeterStopThreadException: End of file:/Users/lisa/Documents/tools/date/tokens.csv detected for CSV DataSet:CSV 数据文件设置 configured with stopThread:true, recycle:false
2026-10-08 17:45:50,248 INFO o.a.j.t.JMeterThread: Thread finished: jp@gc - Stepping Thread Group 1-145
2026-10-08 17:45:50,299 INFO o.a.j.t.JMeterThread: Thread started: jp@gc - Stepping Thread Group 1-146
2026-10-08 17:45:50,300 INFO o.a.j.t.JMeterThread: Stop Thread seen for thread jp@gc - Stepping Thread Group 1-146, reason: org.apache.jorphan.util.JMeterStopThreadException: End of file:/Users/lisa/Documents/tools/date/tokens.csv detected for CSV DataSet:CSV 数据文件设置 configured with stopThread:true, recycle:false
2026-10-08 17:45:50,300 INFO o.a.j.t.JMeterThread: Thread finished: jp@gc - Stepping Thread Group 1-146
2026-10-08 17:45:50,350 INFO o.a.j.t.JMeterThread: Thread started: jp@gc - Stepping Thread Group 1-147
2026-10-08 17:45:50,351 INFO o.a.j.t.JMeterThread: Stop Thread seen for thread jp@gc - Stepping Thread Group 1-147, reason: org.apache.jorphan.util.JMeterStopThreadException: End of file:/Users/lisa/Documents/tools/date/tokens.csv detected for CSV DataSet:CSV 数据文件设置 configured with stopThread:true, recycle:false
2026-10-08 17:45:50,351 INFO o.a.j.t.JMeterThread: Thread finished: jp@gc - Stepping Thread Group 1-147
2026-10-08 17:45:50,400 INFO o.a.j.t.JMeterThread: Thread started: jp@gc - Stepping Thread Group 1-148
2026-10-08 17:45:50,400 INFO o.a.j.t.JMeterThread: Stop Thread seen for thread jp@gc - Stepping Thread Group 1-148, reason: org.apache.jorphan.util.JMeterStopThreadException: End of file:/Users/lisa/Documents/tools/date/tokens.csv detected for CSV DataSet:CSV 数据文件设置 configured with stopThread:true, recycle:false
2026-10-08 17:45:50,400 INFO o.a.j.t.JMeterThread: Thread finished: jp@gc - Stepping Thread Group 1-148
2026-10-08 17:45:50,446 INFO o.a.j.t.JMeterThread: Thread started: jp@gc - Stepping Thread Group 1-149
2026-10-08 17:45:50,446 INFO o.a.j.t.JMeterThread: Stop Thread seen for thread jp@gc - Stepping Thread Group 1-149, reason: org.apache.jorphan.util.JMeterStopThreadException: End of file:/Users/lisa/Documents/tools/date/tokens.csv detected for CSV DataSet:CSV 数据文件设置 configured with stopThread:true, recycle:false
2026-10-08 17:45:50,446 INFO o.a.j.t.JMeterThread: Thread finished: jp@gc - Stepping Thread Group 1-149
2026-10-08 17:45:50,500 INFO o.a.j.t.JMeterThread: Thread started: jp@gc - Stepping Thread Group 1-150
2026-10-08 17:45:50,501 INFO o.a.j.t.JMeterThread: Stop Thread seen for thread jp@gc - Stepping Thread Group 1-150, reason: org.apache.jorphan.util.JMeterStopThreadException: End of file:/Users/lisa/Documents/tools/date/tokens.csv detected for CSV DataSet:CSV 数据文件设置 configured with stopThread:true, recycle:false
2026-10-08 17:45:50,501 INFO o.a.j.t.JMeterThread: Thread finished: jp@gc - Stepping Thread Group 1-150
2026-10-08 17:45:50,546 INFO o.a.j.t.JMeterThread: Thread started: jp@gc - Stepping Thread Group 1-151
2026-10-08 17:45:50,546 INFO o.a.j.t.JMeterThread: Stop Thread seen for thread jp@gc - Stepping Thread Group 1-151, reason: org.apache.jorphan.util.JMeterStopThreadException: End of file:/Users/lisa/Documents/tools/date/tokens.csv detected for CSV DataSet:CSV 数据文件设置 configured with stopThread:true, recycle:false
2026-10-08 17:45:50,546 INFO o.a.j.t.JMeterThread: Thread finished: jp@gc - Stepping Thread Group 1-151
2026-10-08 17:45:50,597 INFO o.a.j.t.JMeterThread: Thread started: jp@gc - Stepping Thread Group 1-152
2026-10-08 17:45:50,597 INFO o.a.j.t.JMeterThread: Stop Thread seen for thread jp@gc - Stepping Thread Group 1-152, reason: org.apache.jorphan.util.JMeterStopThreadException: End of file:/Users/lisa/Documents/tools/date/tokens.csv detected for CSV DataSet:CSV 数据文件设置 configured with stopThread:true, recycle:false
2026-10-08 17:45:50,597 INFO o.a.j.t.JMeterThread: Thread finished: jp@gc - Stepping Thread Group 1-152
2026-10-08 17:45:50,649 INFO o.a.j.t.JMeterThread: Thread started: jp@gc - Stepping Thread Group 1-153
2026-10-08 17:45:50,650 INFO o.a.j.t.JMeterThread: Stop Thread seen for thread jp@gc - Stepping Thread Group 1-153, reason: org.apache.jorphan.util.JMeterStopThreadException: End of file:/Users/lisa/Documents/tools/date/tokens.csv detected for CSV DataSet:CSV 数据文件设置 configured with stopThread:true, recycle:false
2026-10-08 17:45:50,650 INFO o.a.j.t.JMeterThread: Thread finished: jp@gc - Stepping Thread Group 1-153
2026-10-08 17:45:50,695 INFO o.a.j.t.JMeterThread: Thread started: jp@gc - Stepping Thread Group 1-154
2026-10-08 17:45:50,696 INFO o.a.j.t.JMeterThread: Stop Thread seen for thread jp@gc - Stepping Thread Group 1-154, reason: org.apache.jorphan.util.JMeterStopThreadException: End of file:/Users/lisa/Documents/tools/date/tokens.csv detected for CSV DataSet:CSV 数据文件设置 configured with stopThread:true, recycle:false
2026-10-08 17:45:50,696 INFO o.a.j.t.JMeterThread: Thread finished: jp@gc - Stepping Thread Group 1-154
2026-10-08 17:45:50,748 INFO o.a.j.t.JMeterThread: Thread started: jp@gc - Stepping Thread Group 1-155
2026-10-08 17:45:50,749 INFO o.a.j.t.JMeterThread: Stop Thread seen for thread jp@gc - Stepping Thread Group 1-155, reason: org.apache.jorphan.util.JMeterStopThreadException: End of file:/Users/lisa/Documents/tools/date/tokens.csv detected for CSV DataSet:CSV 数据文件设置 configured with stopThread:true, recycle:false
2026-10-08 17:45:50,749 INFO o.a.j.t.JMeterThread: Thread finished: jp@gc - Stepping Thread Group 1-155
2026-10-08 17:45:50,800 INFO o.a.j.t.JMeterThread: Thread started: jp@gc - Stepping Thread Group 1-156
2026-10-08 17:45:50,801 INFO o.a.j.t.JMeterThread: Stop Thread seen for thread jp@gc - Stepping Thread Group 1-156, reason: org.apache.jorphan.util.JMeterStopThreadException: End of file:/Users/lisa/Documents/tools/date/tokens.csv detected for CSV DataSet:CSV 数据文件设置 configured with stopThread:true, recycle:false
2026-10-08 17:45:50,801 INFO o.a.j.t.JMeterThread: Thread finished: jp@gc - Stepping Thread Group 1-156
2026-10-08 17:45:50,813 INFO o.a.j.t.JMeterThread: Stop Thread seen for thread jp@gc - Stepping Thread Group 1-70, reason: org.apache.jorphan.util.JMeterStopThreadException: End of file:/Users/lisa/Documents/tools/date/tokens.csv detected for CSV DataSet:CSV 数据文件设置 configured with stopThread:true, recycle:false
2026-10-08 17:45:50,813 INFO o.a.j.t.JMeterThread: Thread finished: jp@gc - Stepping Thread Group 1-70
2026-10-08 17:45:50,821 INFO o.a.j.t.JMeterThread: Stop Thread seen for thread jp@gc - Stepping Thread Group 1-71, reason: org.apache.jorphan.util.JMeterStopThreadException: End of file:/Users/lisa/Documents/tools/date/tokens.csv detected for CSV DataSet:CSV 数据文件设置 configured with stopThread:true, recycle:false
2026-10-08 17:45:50,822 INFO o.a.j.t.JMeterThread: Thread finished: jp@gc - Stepping Thread Group 1-71
2026-10-08 17:45:50,829 INFO o.a.j.t.JMeterThread: Stop Thread seen for thread jp@gc - Stepping Thread Group 1-61, reason: org.apache.jorphan.util.JMeterStopThreadException: End of file:/Users/lisa/Documents/tools/date/tokens.csv detected for CSV DataSet:CSV 数据文件设置 configured with stopThread:true, recycle:false
2026-10-08 17:45:50,829 INFO o.a.j.t.JMeterThread: Thread finished: jp@gc - Stepping Thread Group 1-61
2026-10-08 17:45:50,838 INFO o.a.j.t.JMeterThread: Stop Thread seen for thread jp@gc - Stepping Thread Group 1-69, reason: org.apache.jorphan.util.JMeterStopThreadException: End of file:/Users/lisa/Documents/tools/date/tokens.csv detected for CSV DataSet:CSV 数据文件设置 configured with stopThread:true, recycle:false
2026-10-08 17:45:50,838 INFO o.a.j.t.JMeterThread: Thread finished: jp@gc - Stepping Thread Group 1-69
2026-10-08 17:45:50,846 INFO o.a.j.t.JMeterThread: Stop Thread seen for thread jp@gc - Stepping Thread Group 1-58, reason: org.apache.jorphan.util.JMeterStopThreadException: End of file:/Users/lisa/Documents/tools/date/tokens.csv detected for CSV DataSet:CSV 数据文件设置 configured with stopThread:true, recycle:false
2026-10-08 17:45:50,846 INFO o.a.j.t.JMeterThread: Thread finished: jp@gc - Stepping Thread Group 1-58
2026-10-08 17:45:50,847 INFO o.a.j.t.JMeterThread: Thread started: jp@gc - Stepping Thread Group 1-157
2026-10-08 17:45:50,848 INFO o.a.j.t.JMeterThread: Stop Thread seen for thread jp@gc - Stepping Thread Group 1-157, reason: org.apache.jorphan.util.JMeterStopThreadException: End of file:/Users/lisa/Documents/tools/date/tokens.csv detected for CSV DataSet:CSV 数据文件设置 configured with stopThread:true, recycle:false
2026-10-08 17:45:50,848 INFO o.a.j.t.JMeterThread: Thread finished: jp@gc - Stepping Thread Group 1-157
2026-10-08 17:45:50,900 INFO o.a.j.t.JMeterThread: Thread started: jp@gc - Stepping Thread Group 1-158
2026-10-08 17:45:50,901 INFO o.a.j.t.JMeterThread: Stop Thread seen for thread jp@gc - Stepping Thread Group 1-158, reason: org.apache.jorphan.util.JMeterStopThreadException: End of file:/Users/lisa/Documents/tools/date/tokens.csv detected for CSV DataSet:CSV 数据文件设置 configured with stopThread:true, recycle:false
2026-10-08 17:45:50,901 INFO o.a.j.t.JMeterThread: Thread finished: jp@gc - Stepping Thread Group 1-158
2026-10-08 17:45:50,908 INFO o.a.j.t.JMeterThread: Stop Thread seen for thread jp@gc - Stepping Thread Group 1-53, reason: org.apache.jorphan.util.JMeterStopThreadException: End of file:/Users/lisa/Documents/tools/date/tokens.csv detected for CSV DataSet:CSV 数据文件设置 configured with stopThread:true, recycle:false
2026-10-08 17:45:50,908 INFO o.a.j.t.JMeterThread: Thread finished: jp@gc - Stepping Thread Group 1-53
2026-10-08 17:45:50,921 INFO o.a.j.t.JMeterThread: Stop Thread seen for thread jp@gc - Stepping Thread Group 1-62, reason: org.apache.jorphan.util.JMeterStopThreadException: End of file:/Users/lisa/Documents/tools/date/tokens.csv detected for CSV DataSet:CSV 数据文件设置 configured with stopThread:true, recycle:false
2026-10-08 17:45:50,921 INFO o.a.j.t.JMeterThread: Thread finished: jp@gc - Stepping Thread Group 1-62
2026-10-08 17:45:50,947 INFO o.a.j.t.JMeterThread: Thread started: jp@gc - Stepping Thread Group 1-159
2026-10-08 17:45:50,948 INFO o.a.j.t.JMeterThread: Stop Thread seen for thread jp@gc - Stepping Thread Group 1-159, reason: org.apache.jorphan.util.JMeterStopThreadException: End of file:/Users/lisa/Documents/tools/date/tokens.csv detected for CSV DataSet:CSV 数据文件设置 configured with stopThread:true, recycle:false
2026-10-08 17:45:50,948 INFO o.a.j.t.JMeterThread: Thread finished: jp@gc - Stepping Thread Group 1-159
2026-10-08 17:45:50,996 INFO o.a.j.t.JMeterThread: Thread started: jp@gc - Stepping Thread Group 1-160
2026-10-08 17:45:50,996 INFO o.a.j.t.JMeterThread: Stop Thread seen for thread jp@gc - Stepping Thread Group 1-160, reason: org.apache.jorphan.util.JMeterStopThreadException: End of file:/Users/lisa/Documents/tools/date/tokens.csv detected for CSV DataSet:CSV 数据文件设置 configured with stopThread:true, recycle:false
2026-10-08 17:45:50,996 INFO o.a.j.t.JMeterThread: Thread finished: jp@gc - Stepping Thread Group 1-160
2026-10-08 17:45:51,018 INFO o.a.j.t.JMeterThread: Stop Thread seen for thread jp@gc - Stepping Thread Group 1-49, reason: org.apache.jorphan.util.JMeterStopThreadException: End of file:/Users/lisa/Documents/tools/date/tokens.csv detected for CSV DataSet:CSV 数据文件设置 configured with stopThread:true, recycle:false
2026-10-08 17:45:51,018 INFO o.a.j.t.JMeterThread: Thread finished: jp@gc - Stepping Thread Group 1-49
2026-10-08 17:45:51,032 INFO o.a.j.t.JMeterThread: Stop Thread seen for thread jp@gc - Stepping Thread Group 1-52, reason: org.apache.jorphan.util.JMeterStopThreadException: End of file:/Users/lisa/Documents/tools/date/tokens.csv detected for CSV DataSet:CSV 数据文件设置 configured with stopThread:true, recycle:false
2026-10-08 17:45:51,032 INFO o.a.j.t.JMeterThread: Thread finished: jp@gc - Stepping Thread Group 1-52
2026-10-08 17:45:51,040 INFO o.a.j.t.JMeterThread: Stop Thread seen for thread jp@gc - Stepping Thread Group 1-38, reason: org.apache.jorphan.util.JMeterStopThreadException: End of file:/Users/lisa/Documents/tools/date/tokens.csv detected for CSV DataSet:CSV 数据文件设置 configured with stopThread:true, recycle:false
2026-10-08 17:45:51,040 INFO o.a.j.t.JMeterThread: Thread finished: jp@gc - Stepping Thread Group 1-38
2026-10-08 17:45:51,047 INFO o.a.j.t.JMeterThread: Thread started: jp@gc - Stepping Thread Group 1-161
2026-10-08 17:45:51,047 INFO o.a.j.t.JMeterThread: Stop Thread seen for thread jp@gc - Stepping Thread Group 1-161, reason: org.apache.jorphan.util.JMeterStopThreadException: End of file:/Users/lisa/Documents/tools/date/tokens.csv detected for CSV DataSet:CSV 数据文件设置 configured with stopThread:true, recycle:false
2026-10-08 17:45:51,047 INFO o.a.j.t.JMeterThread: Thread finished: jp@gc - Stepping Thread Group 1-161
2026-10-08 17:45:51,053 INFO o.a.j.t.JMeterThread: Stop Thread seen for thread jp@gc - Stepping Thread Group 1-32, reason: org.apache.jorphan.util.JMeterStopThreadException: End of file:/Users/lisa/Documents/tools/date/tokens.csv detected for CSV DataSet:CSV 数据文件设置 configured with stopThread:true, recycle:false
2026-10-08 17:45:51,053 INFO o.a.j.t.JMeterThread: Thread finished: jp@gc - Stepping Thread Group 1-32
2026-10-08 17:45:51,069 INFO o.a.j.t.JMeterThread: Stop Thread seen for thread jp@gc - Stepping Thread Group 1-30, reason: org.apache.jorphan.util.JMeterStopThreadException: End of file:/Users/lisa/Documents/tools/date/tokens.csv detected for CSV DataSet:CSV 数据文件设置 configured with stopThread:true, recycle:false
2026-10-08 17:45:51,069 INFO o.a.j.t.JMeterThread: Thread finished: jp@gc - Stepping Thread Group 1-30
2026-10-08 17:45:51,095 INFO o.a.j.t.JMeterThread: Thread started: jp@gc - Stepping Thread Group 1-162
2026-10-08 17:45:51,096 INFO o.a.j.t.JMeterThread: Stop Thread seen for thread jp@gc - Stepping Thread Group 1-162, reason: org.apache.jorphan.util.JMeterStopThreadException: End of file:/Users/lisa/Documents/tools/date/tokens.csv detected for CSV DataSet:CSV 数据文件设置 configured with stopThread:true, recycle:false
2026-10-08 17:45:51,096 INFO o.a.j.t.JMeterThread: Thread finished: jp@gc - Stepping Thread Group 1-162
2026-10-08 17:45:51,149 INFO o.a.j.t.JMeterThread: Thread started: jp@gc - Stepping Thread Group 1-163
2026-10-08 17:45:51,149 INFO o.a.j.t.JMeterThread: Stop Thread seen for thread jp@gc - Stepping Thread Group 1-163, reason: org.apache.jorphan.util.JMeterStopThreadException: End of file:/Users/lisa/Documents/tools/date/tokens.csv detected for CSV DataSet:CSV 数据文件设置 configured with stopThread:true, recycle:false
2026-10-08 17:45:51,149 INFO o.a.j.t.JMeterThread: Thread finished: jp@gc - Stepping Thread Group 1-163
2026-10-08 17:45:51,200 INFO o.a.j.t.JMeterThread: Thread started: jp@gc - Stepping Thread Group 1-164
2026-10-08 17:45:51,200 INFO o.a.j.t.JMeterThread: Stop Thread seen for thread jp@gc - Stepping Thread Group 1-164, reason: org.apache.jorphan.util.JMeterStopThreadException: End of file:/Users/lisa/Documents/tools/date/tokens.csv detected for CSV DataSet:CSV 数据文件设置 configured with stopThread:true, recycle:false
2026-10-08 17:45:51,200 INFO o.a.j.t.JMeterThread: Thread finished: jp@gc - Stepping Thread Group 1-164
2026-10-08 17:45:51,207 INFO o.a.j.t.JMeterThread: Stop Thread seen for thread jp@gc - Stepping Thread Group 1-31, reason: org.apache.jorphan.util.JMeterStopThreadException: End of file:/Users/lisa/Documents/tools/date/tokens.csv detected for CSV DataSet:CSV 数据文件设置 configured with stopThread:true, recycle:false
2026-10-08 17:45:51,207 INFO o.a.j.t.JMeterThread: Thread finished: jp@gc - Stepping Thread Group 1-31
2026-10-08 17:45:51,215 INFO o.a.j.t.JMeterThread: Stop Thread seen for thread jp@gc - Stepping Thread Group 1-27, reason: org.apache.jorphan.util.JMeterStopThreadException: End of file:/Users/lisa/Documents/tools/date/tokens.csv detected for CSV DataSet:CSV 数据文件设置 configured with stopThread:true, recycle:false
2026-10-08 17:45:51,215 INFO o.a.j.t.JMeterThread: Thread finished: jp@gc - Stepping Thread Group 1-27
2026-10-08 17:45:51,227 INFO o.a.j.t.JMeterThread: Stop Thread seen for thread jp@gc - Stepping Thread Group 1-43, reason: org.apache.jorphan.util.JMeterStopThreadException: End of file:/Users/lisa/Documents/tools/date/tokens.csv detected for CSV DataSet:CSV 数据文件设置 configured with stopThread:true, recycle:false
2026-10-08 17:45:51,227 INFO o.a.j.t.JMeterThread: Thread finished: jp@gc - Stepping Thread Group 1-43
2026-10-08 17:45:51,232 INFO o.a.j.t.JMeterThread: Stop Thread seen for thread jp@gc - Stepping Thread Group 1-23, reason: org.apache.jorphan.util.JMeterStopThreadException: End of file:/Users/lisa/Documents/tools/date/tokens.csv detected for CSV DataSet:CSV 数据文件设置 configured with stopThread:true, recycle:false
2026-10-08 17:45:51,232 INFO o.a.j.t.JMeterThread: Thread finished: jp@gc - Stepping Thread Group 1-23
2026-10-08 17:45:51,244 INFO o.a.j.t.JMeterThread: Stop Thread seen for thread jp@gc - Stepping Thread Group 1-96, reason: org.apache.jorphan.util.JMeterStopThreadException: End of file:/Users/lisa/Documents/tools/date/tokens.csv detected for CSV DataSet:CSV 数据文件设置 configured with stopThread:true, recycle:false
2026-10-08 17:45:51,244 INFO o.a.j.t.JMeterThread: Thread finished: jp@gc - Stepping Thread Group 1-96
2026-10-08 17:45:51,250 INFO o.a.j.t.JMeterThread: Thread started: jp@gc - Stepping Thread Group 1-165
2026-10-08 17:45:51,250 INFO o.a.j.t.JMeterThread: Stop Thread seen for thread jp@gc - Stepping Thread Group 1-165, reason: org.apache.jorphan.util.JMeterStopThreadException: End of file:/Users/lisa/Documents/tools/date/tokens.csv detected for CSV DataSet:CSV 数据文件设置 configured with stopThread:true, recycle:false
2026-10-08 17:45:51,250 INFO o.a.j.t.JMeterThread: Thread finished: jp@gc - Stepping Thread Group 1-165
2026-10-08 17:45:51,260 INFO o.a.j.t.JMeterThread: Stop Thread seen for thread jp@gc - Stepping Thread Group 1-100, reason: org.apache.jorphan.util.JMeterStopThreadException: End of file:/Users/lisa/Documents/tools/date/tokens.csv detected for CSV DataSet:CSV 数据文件设置 configured with stopThread:true, recycle:false
2026-10-08 17:45:51,260 INFO o.a.j.t.JMeterThread: Thread finished: jp@gc - Stepping Thread Group 1-100
2026-10-08 17:45:51,300 INFO o.a.j.t.JMeterThread: Thread started: jp@gc - Stepping Thread Group 1-166
2026-10-08 17:45:51,300 INFO o.a.j.t.JMeterThread: Stop Thread seen for thread jp@gc - Stepping Thread Group 1-166, reason: org.apache.jorphan.util.JMeterStopThreadException: End of file:/Users/lisa/Documents/tools/date/tokens.csv detected for CSV DataSet:CSV 数据文件设置 configured with stopThread:true, recycle:false
2026-10-08 17:45:51,300 INFO o.a.j.t.JMeterThread: Thread finished: jp@gc - Stepping Thread Group 1-166
2026-10-08 17:45:51,327 INFO o.a.j.t.JMeterThread: Stop Thread seen for thread jp@gc - Stepping Thread Group 1-11, reason: org.apache.jorphan.util.JMeterStopThreadException: End of file:/Users/lisa/Documents/tools/date/tokens.csv detected for CSV DataSet:CSV 数据文件设置 configured with stopThread:true, recycle:false
2026-10-08 17:45:51,327 INFO o.a.j.t.JMeterThread: Thread finished: jp@gc - Stepping Thread Group 1-11
2026-10-08 17:45:51,350 INFO o.a.j.t.JMeterThread: Thread started: jp@gc - Stepping Thread Group 1-167
2026-10-08 17:45:51,351 INFO o.a.j.t.JMeterThread: Stop Thread seen for thread jp@gc - Stepping Thread Group 1-167, reason: org.apache.jorphan.util.JMeterStopThreadException: End of file:/Users/lisa/Documents/tools/date/tokens.csv detected for CSV DataSet:CSV 数据文件设置 configured with stopThread:true, recycle:false
2026-10-08 17:45:51,351 INFO o.a.j.t.JMeterThread: Thread finished: jp@gc - Stepping Thread Group 1-167
2026-10-08 17:45:51,400 INFO o.a.j.t.JMeterThread: Thread started: jp@gc - Stepping Thread Group 1-168
2026-10-08 17:45:51,400 INFO o.a.j.t.JMeterThread: Stop Thread seen for thread jp@gc - Stepping Thread Group 1-168, reason: org.apache.jorphan.util.JMeterStopThreadException: End of file:/Users/lisa/Documents/tools/date/tokens.csv detected for CSV DataSet:CSV 数据文件设置 configured with stopThread:true, recycle:false
2026-10-08 17:45:51,400 INFO o.a.j.t.JMeterThread: Thread finished: jp@gc - Stepping Thread Group 1-168
2026-10-08 17:45:51,451 INFO o.a.j.t.JMeterThread: Thread started: jp@gc - Stepping Thread Group 1-169
2026-10-08 17:45:51,451 INFO o.a.j.t.JMeterThread: Stop Thread seen for thread jp@gc - Stepping Thread Group 1-169, reason: org.apache.jorphan.util.JMeterStopThreadException: End of file:/Users/lisa/Documents/tools/date/tokens.csv detected for CSV DataSet:CSV 数据文件设置 configured with stopThread:true, recycle:false
2026-10-08 17:45:51,451 INFO o.a.j.t.JMeterThread: Thread finished: jp@gc - Stepping Thread Group 1-169
2026-10-08 17:45:51,501 INFO o.a.j.t.JMeterThread: Thread started: jp@gc - Stepping Thread Group 1-170
2026-10-08 17:45:51,501 INFO o.a.j.t.JMeterThread: Stop Thread seen for thread jp@gc - Stepping Thread Group 1-170, reason: org.apache.jorphan.util.JMeterStopThreadException: End of file:/Users/lisa/Documents/tools/date/tokens.csv detected for CSV DataSet:CSV 数据文件设置 configured with stopThread:true, recycle:false
2026-10-08 17:45:51,501 INFO o.a.j.t.JMeterThread: Thread finished: jp@gc - Stepping Thread Group 1-170
2026-10-08 17:45:51,550 INFO o.a.j.t.JMeterThread: Thread started: jp@gc - Stepping Thread Group 1-171
2026-10-08 17:45:51,551 INFO o.a.j.t.JMeterThread: Stop Thread seen for thread jp@gc - Stepping Thread Group 1-171, reason: org.apache.jorphan.util.JMeterStopThreadException: End of file:/Users/lisa/Documents/tools/date/tokens.csv detected for CSV DataSet:CSV 数据文件设置 configured with stopThread:true, recycle:false
2026-10-08 17:45:51,551 INFO o.a.j.t.JMeterThread: Thread finished: jp@gc - Stepping Thread Group 1-171
2026-10-08 17:45:51,552 INFO o.a.j.t.JMeterThread: Stop Thread seen for thread jp@gc - Stepping Thread Group 1-90, reason: org.apache.jorphan.util.JMeterStopThreadException: End of file:/Users/lisa/Documents/tools/date/tokens.csv detected for CSV DataSet:CSV 数据文件设置 configured with stopThread:true, recycle:false
2026-10-08 17:45:51,553 INFO o.a.j.t.JMeterThread: Thread finished: jp@gc - Stepping Thread Group 1-90
2026-10-08 17:45:51,566 INFO o.a.j.t.JMeterThread: Stop Thread seen for thread jp@gc - Stepping Thread Group 1-4, reason: org.apache.jorphan.util.JMeterStopThreadException: End of file:/Users/lisa/Documents/tools/date/tokens.csv detected for CSV DataSet:CSV 数据文件设置 configured with stopThread:true, recycle:false
2026-10-08 17:45:51,566 INFO o.a.j.t.JMeterThread: Thread finished: jp@gc - Stepping Thread Group 1-4
2026-10-08 17:45:51,581 INFO o.a.j.t.JMeterThread: Stop Thread seen for thread jp@gc - Stepping Thread Group 1-87, reason: org.apache.jorphan.util.JMeterStopThreadException: End of file:/Users/lisa/Documents/tools/date/tokens.csv detected for CSV DataSet:CSV 数据文件设置 configured with stopThread:true, recycle:false
2026-10-08 17:45:51,581 INFO o.a.j.t.JMeterThread: Thread finished: jp@gc - Stepping Thread Group 1-87
2026-10-08 17:45:51,595 INFO o.a.j.t.JMeterThread: Stop Thread seen for thread jp@gc - Stepping Thread Group 1-2, reason: org.apache.jorphan.util.JMeterStopThreadException: End of file:/Users/lisa/Documents/tools/date/tokens.csv detected for CSV DataSet:CSV 数据文件设置 configured with stopThread:true, recycle:false
2026-10-08 17:45:51,595 INFO o.a.j.t.JMeterThread: Thread finished: jp@gc - Stepping Thread Group 1-2
2026-10-08 17:45:51,600 INFO o.a.j.t.JMeterThread: Thread started: jp@gc - Stepping Thread Group 1-172
2026-10-08 17:45:51,601 INFO o.a.j.t.JMeterThread: Stop Thread seen for thread jp@gc - Stepping Thread Group 1-172, reason: org.apache.jorphan.util.JMeterStopThreadException: End of file:/Users/lisa/Documents/tools/date/tokens.csv detected for CSV DataSet:CSV 数据文件设置 configured with stopThread:true, recycle:false
2026-10-08 17:45:51,601 INFO o.a.j.t.JMeterThread: Thread finished: jp@gc - Stepping Thread Group 1-172
2026-10-08 17:45:51,609 INFO o.a.j.t.JMeterThread: Stop Thread seen for thread jp@gc - Stepping Thread Group 1-91, reason: org.apache.jorphan.util.JMeterStopThreadException: End of file:/Users/lisa/Documents/tools/date/tokens.csv detected for CSV DataSet:CSV 数据文件设置 configured with stopThread:true, recycle:false
2026-10-08 17:45:51,609 INFO o.a.j.t.JMeterThread: Thread finished: jp@gc - Stepping Thread Group 1-91
2026-10-08 17:45:51,626 INFO o.a.j.t.JMeterThread: Stop Thread seen for thread jp@gc - Stepping Thread Group 1-42, reason: org.apache.jorphan.util.JMeterStopThreadException: End of file:/Users/lisa/Documents/tools/date/tokens.csv detected for CSV DataSet:CSV 数据文件设置 configured with stopThread:true, recycle:false
2026-10-08 17:45:51,627 INFO o.a.j.t.JMeterThread: Thread finished: jp@gc - Stepping Thread Group 1-42
2026-10-08 17:45:51,643 INFO o.a.j.t.JMeterThread: Stop Thread seen for thread jp@gc - Stepping Thread Group 1-92, reason: org.apache.jorphan.util.JMeterStopThreadException: End of file:/Users/lisa/Documents/tools/date/tokens.csv detected for CSV DataSet:CSV 数据文件设置 configured with stopThread:true, recycle:false
2026-10-08 17:45:51,643 INFO o.a.j.t.JMeterThread: Thread finished: jp@gc - Stepping Thread Group 1-92
2026-10-08 17:45:51,650 INFO o.a.j.t.JMeterThread: Thread started: jp@gc - Stepping Thread Group 1-173
2026-10-08 17:45:51,650 INFO o.a.j.t.JMeterThread: Stop Thread seen for thread jp@gc - Stepping Thread Group 1-173, reason: org.apache.jorphan.util.JMeterStopThreadException: End of file:/Users/lisa/Documents/tools/date/tokens.csv detected for CSV DataSet:CSV 数据文件设置 configured with stopThread:true, recycle:false
2026-10-08 17:45:51,650 INFO o.a.j.t.JMeterThread: Thread finished: jp@gc - Stepping Thread Group 1-173
2026-10-08 17:45:51,660 INFO o.a.j.t.JMeterThread: Stop Thread seen for thread jp@gc - Stepping Thread Group 1-88, reason: org.apache.jorphan.util.JMeterStopThreadException: End of file:/Users/lisa/Documents/tools/date/tokens.csv detected for CSV DataSet:CSV 数据文件设置 configured with stopThread:true, recycle:false
2026-10-08 17:45:51,660 INFO o.a.j.t.JMeterThread: Thread finished: jp@gc - Stepping Thread Group 1-88
2026-10-08 17:45:51,674 INFO o.a.j.t.JMeterThread: Stop Thread seen for thread jp@gc - Stepping Thread Group 1-93, reason: org.apache.jorphan.util.JMeterStopThreadException: End of file:/Users/lisa/Documents/tools/date/tokens.csv detected for CSV DataSet:CSV 数据文件设置 configured with stopThread:true, recycle:false
2026-10-08 17:45:51,674 INFO o.a.j.t.JMeterThread: Thread finished: jp@gc - Stepping Thread Group 1-93
2026-10-08 17:45:51,700 INFO o.a.j.t.JMeterThread: Thread started: jp@gc - Stepping Thread Group 1-174
2026-10-08 17:45:51,701 INFO o.a.j.t.JMeterThread: Stop Thread seen for thread jp@gc - Stepping Thread Group 1-174, reason: org.apache.jorphan.util.JMeterStopThreadException: End of file:/Users/lisa/Documents/tools/date/tokens.csv detected for CSV DataSet:CSV 数据文件设置 configured with stopThread:true, recycle:false
2026-10-08 17:45:51,701 INFO o.a.j.t.JMeterThread: Thread finished: jp@gc - Stepping Thread Group 1-174
2026-10-08 17:45:51,750 INFO o.a.j.t.JMeterThread: Thread started: jp@gc - Stepping Thread Group 1-175
2026-10-08 17:45:51,751 INFO o.a.j.t.JMeterThread: Stop Thread seen for thread jp@gc - Stepping Thread Group 1-175, reason: org.apache.jorphan.util.JMeterStopThreadException: End of file:/Users/lisa/Documents/tools/date/tokens.csv detected for CSV DataSet:CSV 数据文件设置 configured with stopThread:true, recycle:false
2026-10-08 17:45:51,751 INFO o.a.j.t.JMeterThread: Thread finished: jp@gc - Stepping Thread Group 1-175
2026-10-08 17:45:51,773 INFO o.a.j.t.JMeterThread: Stop Thread seen for thread jp@gc - Stepping Thread Group 1-97, reason: org.apache.jorphan.util.JMeterStopThreadException: End of file:/Users/lisa/Documents/tools/date/tokens.csv detected for CSV DataSet:CSV 数据文件设置 configured with stopThread:true, recycle:false
2026-10-08 17:45:51,773 INFO o.a.j.t.JMeterThread: Thread finished: jp@gc - Stepping Thread Group 1-97
2026-10-08 17:45:51,801 INFO o.a.j.t.JMeterThread: Thread started: jp@gc - Stepping Thread Group 1-176
2026-10-08 17:45:51,802 INFO o.a.j.t.JMeterThread: Stop Thread seen for thread jp@gc - Stepping Thread Group 1-176, reason: org.apache.jorphan.util.JMeterStopThreadException: End of file:/Users/lisa/Documents/tools/date/tokens.csv detected for CSV DataSet:CSV 数据文件设置 configured with stopThread:true, recycle:false
2026-10-08 17:45:51,802 INFO o.a.j.t.JMeterThread: Thread finished: jp@gc - Stepping Thread Group 1-176
2026-10-08 17:45:51,815 INFO o.a.j.t.JMeterThread: Stop Thread seen for thread jp@gc - Stepping Thread Group 1-21, reason: org.apache.jorphan.util.JMeterStopThreadException: End of file:/Users/lisa/Documents/tools/date/tokens.csv detected for CSV DataSet:CSV 数据文件设置 configured with stopThread:true, recycle:false
2026-10-08 17:45:51,815 INFO o.a.j.t.JMeterThread: Thread finished: jp@gc - Stepping Thread Group 1-21
2026-10-08 17:45:51,833 INFO o.a.j.t.JMeterThread: Stop Thread seen for thread jp@gc - Stepping Thread Group 1-82, reason: org.apache.jorphan.util.JMeterStopThreadException: End of file:/Users/lisa/Documents/tools/date/tokens.csv detected for CSV DataSet:CSV 数据文件设置 configured with stopThread:true, recycle:false
2026-10-08 17:45:51,833 INFO o.a.j.t.JMeterThread: Thread finished: jp@gc - Stepping Thread Group 1-82
2026-10-08 17:45:51,848 INFO o.a.j.t.JMeterThread: Stop Thread seen for thread jp@gc - Stepping Thread Group 1-95, reason: org.apache.jorphan.util.JMeterStopThreadException: End of file:/Users/lisa/Documents/tools/date/tokens.csv detected for CSV DataSet:CSV 数据文件设置 configured with stopThread:true, recycle:false
2026-10-08 17:45:51,849 INFO o.a.j.t.JMeterThread: Thread finished: jp@gc - Stepping Thread Group 1-95
2026-10-08 17:45:51,850 INFO o.a.j.t.JMeterThread: Thread started: jp@gc - Stepping Thread Group 1-177
2026-10-08 17:45:51,851 INFO o.a.j.t.JMeterThread: Stop Thread seen for thread jp@gc - Stepping Thread Group 1-177, reason: org.apache.jorphan.util.JMeterStopThreadException: End of file:/Users/lisa/Documents/tools/date/tokens.csv detected for CSV DataSet:CSV 数据文件设置 configured with stopThread:true, recycle:false
2026-10-08 17:45:51,851 INFO o.a.j.t.JMeterThread: Thread finished: jp@gc - Stepping Thread Group 1-177
2026-10-08 17:45:51,862 INFO o.a.j.t.JMeterThread: Stop Thread seen for thread jp@gc - Stepping Thread Group 1-86, reason: org.apache.jorphan.util.JMeterStopThreadException: End of file:/Users/lisa/Documents/tools/date/tokens.csv detected for CSV DataSet:CSV 数据文件设置 configured with stopThread:true, recycle:false
2026-10-08 17:45:51,862 INFO o.a.j.t.JMeterThread: Thread finished: jp@gc - Stepping Thread Group 1-86
2026-10-08 17:45:51,875 INFO o.a.j.t.JMeterThread: Stop Thread seen for thread jp@gc - Stepping Thread Group 1-68, reason: org.apache.jorphan.util.JMeterStopThreadException: End of file:/Users/lisa/Documents/tools/date/tokens.csv detected for CSV DataSet:CSV 数据文件设置 configured with stopThread:true, recycle:false
2026-10-08 17:45:51,875 INFO o.a.j.t.JMeterThread: Thread finished: jp@gc - Stepping Thread Group 1-68
2026-10-08 17:45:51,888 INFO o.a.j.t.JMeterThread: Stop Thread seen for thread jp@gc - Stepping Thread Group 1-99, reason: org.apache.jorphan.util.JMeterStopThreadException: End of file:/Users/lisa/Documents/tools/date/tokens.csv detected for CSV DataSet:CSV 数据文件设置 configured with stopThread:true, recycle:false
2026-10-08 17:45:51,888 INFO o.a.j.t.JMeterThread: Thread finished: jp@gc - Stepping Thread Group 1-99
2026-10-08 17:45:51,900 INFO o.a.j.t.JMeterThread: Thread started: jp@gc - Stepping Thread Group 1-178
2026-10-08 17:45:51,901 INFO o.a.j.t.JMeterThread: Stop Thread seen for thread jp@gc - Stepping Thread Group 1-178, reason: org.apache.jorphan.util.JMeterStopThreadException: End of file:/Users/lisa/Documents/tools/date/tokens.csv detected for CSV DataSet:CSV 数据文件设置 configured with stopThread:true, recycle:false
2026-10-08 17:45:51,901 INFO o.a.j.t.JMeterThread: Thread finished: jp@gc - Stepping Thread Group 1-178
2026-10-08 17:45:51,901 INFO o.a.j.t.JMeterThread: Stop Thread seen for thread jp@gc - Stepping Thread Group 1-3, reason: org.apache.jorphan.util.JMeterStopThreadException: End of file:/Users/lisa/Documents/tools/date/tokens.csv detected for CSV DataSet:CSV 数据文件设置 configured with stopThread:true, recycle:false
2026-10-08 17:45:51,901 INFO o.a.j.t.JMeterThread: Thread finished: jp@gc - Stepping Thread Group 1-3
2026-10-08 17:45:51,916 INFO o.a.j.t.JMeterThread: Stop Thread seen for thread jp@gc - Stepping Thread Group 1-80, reason: org.apache.jorphan.util.JMeterStopThreadException: End of file:/Users/lisa/Documents/tools/date/tokens.csv detected for CSV DataSet:CSV 数据文件设置 configured with stopThread:true, recycle:false
2026-10-08 17:45:51,916 INFO o.a.j.t.JMeterThread: Thread finished: jp@gc - Stepping Thread Group 1-80
2026-10-08 17:45:51,930 INFO o.a.j.t.JMeterThread: Stop Thread seen for thread jp@gc - Stepping Thread Group 1-84, reason: org.apache.jorphan.util.JMeterStopThreadException: End of file:/Users/lisa/Documents/tools/date/tokens.csv detected for CSV DataSet:CSV 数据文件设置 configured with stopThread:true, recycle:false
2026-10-08 17:45:51,930 INFO o.a.j.t.JMeterThread: Thread finished: jp@gc - Stepping Thread Group 1-84
2026-10-08 17:45:51,943 INFO o.a.j.t.JMeterThread: Stop Thread seen for thread jp@gc - Stepping Thread Group 1-77, reason: org.apache.jorphan.util.JMeterStopThreadException: End of file:/Users/lisa/Documents/tools/date/tokens.csv detected for CSV DataSet:CSV 数据文件设置 configured with stopThread:true, recycle:false
2026-10-08 17:45:51,943 INFO o.a.j.t.JMeterThread: Thread finished: jp@gc - Stepping Thread Group 1-77
2026-10-08 17:45:51,947 INFO o.a.j.t.JMeterThread: Thread started: jp@gc - Stepping Thread Group 1-179
2026-10-08 17:45:51,947 INFO o.a.j.t.JMeterThread: Stop Thread seen for thread jp@gc - Stepping Thread Group 1-179, reason: org.apache.jorphan.util.JMeterStopThreadException: End of file:/Users/lisa/Documents/tools/date/tokens.csv detected for CSV DataSet:CSV 数据文件设置 configured with stopThread:true, recycle:false
2026-10-08 17:45:51,948 INFO o.a.j.t.JMeterThread: Thread finished: jp@gc - Stepping Thread Group 1-179
2026-10-08 17:45:51,957 INFO o.a.j.t.JMeterThread: Stop Thread seen for thread jp@gc - Stepping Thread Group 1-79, reason: org.apache.jorphan.util.JMeterStopThreadException: End of file:/Users/lisa/Documents/tools/date/tokens.csv detected for CSV DataSet:CSV 数据文件设置 configured with stopThread:true, recycle:false
2026-10-08 17:45:51,957 INFO o.a.j.t.JMeterThread: Thread finished: jp@gc - Stepping Thread Group 1-79
2026-10-08 17:45:51,968 INFO o.a.j.t.JMeterThread: Stop Thread seen for thread jp@gc - Stepping Thread Group 1-83, reason: org.apache.jorphan.util.JMeterStopThreadException: End of file:/Users/lisa/Documents/tools/date/tokens.csv detected for CSV DataSet:CSV 数据文件设置 configured with stopThread:true, recycle:false
2026-10-08 17:45:51,968 INFO o.a.j.t.JMeterThread: Thread finished: jp@gc - Stepping Thread Group 1-83
2026-10-08 17:45:51,980 INFO o.a.j.t.JMeterThread: Stop Thread seen for thread jp@gc - Stepping Thread Group 1-89, reason: org.apache.jorphan.util.JMeterStopThreadException: End of file:/Users/lisa/Documents/tools/date/tokens.csv detected for CSV DataSet:CSV 数据文件设置 configured with stopThread:true, recycle:false
2026-10-08 17:45:51,980 INFO o.a.j.t.JMeterThread: Thread finished: jp@gc - Stepping Thread Group 1-89
2026-10-08 17:45:51,994 INFO o.a.j.t.JMeterThread: Stop Thread seen for thread jp@gc - Stepping Thread Group 1-20, reason: org.apache.jorphan.util.JMeterStopThreadException: End of file:/Users/lisa/Documents/tools/date/tokens.csv detected for CSV DataSet:CSV 数据文件设置 configured with stopThread:true, recycle:false
2026-10-08 17:45:51,994 INFO o.a.j.t.JMeterThread: Thread finished: jp@gc - Stepping Thread Group 1-20
2026-10-08 17:45:52,000 INFO o.a.j.t.JMeterThread: Thread started: jp@gc - Stepping Thread Group 1-180
2026-10-08 17:45:52,000 INFO o.a.j.t.JMeterThread: Stop Thread seen for thread jp@gc - Stepping Thread Group 1-180, reason: org.apache.jorphan.util.JMeterStopThreadException: End of file:/Users/lisa/Documents/tools/date/tokens.csv detected for CSV DataSet:CSV 数据文件设置 configured with stopThread:true, recycle:false
2026-10-08 17:45:52,000 INFO o.a.j.t.JMeterThread: Thread finished: jp@gc - Stepping Thread Group 1-180
2026-10-08 17:45:52,009 INFO o.a.j.t.JMeterThread: Stop Thread seen for thread jp@gc - Stepping Thread Group 1-78, reason: org.apache.jorphan.util.JMeterStopThreadException: End of file:/Users/lisa/Documents/tools/date/tokens.csv detected for CSV DataSet:CSV 数据文件设置 configured with stopThread:true, recycle:false
2026-10-08 17:45:52,009 INFO o.a.j.t.JMeterThread: Thread finished: jp@gc - Stepping Thread Group 1-78
2026-10-08 17:45:52,024 INFO o.a.j.t.JMeterThread: Stop Thread seen for thread jp@gc - Stepping Thread Group 1-72, reason: org.apache.jorphan.util.JMeterStopThreadException: End of file:/Users/lisa/Documents/tools/date/tokens.csv detected for CSV DataSet:CSV 数据文件设置 configured with stopThread:true, recycle:false
2026-10-08 17:45:52,024 INFO o.a.j.t.JMeterThread: Thread finished: jp@gc - Stepping Thread Group 1-72
2026-10-08 17:45:52,040 INFO o.a.j.t.JMeterThread: Stop Thread seen for thread jp@gc - Stepping Thread Group 1-81, reason: org.apache.jorphan.util.JMeterStopThreadException: End of file:/Users/lisa/Documents/tools/date/tokens.csv detected for CSV DataSet:CSV 数据文件设置 configured with stopThread:true, recycle:false
2026-10-08 17:45:52,040 INFO o.a.j.t.JMeterThread: Thread finished: jp@gc - Stepping Thread Group 1-81
2026-10-08 17:45:52,047 INFO o.a.j.t.JMeterThread: Thread started: jp@gc - Stepping Thread Group 1-181
2026-10-08 17:45:52,047 INFO o.a.j.t.JMeterThread: Stop Thread seen for thread jp@gc - Stepping Thread Group 1-181, reason: org.apache.jorphan.util.JMeterStopThreadException: End of file:/Users/lisa/Documents/tools/date/tokens.csv detected for CSV DataSet:CSV 数据文件设置 configured with stopThread:true, recycle:false
2026-10-08 17:45:52,047 INFO o.a.j.t.JMeterThread: Thread finished: jp@gc - Stepping Thread Group 1-181
2026-10-08 17:45:52,055 INFO o.a.j.t.JMeterThread: Stop Thread seen for thread jp@gc - Stepping Thread Group 1-66, reason: org.apache.jorphan.util.JMeterStopThreadException: End of file:/Users/lisa/Documents/tools/date/tokens.csv detected for CSV DataSet:CSV 数据文件设置 configured with stopThread:true, recycle:false
2026-10-08 17:45:52,055 INFO o.a.j.t.JMeterThread: Thread finished: jp@gc - Stepping Thread Group 1-66
2026-10-08 17:45:52,067 INFO o.a.j.t.JMeterThread: Stop Thread seen for thread jp@gc - Stepping Thread Group 1-75, reason: org.apache.jorphan.util.JMeterStopThreadException: End of file:/Users/lisa/Documents/tools/date/tokens.csv detected for CSV DataSet:CSV 数据文件设置 configured with stopThread:true, recycle:false
2026-10-08 17:45:52,067 INFO o.a.j.t.JMeterThread: Thread finished: jp@gc - Stepping Thread Group 1-75
2026-10-08 17:45:52,083 INFO o.a.j.t.JMeterThread: Stop Thread seen for thread jp@gc - Stepping Thread Group 1-67, reason: org.apache.jorphan.util.JMeterStopThreadException: End of file:/Users/lisa/Documents/tools/date/tokens.csv detected for CSV DataSet:CSV 数据文件设置 configured with stopThread:true, recycle:false
2026-10-08 17:45:52,083 INFO o.a.j.t.JMeterThread: Thread finished: jp@gc - Stepping Thread Group 1-67
2026-10-08 17:45:52,095 INFO o.a.j.t.JMeterThread: Stop Thread seen for thread jp@gc - Stepping Thread Group 1-73, reason: org.apache.jorphan.util.JMeterStopThreadException: End of file:/Users/lisa/Documents/tools/date/tokens.csv detected for CSV DataSet:CSV 数据文件设置 configured with stopThread:true, recycle:false
2026-10-08 17:45:52,095 INFO o.a.j.t.JMeterThread: Thread finished: jp@gc - Stepping Thread Group 1-73
2026-10-08 17:45:52,100 INFO o.a.j.t.JMeterThread: Thread started: jp@gc - Stepping Thread Group 1-182
2026-10-08 17:45:52,100 INFO o.a.j.t.JMeterThread: Stop Thread seen for thread jp@gc - Stepping Thread Group 1-182, reason: org.apache.jorphan.util.JMeterStopThreadException: End of file:/Users/lisa/Documents/tools/date/tokens.csv detected for CSV DataSet:CSV 数据文件设置 configured with stopThread:true, recycle:false
2026-10-08 17:45:52,100 INFO o.a.j.t.JMeterThread: Thread finished: jp@gc - Stepping Thread Group 1-182
2026-10-08 17:45:52,111 INFO o.a.j.t.JMeterThread: Stop Thread seen for thread jp@gc - Stepping Thread Group 1-76, reason: org.apache.jorphan.util.JMeterStopThreadException: End of file:/Users/lisa/Documents/tools/date/tokens.csv detected for CSV DataSet:CSV 数据文件设置 configured with stopThread:true, recycle:false
2026-10-08 17:45:52,111 INFO o.a.j.t.JMeterThread: Thread finished: jp@gc - Stepping Thread Group 1-76
2026-10-08 17:45:52,123 INFO o.a.j.t.JMeterThread: Stop Thread seen for thread jp@gc - Stepping Thread Group 1-74, reason: org.apache.jorphan.util.JMeterStopThreadException: End of file:/Users/lisa/Documents/tools/date/tokens.csv detected for CSV DataSet:CSV 数据文件设置 configured with stopThread:true, recycle:false
2026-10-08 17:45:52,123 INFO o.a.j.t.JMeterThread: Thread finished: jp@gc - Stepping Thread Group 1-74
2026-10-08 17:45:52,140 INFO o.a.j.t.JMeterThread: Stop Thread seen for thread jp@gc - Stepping Thread Group 1-64, reason: org.apache.jorphan.util.JMeterStopThreadException: End of file:/Users/lisa/Documents/tools/date/tokens.csv detected for CSV DataSet:CSV 数据文件设置 configured with stopThread:true, recycle:false
2026-10-08 17:45:52,140 INFO o.a.j.t.JMeterThread: Thread finished: jp@gc - Stepping Thread Group 1-64
2026-10-08 17:45:52,146 INFO o.a.j.t.JMeterThread: Thread started: jp@gc - Stepping Thread Group 1-183
2026-10-08 17:45:52,146 INFO o.a.j.t.JMeterThread: Stop Thread seen for thread jp@gc - Stepping Thread Group 1-183, reason: org.apache.jorphan.util.JMeterStopThreadException: End of file:/Users/lisa/Documents/tools/date/tokens.csv detected for CSV DataSet:CSV 数据文件设置 configured with stopThread:true, recycle:false
2026-10-08 17:45:52,146 INFO o.a.j.t.JMeterThread: Thread finished: jp@gc - Stepping Thread Group 1-183
2026-10-08 17:45:52,154 INFO o.a.j.t.JMeterThread: Stop Thread seen for thread jp@gc - Stepping Thread Group 1-65, reason: org.apache.jorphan.util.JMeterStopThreadException: End of file:/Users/lisa/Documents/tools/date/tokens.csv detected for CSV DataSet:CSV 数据文件设置 configured with stopThread:true, recycle:false
2026-10-08 17:45:52,155 INFO o.a.j.t.JMeterThread: Thread finished: jp@gc - Stepping Thread Group 1-65
2026-10-08 17:45:52,171 INFO o.a.j.t.JMeterThread: Stop Thread seen for thread jp@gc - Stepping Thread Group 1-63, reason: org.apache.jorphan.util.JMeterStopThreadException: End of file:/Users/lisa/Documents/tools/date/tokens.csv detected for CSV DataSet:CSV 数据文件设置 configured with stopThread:true, recycle:false
2026-10-08 17:45:52,171 INFO o.a.j.t.JMeterThread: Thread finished: jp@gc - Stepping Thread Group 1-63
2026-10-08 17:45:52,184 INFO o.a.j.t.JMeterThread: Stop Thread seen for thread jp@gc - Stepping Thread Group 1-55, reason: org.apache.jorphan.util.JMeterStopThreadException: End of file:/Users/lisa/Documents/tools/date/tokens.csv detected for CSV DataSet:CSV 数据文件设置 configured with stopThread:true, recycle:false
2026-10-08 17:45:52,184 INFO o.a.j.t.JMeterThread: Thread finished: jp@gc - Stepping Thread Group 1-55
2026-10-08 17:45:52,198 INFO o.a.j.t.JMeterThread: Thread started: jp@gc - Stepping Thread Group 1-184
2026-10-08 17:45:52,199 INFO o.a.j.t.JMeterThread: Stop Thread seen for thread jp@gc - Stepping Thread Group 1-184, reason: org.apache.jorphan.util.JMeterStopThreadException: End of file:/Users/lisa/Documents/tools/date/tokens.csv detected for CSV DataSet:CSV 数据文件设置 configured with stopThread:true, recycle:false
2026-10-08 17:45:52,199 INFO o.a.j.t.JMeterThread: Thread finished: jp@gc - Stepping Thread Group 1-184
2026-10-08 17:45:52,200 INFO o.a.j.t.JMeterThread: Stop Thread seen for thread jp@gc - Stepping Thread Group 1-34, reason: org.apache.jorphan.util.JMeterStopThreadException: End of file:/Users/lisa/Documents/tools/date/tokens.csv detected for CSV DataSet:CSV 数据文件设置 configured with stopThread:true, recycle:false
2026-10-08 17:45:52,200 INFO o.a.j.t.JMeterThread: Thread finished: jp@gc - Stepping Thread Group 1-34
2026-10-08 17:45:52,212 INFO o.a.j.t.JMeterThread: Stop Thread seen for thread jp@gc - Stepping Thread Group 1-56, reason: org.apache.jorphan.util.JMeterStopThreadException: End of file:/Users/lisa/Documents/tools/date/tokens.csv detected for CSV DataSet:CSV 数据文件设置 configured with stopThread:true, recycle:false
2026-10-08 17:45:52,212 INFO o.a.j.t.JMeterThread: Thread finished: jp@gc - Stepping Thread Group 1-56
2026-10-08 17:45:52,225 INFO o.a.j.t.JMeterThread: Stop Thread seen for thread jp@gc - Stepping Thread Group 1-41, reason: org.apache.jorphan.util.JMeterStopThreadException: End of file:/Users/lisa/Documents/tools/date/tokens.csv detected for CSV DataSet:CSV 数据文件设置 configured with stopThread:true, recycle:false
2026-10-08 17:45:52,225 INFO o.a.j.t.JMeterThread: Thread finished: jp@gc - Stepping Thread Group 1-41
2026-10-08 17:45:52,238 INFO o.a.j.t.JMeterThread: Stop Thread seen for thread jp@gc - Stepping Thread Group 1-46, reason: org.apache.jorphan.util.JMeterStopThreadException: End of file:/Users/lisa/Documents/tools/date/tokens.csv detected for CSV DataSet:CSV 数据文件设置 configured with stopThread:true, recycle:false
2026-10-08 17:45:52,238 INFO o.a.j.t.JMeterThread: Thread finished: jp@gc - Stepping Thread Group 1-46
2026-10-08 17:45:52,250 INFO o.a.j.t.JMeterThread: Thread started: jp@gc - Stepping Thread Group 1-185
2026-10-08 17:45:52,251 INFO o.a.j.t.JMeterThread: Stop Thread seen for thread jp@gc - Stepping Thread Group 1-185, reason: org.apache.jorphan.util.JMeterStopThreadException: End of file:/Users/lisa/Documents/tools/date/tokens.csv detected for CSV DataSet:CSV 数据文件设置 configured with stopThread:true, recycle:false
2026-10-08 17:45:52,251 INFO o.a.j.t.JMeterThread: Thread finished: jp@gc - Stepping Thread Group 1-185
2026-10-08 17:45:52,252 INFO o.a.j.t.JMeterThread: Stop Thread seen for thread jp@gc - Stepping Thread Group 1-51, reason: org.apache.jorphan.util.JMeterStopThreadException: End of file:/Users/lisa/Documents/tools/date/tokens.csv detected for CSV DataSet:CSV 数据文件设置 configured with stopThread:true, recycle:false
2026-10-08 17:45:52,252 INFO o.a.j.t.JMeterThread: Thread finished: jp@gc - Stepping Thread Group 1-51
2026-10-08 17:45:52,266 INFO o.a.j.t.JMeterThread: Stop Thread seen for thread jp@gc - Stepping Thread Group 1-44, reason: org.apache.jorphan.util.JMeterStopThreadException: End of file:/Users/lisa/Documents/tools/date/tokens.csv detected for CSV DataSet:CSV 数据文件设置 configured with stopThread:true, recycle:false
2026-10-08 17:45:52,266 INFO o.a.j.t.JMeterThread: Thread finished: jp@gc - Stepping Thread Group 1-44
2026-10-08 17:45:52,280 INFO o.a.j.t.JMeterThread: Stop Thread seen for thread jp@gc - Stepping Thread Group 1-54, reason: org.apache.jorphan.util.JMeterStopThreadException: End of file:/Users/lisa/Documents/tools/date/tokens.csv detected for CSV DataSet:CSV 数据文件设置 configured with stopThread:true, recycle:false
2026-10-08 17:45:52,280 INFO o.a.j.t.JMeterThread: Thread finished: jp@gc - Stepping Thread Group 1-54
2026-10-08 17:45:52,292 INFO o.a.j.t.JMeterThread: Stop Thread seen for thread jp@gc - Stepping Thread Group 1-33, reason: org.apache.jorphan.util.JMeterStopThreadException: End of file:/Users/lisa/Documents/tools/date/tokens.csv detected for CSV DataSet:CSV 数据文件设置 configured with stopThread:true, recycle:false
2026-10-08 17:45:52,292 INFO o.a.j.t.JMeterThread: Thread finished: jp@gc - Stepping Thread Group 1-33
2026-10-08 17:45:52,295 INFO o.a.j.t.JMeterThread: Thread started: jp@gc - Stepping Thread Group 1-186
2026-10-08 17:45:52,296 INFO o.a.j.t.JMeterThread: Stop Thread seen for thread jp@gc - Stepping Thread Group 1-186, reason: org.apache.jorphan.util.JMeterStopThreadException: End of file:/Users/lisa/Documents/tools/date/tokens.csv detected for CSV DataSet:CSV 数据文件设置 configured with stopThread:true, recycle:false
2026-10-08 17:45:52,296 INFO o.a.j.t.JMeterThread: Thread finished: jp@gc - Stepping Thread Group 1-186
2026-10-08 17:45:52,307 INFO o.a.j.t.JMeterThread: Stop Thread seen for thread jp@gc - Stepping Thread Group 1-26, reason: org.apache.jorphan.util.JMeterStopThreadException: End of file:/Users/lisa/Documents/tools/date/tokens.csv detected for CSV DataSet:CSV 数据文件设置 configured with stopThread:true, recycle:false
2026-10-08 17:45:52,307 INFO o.a.j.t.JMeterThread: Thread finished: jp@gc - Stepping Thread Group 1-26
2026-10-08 17:45:52,319 INFO o.a.j.t.JMeterThread: Stop Thread seen for thread jp@gc - Stepping Thread Group 1-57, reason: org.apache.jorphan.util.JMeterStopThreadException: End of file:/Users/lisa/Documents/tools/date/tokens.csv detected for CSV DataSet:CSV 数据文件设置 configured with stopThread:true, recycle:false
2026-10-08 17:45:52,319 INFO o.a.j.t.JMeterThread: Thread finished: jp@gc - Stepping Thread Group 1-57
2026-10-08 17:45:52,333 INFO o.a.j.t.JMeterThread: Stop Thread seen for thread jp@gc - Stepping Thread Group 1-22, reason: org.apache.jorphan.util.JMeterStopThreadException: End of file:/Users/lisa/Documents/tools/date/tokens.csv detected for CSV DataSet:CSV 数据文件设置 configured with stopThread:true, recycle:false
2026-10-08 17:45:52,334 INFO o.a.j.t.JMeterThread: Thread finished: jp@gc - Stepping Thread Group 1-22
2026-10-08 17:45:52,346 INFO o.a.j.t.JMeterThread: Thread started: jp@gc - Stepping Thread Group 1-187
2026-10-08 17:45:52,347 INFO o.a.j.t.JMeterThread: Stop Thread seen for thread jp@gc - Stepping Thread Group 1-187, reason: org.apache.jorphan.util.JMeterStopThreadException: End of file:/Users/lisa/Documents/tools/date/tokens.csv detected for CSV DataSet:CSV 数据文件设置 configured with stopThread:true, recycle:false
2026-10-08 17:45:52,347 INFO o.a.j.t.JMeterThread: Thread finished: jp@gc - Stepping Thread Group 1-187
2026-10-08 17:45:52,349 INFO o.a.j.t.JMeterThread: Stop Thread seen for thread jp@gc - Stepping Thread Group 1-39, reason: org.apache.jorphan.util.JMeterStopThreadException: End of file:/Users/lisa/Documents/tools/date/tokens.csv detected for CSV DataSet:CSV 数据文件设置 configured with stopThread:true, recycle:false
2026-10-08 17:45:52,350 INFO o.a.j.t.JMeterThread: Thread finished: jp@gc - Stepping Thread Group 1-39
2026-10-08 17:45:52,365 INFO o.a.j.t.JMeterThread: Stop Thread seen for thread jp@gc - Stepping Thread Group 1-7, reason: org.apache.jorphan.util.JMeterStopThreadException: End of file:/Users/lisa/Documents/tools/date/tokens.csv detected for CSV DataSet:CSV 数据文件设置 configured with stopThread:true, recycle:false
2026-10-08 17:45:52,366 INFO o.a.j.t.JMeterThread: Thread finished: jp@gc - Stepping Thread Group 1-7
2026-10-08 17:45:52,379 INFO o.a.j.t.JMeterThread: Stop Thread seen for thread jp@gc - Stepping Thread Group 1-25, reason: org.apache.jorphan.util.JMeterStopThreadException: End of file:/Users/lisa/Documents/tools/date/tokens.csv detected for CSV DataSet:CSV 数据文件设置 configured with stopThread:true, recycle:false
2026-10-08 17:45:52,379 INFO o.a.j.t.JMeterThread: Thread finished: jp@gc - Stepping Thread Group 1-25
2026-10-08 17:45:52,389 INFO o.a.j.t.JMeterThread: Stop Thread seen for thread jp@gc - Stepping Thread Group 1-45, reason: org.apache.jorphan.util.JMeterStopThreadException: End of file:/Users/lisa/Documents/tools/date/tokens.csv detected for CSV DataSet:CSV 数据文件设置 configured with stopThread:true, recycle:false
2026-10-08 17:45:52,389 INFO o.a.j.t.JMeterThread: Thread finished: jp@gc - Stepping Thread Group 1-45
2026-10-08 17:45:52,400 INFO o.a.j.t.JMeterThread: Thread started: jp@gc - Stepping Thread Group 1-188
2026-10-08 17:45:52,401 INFO o.a.j.t.JMeterThread: Stop Thread seen for thread jp@gc - Stepping Thread Group 1-188, reason: org.apache.jorphan.util.JMeterStopThreadException: End of file:/Users/lisa/Documents/tools/date/tokens.csv detected for CSV DataSet:CSV 数据文件设置 configured with stopThread:true, recycle:false
2026-10-08 17:45:52,401 INFO o.a.j.t.JMeterThread: Thread finished: jp@gc - Stepping Thread Group 1-188
2026-10-08 17:45:52,403 INFO o.a.j.t.JMeterThread: Stop Thread seen for thread jp@gc - Stepping Thread Group 1-98, reason: org.apache.jorphan.util.JMeterStopThreadException: End of file:/Users/lisa/Documents/tools/date/tokens.csv detected for CSV DataSet:CSV 数据文件设置 configured with stopThread:true, recycle:false
2026-10-08 17:45:52,403 INFO o.a.j.t.JMeterThread: Thread finished: jp@gc - Stepping Thread Group 1-98
2026-10-08 17:45:52,415 INFO o.a.j.t.JMeterThread: Stop Thread seen for thread jp@gc - Stepping Thread Group 1-36, reason: org.apache.jorphan.util.JMeterStopThreadException: End of file:/Users/lisa/Documents/tools/date/tokens.csv detected for CSV DataSet:CSV 数据文件设置 configured with stopThread:true, recycle:false
2026-10-08 17:45:52,415 INFO o.a.j.t.JMeterThread: Thread finished: jp@gc - Stepping Thread Group 1-36
2026-10-08 17:45:52,430 INFO o.a.j.t.JMeterThread: Stop Thread seen for thread jp@gc - Stepping Thread Group 1-85, reason: org.apache.jorphan.util.JMeterStopThreadException: End of file:/Users/lisa/Documents/tools/date/tokens.csv detected for CSV DataSet:CSV 数据文件设置 configured with stopThread:true, recycle:false
2026-10-08 17:45:52,430 INFO o.a.j.t.JMeterThread: Thread finished: jp@gc - Stepping Thread Group 1-85
2026-10-08 17:45:52,444 INFO o.a.j.t.JMeterThread: Stop Thread seen for thread jp@gc - Stepping Thread Group 1-14, reason: org.apache.jorphan.util.JMeterStopThreadException: End of file:/Users/lisa/Documents/tools/date/tokens.csv detected for CSV DataSet:CSV 数据文件设置 configured with stopThread:true, recycle:false
2026-10-08 17:45:52,444 INFO o.a.j.t.JMeterThread: Thread finished: jp@gc - Stepping Thread Group 1-14
2026-10-08 17:45:52,450 INFO o.a.j.t.JMeterThread: Thread started: jp@gc - Stepping Thread Group 1-189
2026-10-08 17:45:52,450 INFO o.a.j.t.JMeterThread: Stop Thread seen for thread jp@gc - Stepping Thread Group 1-189, reason: org.apache.jorphan.util.JMeterStopThreadException: End of file:/Users/lisa/Documents/tools/date/tokens.csv detected for CSV DataSet:CSV 数据文件设置 configured with stopThread:true, recycle:false
2026-10-08 17:45:52,450 INFO o.a.j.t.JMeterThread: Thread finished: jp@gc - Stepping Thread Group 1-189
2026-10-08 17:45:52,459 INFO o.a.j.t.JMeterThread: Stop Thread seen for thread jp@gc - Stepping Thread Group 1-35, reason: org.apache.jorphan.util.JMeterStopThreadException: End of file:/Users/lisa/Documents/tools/date/tokens.csv detected for CSV DataSet:CSV 数据文件设置 configured with stopThread:true, recycle:false
2026-10-08 17:45:52,459 INFO o.a.j.t.JMeterThread: Thread finished: jp@gc - Stepping Thread Group 1-35
2026-10-08 17:45:52,475 INFO o.a.j.t.JMeterThread: Stop Thread seen for thread jp@gc - Stepping Thread Group 1-40, reason: org.apache.jorphan.util.JMeterStopThreadException: End of file:/Users/lisa/Documents/tools/date/tokens.csv detected for CSV DataSet:CSV 数据文件设置 configured with stopThread:true, recycle:false
2026-10-08 17:45:52,476 INFO o.a.j.t.JMeterThread: Thread finished: jp@gc - Stepping Thread Group 1-40
2026-10-08 17:45:52,489 INFO o.a.j.t.JMeterThread: Stop Thread seen for thread jp@gc - Stepping Thread Group 1-47, reason: org.apache.jorphan.util.JMeterStopThreadException: End of file:/Users/lisa/Documents/tools/date/tokens.csv detected for CSV DataSet:CSV 数据文件设置 configured with stopThread:true, recycle:false
2026-10-08 17:45:52,489 INFO o.a.j.t.JMeterThread: Thread finished: jp@gc - Stepping Thread Group 1-47
2026-10-08 17:45:52,500 INFO o.a.j.t.JMeterThread: Thread started: jp@gc - Stepping Thread Group 1-190
2026-10-08 17:45:52,501 INFO o.a.j.t.JMeterThread: Stop Thread seen for thread jp@gc - Stepping Thread Group 1-190, reason: org.apache.jorphan.util.JMeterStopThreadException: End of file:/Users/lisa/Documents/tools/date/tokens.csv detected for CSV DataSet:CSV 数据文件设置 configured with stopThread:true, recycle:false
2026-10-08 17:45:52,501 INFO o.a.j.t.JMeterThread: Thread finished: jp@gc - Stepping Thread Group 1-190
2026-10-08 17:45:52,502 INFO o.a.j.t.JMeterThread: Stop Thread seen for thread jp@gc - Stepping Thread Group 1-50, reason: org.apache.jorphan.util.JMeterStopThreadException: End of file:/Users/lisa/Documents/tools/date/tokens.csv detected for CSV DataSet:CSV 数据文件设置 configured with stopThread:true, recycle:false
2026-10-08 17:45:52,502 INFO o.a.j.t.JMeterThread: Thread finished: jp@gc - Stepping Thread Group 1-50
2026-10-08 17:45:52,516 INFO o.a.j.t.JMeterThread: Stop Thread seen for thread jp@gc - Stepping Thread Group 1-60, reason: org.apache.jorphan.util.JMeterStopThreadException: End of file:/Users/lisa/Documents/tools/date/tokens.csv detected for CSV DataSet:CSV 数据文件设置 configured with stopThread:true, recycle:false
2026-10-08 17:45:52,516 INFO o.a.j.t.JMeterThread: Thread finished: jp@gc - Stepping Thread Group 1-60
2026-10-08 17:45:52,533 INFO o.a.j.t.JMeterThread: Stop Thread seen for thread jp@gc - Stepping Thread Group 1-37, reason: org.apache.jorphan.util.JMeterStopThreadException: End of file:/Users/lisa/Documents/tools/date/tokens.csv detected for CSV DataSet:CSV 数据文件设置 configured with stopThread:true, recycle:false
2026-10-08 17:45:52,533 INFO o.a.j.t.JMeterThread: Thread finished: jp@gc - Stepping Thread Group 1-37
2026-10-08 17:45:52,544 INFO o.a.j.t.JMeterThread: Stop Thread seen for thread jp@gc - Stepping Thread Group 1-94, reason: org.apache.jorphan.util.JMeterStopThreadException: End of file:/Users/lisa/Documents/tools/date/tokens.csv detected for CSV DataSet:CSV 数据文件设置 configured with stopThread:true, recycle:false
2026-10-08 17:45:52,544 INFO o.a.j.t.JMeterThread: Thread finished: jp@gc - Stepping Thread Group 1-94
2026-10-08 17:45:52,550 INFO o.a.j.t.JMeterThread: Thread started: jp@gc - Stepping Thread Group 1-191
2026-10-08 17:45:52,551 INFO o.a.j.t.JMeterThread: Stop Thread seen for thread jp@gc - Stepping Thread Group 1-191, reason: org.apache.jorphan.util.JMeterStopThreadException: End of file:/Users/lisa/Documents/tools/date/tokens.csv detected for CSV DataSet:CSV 数据文件设置 configured with stopThread:true, recycle:false
2026-10-08 17:45:52,551 INFO o.a.j.t.JMeterThread: Thread finished: jp@gc - Stepping Thread Group 1-191
2026-10-08 17:45:52,557 INFO o.a.j.t.JMeterThread: Stop Thread seen for thread jp@gc - Stepping Thread Group 1-29, reason: org.apache.jorphan.util.JMeterStopThreadException: End of file:/Users/lisa/Documents/tools/date/tokens.csv detected for CSV DataSet:CSV 数据文件设置 configured with stopThread:true, recycle:false
2026-10-08 17:45:52,557 INFO o.a.j.t.JMeterThread: Thread finished: jp@gc - Stepping Thread Group 1-29
2026-10-08 17:45:52,571 INFO o.a.j.t.JMeterThread: Stop Thread seen for thread jp@gc - Stepping Thread Group 1-6, reason: org.apache.jorphan.util.JMeterStopThreadException: End of file:/Users/lisa/Documents/tools/date/tokens.csv detected for CSV DataSet:CSV 数据文件设置 configured with stopThread:true, recycle:false
2026-10-08 17:45:52,571 INFO o.a.j.t.JMeterThread: Thread finished: jp@gc - Stepping Thread Group 1-6
2026-10-08 17:45:52,583 INFO o.a.j.t.JMeterThread: Stop Thread seen for thread jp@gc - Stepping Thread Group 1-1, reason: org.apache.jorphan.util.JMeterStopThreadException: End of file:/Users/lisa/Documents/tools/date/tokens.csv detected for CSV DataSet:CSV 数据文件设置 configured with stopThread:true, recycle:false
2026-10-08 17:45:52,583 INFO o.a.j.t.JMeterThread: Thread finished: jp@gc - Stepping Thread Group 1-1
2026-10-08 17:45:52,599 INFO o.a.j.t.JMeterThread: Stop Thread seen for thread jp@gc - Stepping Thread Group 1-59, reason: org.apache.jorphan.util.JMeterStopThreadException: End of file:/Users/lisa/Documents/tools/date/tokens.csv detected for CSV DataSet:CSV 数据文件设置 configured with stopThread:true, recycle:false
2026-10-08 17:45:52,599 INFO o.a.j.t.JMeterThread: Thread finished: jp@gc - Stepping Thread Group 1-59
2026-10-08 17:45:52,600 INFO o.a.j.t.JMeterThread: Thread started: jp@gc - Stepping Thread Group 1-192
2026-10-08 17:45:52,601 INFO o.a.j.t.JMeterThread: Stop Thread seen for thread jp@gc - Stepping Thread Group 1-192, reason: org.apache.jorphan.util.JMeterStopThreadException: End of file:/Users/lisa/Documents/tools/date/tokens.csv detected for CSV DataSet:CSV 数据文件设置 configured with stopThread:true, recycle:false
2026-10-08 17:45:52,601 INFO o.a.j.t.JMeterThread: Thread finished: jp@gc - Stepping Thread Group 1-192
2026-10-08 17:45:52,612 INFO o.a.j.t.JMeterThread: Stop Thread seen for thread jp@gc - Stepping Thread Group 1-24, reason: org.apache.jorphan.util.JMeterStopThreadException: End of file:/Users/lisa/Documents/tools/date/tokens.csv detected for CSV DataSet:CSV 数据文件设置 configured with stopThread:true, recycle:false
2026-10-08 17:45:52,612 INFO o.a.j.t.JMeterThread: Thread finished: jp@gc - Stepping Thread Group 1-24
2026-10-08 17:45:52,624 INFO o.a.j.t.JMeterThread: Stop Thread seen for thread jp@gc - Stepping Thread Group 1-10, reason: org.apache.jorphan.util.JMeterStopThreadException: End of file:/Users/lisa/Documents/tools/date/tokens.csv detected for CSV DataSet:CSV 数据文件设置 configured with stopThread:true, recycle:false
2026-10-08 17:45:52,624 INFO o.a.j.t.JMeterThread: Thread finished: jp@gc - Stepping Thread Group 1-10
2026-10-08 17:45:52,640 INFO o.a.j.t.JMeterThread: Stop Thread seen for thread jp@gc - Stepping Thread Group 1-13, reason: org.apache.jorphan.util.JMeterStopThreadException: End of file:/Users/lisa/Documents/tools/date/tokens.csv detected for CSV DataSet:CSV 数据文件设置 configured with stopThread:true, recycle:false
2026-10-08 17:45:52,640 INFO o.a.j.t.JMeterThread: Thread finished: jp@gc - Stepping Thread Group 1-13
2026-10-08 17:45:52,646 INFO o.a.j.t.JMeterThread: Thread started: jp@gc - Stepping Thread Group 1-193
2026-10-08 17:45:52,647 INFO o.a.j.t.JMeterThread: Stop Thread seen for thread jp@gc - Stepping Thread Group 1-193, reason: org.apache.jorphan.util.JMeterStopThreadException: End of file:/Users/lisa/Documents/tools/date/tokens.csv detected for CSV DataSet:CSV 数据文件设置 configured with stopThread:true, recycle:false
2026-10-08 17:45:52,647 INFO o.a.j.t.JMeterThread: Thread finished: jp@gc - Stepping Thread Group 1-193
2026-10-08 17:45:52,654 INFO o.a.j.t.JMeterThread: Stop Thread seen for thread jp@gc - Stepping Thread Group 1-16, reason: org.apache.jorphan.util.JMeterStopThreadException: End of file:/Users/lisa/Documents/tools/date/tokens.csv detected for CSV DataSet:CSV 数据文件设置 configured with stopThread:true, recycle:false
2026-10-08 17:45:52,654 INFO o.a.j.t.JMeterThread: Thread finished: jp@gc - Stepping Thread Group 1-16
2026-10-08 17:45:52,667 INFO o.a.j.t.JMeterThread: Stop Thread seen for thread jp@gc - Stepping Thread Group 1-48, reason: org.apache.jorphan.util.JMeterStopThreadException: End of file:/Users/lisa/Documents/tools/date/tokens.csv detected for CSV DataSet:CSV 数据文件设置 configured with stopThread:true, recycle:false
2026-10-08 17:45:52,667 INFO o.a.j.t.JMeterThread: Thread finished: jp@gc - Stepping Thread Group 1-48
2026-10-08 17:45:52,680 INFO o.a.j.t.JMeterThread: Stop Thread seen for thread jp@gc - Stepping Thread Group 1-5, reason: org.apache.jorphan.util.JMeterStopThreadException: End of file:/Users/lisa/Documents/tools/date/tokens.csv detected for CSV DataSet:CSV 数据文件设置 configured with stopThread:true, recycle:false
2026-10-08 17:45:52,680 INFO o.a.j.t.JMeterThread: Thread finished: jp@gc - Stepping Thread Group 1-5
2026-10-08 17:45:52,694 INFO o.a.j.t.JMeterThread: Stop Thread seen for thread jp@gc - Stepping Thread Group 1-17, reason: org.apache.jorphan.util.JMeterStopThreadException: End of file:/Users/lisa/Documents/tools/date/tokens.csv detected for CSV DataSet:CSV 数据文件设置 configured with stopThread:true, recycle:false
2026-10-08 17:45:52,695 INFO o.a.j.t.JMeterThread: Thread finished: jp@gc - Stepping Thread Group 1-17
2026-10-08 17:45:52,701 INFO o.a.j.t.JMeterThread: Thread started: jp@gc - Stepping Thread Group 1-194
2026-10-08 17:45:52,701 INFO o.a.j.t.JMeterThread: Stop Thread seen for thread jp@gc - Stepping Thread Group 1-194, reason: org.apache.jorphan.util.JMeterStopThreadException: End of file:/Users/lisa/Documents/tools/date/tokens.csv detected for CSV DataSet:CSV 数据文件设置 configured with stopThread:true, recycle:false
2026-10-08 17:45:52,701 INFO o.a.j.t.JMeterThread: Thread finished: jp@gc - Stepping Thread Group 1-194
2026-10-08 17:45:52,709 INFO o.a.j.t.JMeterThread: Stop Thread seen for thread jp@gc - Stepping Thread Group 1-28, reason: org.apache.jorphan.util.JMeterStopThreadException: End of file:/Users/lisa/Documents/tools/date/tokens.csv detected for CSV DataSet:CSV 数据文件设置 configured with stopThread:true, recycle:false
2026-10-08 17:45:52,709 INFO o.a.j.t.JMeterThread: Thread finished: jp@gc - Stepping Thread Group 1-28
2026-10-08 17:45:52,721 INFO o.a.j.t.JMeterThread: Stop Thread seen for thread jp@gc - Stepping Thread Group 1-15, reason: org.apache.jorphan.util.JMeterStopThreadException: End of file:/Users/lisa/Documents/tools/date/tokens.csv detected for CSV DataSet:CSV 数据文件设置 configured with stopThread:true, recycle:false
2026-10-08 17:45:52,722 INFO o.a.j.t.JMeterThread: Thread finished: jp@gc - Stepping Thread Group 1-15
2026-10-08 17:45:52,736 INFO o.a.j.t.JMeterThread: Stop Thread seen for thread jp@gc - Stepping Thread Group 1-18, reason: org.apache.jorphan.util.JMeterStopThreadException: End of file:/Users/lisa/Documents/tools/date/tokens.csv detected for CSV DataSet:CSV 数据文件设置 configured with stopThread:true, recycle:false
2026-10-08 17:45:52,736 INFO o.a.j.t.JMeterThread: Thread finished: jp@gc - Stepping Thread Group 1-18
2026-10-08 17:45:52,747 INFO o.a.j.t.JMeterThread: Stop Thread seen for thread jp@gc - Stepping Thread Group 1-9, reason: org.apache.jorphan.util.JMeterStopThreadException: End of file:/Users/lisa/Documents/tools/date/tokens.csv detected for CSV DataSet:CSV 数据文件设置 configured with stopThread:true, recycle:false
2026-10-08 17:45:52,747 INFO o.a.j.t.JMeterThread: Thread finished: jp@gc - Stepping Thread Group 1-9
2026-10-08 17:45:52,748 INFO o.a.j.t.JMeterThread: Thread started: jp@gc - Stepping Thread Group 1-195
2026-10-08 17:45:52,748 INFO o.a.j.t.JMeterThread: Stop Thread seen for thread jp@gc - Stepping Thread Group 1-195, reason: org.apache.jorphan.util.JMeterStopThreadException: End of file:/Users/lisa/Documents/tools/date/tokens.csv detected for CSV DataSet:CSV 数据文件设置 configured with stopThread:true, recycle:false
2026-10-08 17:45:52,748 INFO o.a.j.t.JMeterThread: Thread finished: jp@gc - Stepping Thread Group 1-195
2026-10-08 17:45:52,758 INFO o.a.j.t.JMeterThread: Stop Thread seen for thread jp@gc - Stepping Thread Group 1-8, reason: org.apache.jorphan.util.JMeterStopThreadException: End of file:/Users/lisa/Documents/tools/date/tokens.csv detected for CSV DataSet:CSV 数据文件设置 configured with stopThread:true, recycle:false
2026-10-08 17:45:52,758 INFO o.a.j.t.JMeterThread: Thread finished: jp@gc - Stepping Thread Group 1-8
2026-10-08 17:45:52,770 INFO o.a.j.t.JMeterThread: Stop Thread seen for thread jp@gc - Stepping Thread Group 1-19, reason: org.apache.jorphan.util.JMeterStopThreadException: End of file:/Users/lisa/Documents/tools/date/tokens.csv detected for CSV DataSet:CSV 数据文件设置 configured with stopThread:true, recycle:false
2026-10-08 17:45:52,770 INFO o.a.j.t.JMeterThread: Thread finished: jp@gc - Stepping Thread Group 1-19
2026-10-08 17:45:52,782 INFO o.a.j.t.JMeterThread: Stop Thread seen for thread jp@gc - Stepping Thread Group 1-12, reason: org.apache.jorphan.util.JMeterStopThreadException: End of file:/Users/lisa/Documents/tools/date/tokens.csv detected for CSV DataSet:CSV 数据文件设置 configured with stopThread:true, recycle:false
2026-10-08 17:45:52,782 INFO o.a.j.t.JMeterThread: Thread finished: jp@gc - Stepping Thread Group 1-12
2026-10-08 17:45:52,800 INFO o.a.j.t.JMeterThread: Thread started: jp@gc - Stepping Thread Group 1-196
2026-10-08 17:45:52,801 INFO o.a.j.t.JMeterThread: Stop Thread seen for thread jp@gc - Stepping Thread Group 1-196, reason: org.apache.jorphan.util.JMeterStopThreadException: End of file:/Users/lisa/Documents/tools/date/tokens.csv detected for CSV DataSet:CSV 数据文件设置 configured with stopThread:true, recycle:false
2026-10-08 17:45:52,801 INFO o.a.j.t.JMeterThread: Thread finished: jp@gc - Stepping Thread Group 1-196
2026-10-08 17:45:52,850 INFO o.a.j.t.JMeterThread: Thread started: jp@gc - Stepping Thread Group 1-197
2026-10-08 17:45:52,851 INFO o.a.j.t.JMeterThread: Stop Thread seen for thread jp@gc - Stepping Thread Group 1-197, reason: org.apache.jorphan.util.JMeterStopThreadException: End of file:/Users/lisa/Documents/tools/date/tokens.csv detected for CSV DataSet:CSV 数据文件设置 configured with stopThread:true, recycle:false
2026-10-08 17:45:52,851 INFO o.a.j.t.JMeterThread: Thread finished: jp@gc - Stepping Thread Group 1-197
2026-10-08 17:45:52,900 INFO o.a.j.t.JMeterThread: Thread started: jp@gc - Stepping Thread Group 1-198
2026-10-08 17:45:52,901 INFO o.a.j.t.JMeterThread: Stop Thread seen for thread jp@gc - Stepping Thread Group 1-198, reason: org.apache.jorphan.util.JMeterStopThreadException: End of file:/Users/lisa/Documents/tools/date/tokens.csv detected for CSV DataSet:CSV 数据文件设置 configured with stopThread:true, recycle:false
2026-10-08 17:45:52,901 INFO o.a.j.t.JMeterThread: Thread finished: jp@gc - Stepping Thread Group 1-198
2026-10-08 17:45:52,945 INFO o.a.j.t.JMeterThread: Thread started: jp@gc - Stepping Thread Group 1-199
2026-10-08 17:45:52,946 INFO o.a.j.t.JMeterThread: Stop Thread seen for thread jp@gc - Stepping Thread Group 1-199, reason: org.apache.jorphan.util.JMeterStopThreadException: End of file:/Users/lisa/Documents/tools/date/tokens.csv detected for CSV DataSet:CSV 数据文件设置 configured with stopThread:true, recycle:false
2026-10-08 17:45:52,946 INFO o.a.j.t.JMeterThread: Thread finished: jp@gc - Stepping Thread Group 1-199
2026-10-08 17:45:52,995 INFO o.a.j.t.JMeterThread: Thread started: jp@gc - Stepping Thread Group 1-200
2026-10-08 17:45:52,996 INFO o.a.j.t.JMeterThread: Stop Thread seen for thread jp@gc - Stepping Thread Group 1-200, reason: org.apache.jorphan.util.JMeterStopThreadException: End of file:/Users/lisa/Documents/tools/date/tokens.csv detected for CSV DataSet:CSV 数据文件设置 configured with stopThread:true, recycle:false
2026-10-08 17:45:52,996 INFO o.a.j.t.JMeterThread: Thread finished: jp@gc - Stepping Thread Group 1-200
2026-10-08 17:45:59,050 INFO o.a.j.t.JMeterThread: Thread started: jp@gc - Stepping Thread Group 1-201
2026-10-08 17:45:59,051 INFO o.a.j.t.JMeterThread: Stop Thread seen for thread jp@gc - Stepping Thread Group 1-201, reason: org.apache.jorphan.util.JMeterStopThreadException: End of file:/Users/lisa/Documents/tools/date/tokens.csv detected for CSV DataSet:CSV 数据文件设置 configured with stopThread:true, recycle:false
2026-10-08 17:45:59,051 INFO o.a.j.t.JMeterThread: Thread finished: jp@gc - Stepping Thread Group 1-201
2026-10-08 17:45:59,099 INFO o.a.j.t.JMeterThread: Thread started: jp@gc - Stepping Thread Group 1-202
2026-10-08 17:45:59,100 INFO o.a.j.t.JMeterThread: Stop Thread seen for thread jp@gc - Stepping Thread Group 1-202, reason: org.apache.jorphan.util.JMeterStopThreadException: End of file:/Users/lisa/Documents/tools/date/tokens.csv detected for CSV DataSet:CSV 数据文件设置 configured with stopThread:true, recycle:false
2026-10-08 17:45:59,100 INFO o.a.j.t.JMeterThread: Thread finished: jp@gc - Stepping Thread Group 1-202
2026-10-08 17:45:59,148 INFO o.a.j.t.JMeterThread: Thread started: jp@gc - Stepping Thread Group 1-203
2026-10-08 17:45:59,149 INFO o.a.j.t.JMeterThread: Stop Thread seen for thread jp@gc - Stepping Thread Group 1-203, reason: org.apache.jorphan.util.JMeterStopThreadException: End of file:/Users/lisa/Documents/tools/date/tokens.csv detected for CSV DataSet:CSV 数据文件设置 configured with stopThread:true, recycle:false
2026-10-08 17:45:59,149 INFO o.a.j.t.JMeterThread: Thread finished: jp@gc - Stepping Thread Group 1-203
2026-10-08 17:45:59,197 INFO o.a.j.t.JMeterThread: Thread started: jp@gc - Stepping Thread Group 1-204
2026-10-08 17:45:59,198 INFO o.a.j.t.JMeterThread: Stop Thread seen for thread jp@gc - Stepping Thread Group 1-204, reason: org.apache.jorphan.util.JMeterStopThreadException: End of file:/Users/lisa/Documents/tools/date/tokens.csv detected for CSV DataSet:CSV 数据文件设置 configured with stopThread:true, recycle:false
2026-10-08 17:45:59,198 INFO o.a.j.t.JMeterThread: Thread finished: jp@gc - Stepping Thread Group 1-204
2026-10-08 17:45:59,246 INFO o.a.j.t.JMeterThread: Thread started: jp@gc - Stepping Thread Group 1-205
2026-10-08 17:45:59,247 INFO o.a.j.t.JMeterThread: Stop Thread seen for thread jp@gc - Stepping Thread Group 1-205, reason: org.apache.jorphan.util.JMeterStopThreadException: End of file:/Users/lisa/Documents/tools/date/tokens.csv detected for CSV DataSet:CSV 数据文件设置 configured with stopThread:true, recycle:false
2026-10-08 17:45:59,247 INFO o.a.j.t.JMeterThread: Thread finished: jp@gc - Stepping Thread Group 1-205
2026-10-08 17:45:59,296 INFO o.a.j.t.JMeterThread: Thread started: jp@gc - Stepping Thread Group 1-206
2026-10-08 17:45:59,297 INFO o.a.j.t.JMeterThread: Stop Thread seen for thread jp@gc - Stepping Thread Group 1-206, reason: org.apache.jorphan.util.JMeterStopThreadException: End of file:/Users/lisa/Documents/tools/date/tokens.csv detected for CSV DataSet:CSV 数据文件设置 configured with stopThread:true, recycle:false
2026-10-08 17:45:59,297 INFO o.a.j.t.JMeterThread: Thread finished: jp@gc - Stepping Thread Group 1-206
2026-10-08 17:45:59,349 INFO o.a.j.t.JMeterThread: Thread started: jp@gc - Stepping Thread Group 1-207
2026-10-08 17:45:59,350 INFO o.a.j.t.JMeterThread: Stop Thread seen for thread jp@gc - Stepping Thread Group 1-207, reason: org.apache.jorphan.util.JMeterStopThreadException: End of file:/Users/lisa/Documents/tools/date/tokens.csv detected for CSV DataSet:CSV 数据文件设置 configured with stopThread:true, recycle:false
2026-10-08 17:45:59,350 INFO o.a.j.t.JMeterThread: Thread finished: jp@gc - Stepping Thread Group 1-207
2026-10-08 17:45:59,400 INFO o.a.j.t.JMeterThread: Thread started: jp@gc - Stepping Thread Group 1-208
2026-10-08 17:45:59,401 INFO o.a.j.t.JMeterThread: Stop Thread seen for thread jp@gc - Stepping Thread Group 1-208, reason: org.apache.jorphan.util.JMeterStopThreadException: End of file:/Users/lisa/Documents/tools/date/tokens.csv detected for CSV DataSet:CSV 数据文件设置 configured with stopThread:true, recycle:false
2026-10-08 17:45:59,401 INFO o.a.j.t.JMeterThread: Thread finished: jp@gc - Stepping Thread Group 1-208
2026-10-08 17:45:59,450 INFO o.a.j.t.JMeterThread: Thread started: jp@gc - Stepping Thread Group 1-209
2026-10-08 17:45:59,451 INFO o.a.j.t.JMeterThread: Stop Thread seen for thread jp@gc - Stepping Thread Group 1-209, reason: org.apache.jorphan.util.JMeterStopThreadException: End of file:/Users/lisa/Documents/tools/date/tokens.csv detected for CSV DataSet:CSV 数据文件设置 configured with stopThread:true, recycle:false
2026-10-08 17:45:59,451 INFO o.a.j.t.JMeterThread: Thread finished: jp@gc - Stepping Thread Group 1-209
2026-10-08 17:45:59,500 INFO o.a.j.t.JMeterThread: Thread started: jp@gc - Stepping Thread Group 1-210
2026-10-08 17:45:59,501 INFO o.a.j.t.JMeterThread: Stop Thread seen for thread jp@gc - Stepping Thread Group 1-210, reason: org.apache.jorphan.util.JMeterStopThreadException: End of file:/Users/lisa/Documents/tools/date/tokens.csv detected for CSV DataSet:CSV 数据文件设置 configured with stopThread:true, recycle:false
2026-10-08 17:45:59,501 INFO o.a.j.t.JMeterThread: Thread finished: jp@gc - Stepping Thread Group 1-210
2026-10-08 17:45:59,550 INFO o.a.j.t.JMeterThread: Thread started: jp@gc - Stepping Thread Group 1-211
2026-10-08 17:45:59,551 INFO o.a.j.t.JMeterThread: Stop Thread seen for thread jp@gc - Stepping Thread Group 1-211, reason: org.apache.jorphan.util.JMeterStopThreadException: End of file:/Users/lisa/Documents/tools/date/tokens.csv detected for CSV DataSet:CSV 数据文件设置 configured with stopThread:true, recycle:false
2026-10-08 17:45:59,551 INFO o.a.j.t.JMeterThread: Thread finished: jp@gc - Stepping Thread Group 1-211
2026-10-08 17:45:59,600 INFO o.a.j.t.JMeterThread: Thread started: jp@gc - Stepping Thread Group 1-212
2026-10-08 17:45:59,601 INFO o.a.j.t.JMeterThread: Stop Thread seen for thread jp@gc - Stepping Thread Group 1-212, reason: org.apache.jorphan.util.JMeterStopThreadException: End of file:/Users/lisa/Documents/tools/date/tokens.csv detected for CSV DataSet:CSV 数据文件设置 configured with stopThread:true, recycle:false
2026-10-08 17:45:59,601 INFO o.a.j.t.JMeterThread: Thread finished: jp@gc - Stepping Thread Group 1-212
2026-10-08 17:45:59,648 INFO o.a.j.t.JMeterThread: Thread started: jp@gc - Stepping Thread Group 1-213
2026-10-08 17:45:59,648 INFO o.a.j.t.JMeterThread: Stop Thread seen for thread jp@gc - Stepping Thread Group 1-213, reason: org.apache.jorphan.util.JMeterStopThreadException: End of file:/Users/lisa/Documents/tools/date/tokens.csv detected for CSV DataSet:CSV 数据文件设置 configured with stopThread:true, recycle:false
2026-10-08 17:45:59,648 INFO o.a.j.t.JMeterThread: Thread finished: jp@gc - Stepping Thread Group 1-213
2026-10-08 17:45:59,696 INFO o.a.j.t.JMeterThread: Thread started: jp@gc - Stepping Thread Group 1-214
2026-10-08 17:45:59,697 INFO o.a.j.t.JMeterThread: Stop Thread seen for thread jp@gc - Stepping Thread Group 1-214, reason: org.apache.jorphan.util.JMeterStopThreadException: End of file:/Users/lisa/Documents/tools/date/tokens.csv detected for CSV DataSet:CSV 数据文件设置 configured with stopThread:true, recycle:false
2026-10-08 17:45:59,697 INFO o.a.j.t.JMeterThread: Thread finished: jp@gc - Stepping Thread Group 1-214
2026-10-08 17:45:59,750 INFO o.a.j.t.JMeterThread: Thread started: jp@gc - Stepping Thread Group 1-215
2026-10-08 17:45:59,751 INFO o.a.j.t.JMeterThread: Stop Thread seen for thread jp@gc - Stepping Thread Group 1-215, reason: org.apache.jorphan.util.JMeterStopThreadException: End of file:/Users/lisa/Documents/tools/date/tokens.csv detected for CSV DataSet:CSV 数据文件设置 configured with stopThread:true, recycle:false
2026-10-08 17:45:59,751 INFO o.a.j.t.JMeterThread: Thread finished: jp@gc - Stepping Thread Group 1-215
2026-10-08 17:45:59,795 INFO o.a.j.t.JMeterThread: Thread started: jp@gc - Stepping Thread Group 1-216
2026-10-08 17:45:59,796 INFO o.a.j.t.JMeterThread: Stop Thread seen for thread jp@gc - Stepping Thread Group 1-216, reason: org.apache.jorphan.util.JMeterStopThreadException: End of file:/Users/lisa/Documents/tools/date/tokens.csv detected for CSV DataSet:CSV 数据文件设置 configured with stopThread:true, recycle:false
2026-10-08 17:45:59,796 INFO o.a.j.t.JMeterThread: Thread finished: jp@gc - Stepping Thread Group 1-216
2026-10-08 17:45:59,849 INFO o.a.j.t.JMeterThread: Thread started: jp@gc - Stepping Thread Group 1-217
2026-10-08 17:45:59,849 INFO o.a.j.t.JMeterThread: Stop Thread seen for thread jp@gc - Stepping Thread Group 1-217, reason: org.apache.jorphan.util.JMeterStopThreadException: End of file:/Users/lisa/Documents/tools/date/tokens.csv detected for CSV DataSet:CSV 数据文件设置 configured with stopThread:true, recycle:false
2026-10-08 17:45:59,850 INFO o.a.j.t.JMeterThread: Thread finished: jp@gc - Stepping Thread Group 1-217
2026-10-08 17:45:59,900 INFO o.a.j.t.JMeterThread: Thread started: jp@gc - Stepping Thread Group 1-218
2026-10-08 17:45:59,901 INFO o.a.j.t.JMeterThread: Stop Thread seen for thread jp@gc - Stepping Thread Group 1-218, reason: org.apache.jorphan.util.JMeterStopThreadException: End of file:/Users/lisa/Documents/tools/date/tokens.csv detected for CSV DataSet:CSV 数据文件设置 configured with stopThread:true, recycle:false
2026-10-08 17:45:59,901 INFO o.a.j.t.JMeterThread: Thread finished: jp@gc - Stepping Thread Group 1-218
2026-10-08 17:45:59,951 INFO o.a.j.t.JMeterThread: Thread started: jp@gc - Stepping Thread Group 1-219
2026-10-08 17:45:59,951 INFO o.a.j.t.JMeterThread: Stop Thread seen for thread jp@gc - Stepping Thread Group 1-219, reason: org.apache.jorphan.util.JMeterStopThreadException: End of file:/Users/lisa/Documents/tools/date/tokens.csv detected for CSV DataSet:CSV 数据文件设置 configured with stopThread:true, recycle:false
2026-10-08 17:45:59,951 INFO o.a.j.t.JMeterThread: Thread finished: jp@gc - Stepping Thread Group 1-219
2026-10-08 17:45:59,998 INFO o.a.j.t.JMeterThread: Thread started: jp@gc - Stepping Thread Group 1-220
2026-10-08 17:45:59,999 INFO o.a.j.t.JMeterThread: Stop Thread seen for thread jp@gc - Stepping Thread Group 1-220, reason: org.apache.jorphan.util.JMeterStopThreadException: End of file:/Users/lisa/Documents/tools/date/tokens.csv detected for CSV DataSet:CSV 数据文件设置 configured with stopThread:true, recycle:false
2026-10-08 17:45:59,999 INFO o.a.j.t.JMeterThread: Thread finished: jp@gc - Stepping Thread Group 1-220
2026-10-08 17:46:00,047 INFO o.a.j.t.JMeterThread: Thread started: jp@gc - Stepping Thread Group 1-221
2026-10-08 17:46:00,047 INFO o.a.j.t.JMeterThread: Stop Thread seen for thread jp@gc - Stepping Thread Group 1-221, reason: org.apache.jorphan.util.JMeterStopThreadException: End of file:/Users/lisa/Documents/tools/date/tokens.csv detected for CSV DataSet:CSV 数据文件设置 configured with stopThread:true, recycle:false
2026-10-08 17:46:00,047 INFO o.a.j.t.JMeterThread: Thread finished: jp@gc - Stepping Thread Group 1-221
2026-10-08 17:46:00,100 INFO o.a.j.t.JMeterThread: Thread started: jp@gc - Stepping Thread Group 1-222
2026-10-08 17:46:00,100 INFO o.a.j.t.JMeterThread: Stop Thread seen for thread jp@gc - Stepping Thread Group 1-222, reason: org.apache.jorphan.util.JMeterStopThreadException: End of file:/Users/lisa/Documents/tools/date/tokens.csv detected for CSV DataSet:CSV 数据文件设置 configured with stopThread:true, recycle:false
2026-10-08 17:46:00,101 INFO o.a.j.t.JMeterThread: Thread finished: jp@gc - Stepping Thread Group 1-222
2026-10-08 17:46:00,150 INFO o.a.j.t.JMeterThread: Thread started: jp@gc - Stepping Thread Group 1-223
2026-10-08 17:46:00,151 INFO o.a.j.t.JMeterThread: Stop Thread seen for thread jp@gc - Stepping Thread Group 1-223, reason: org.apache.jorphan.util.JMeterStopThreadException: End of file:/Users/lisa/Documents/tools/date/tokens.csv detected for CSV DataSet:CSV 数据文件设置 configured with stopThread:true, recycle:false
2026-10-08 17:46:00,151 INFO o.a.j.t.JMeterThread: Thread finished: jp@gc - Stepping Thread Group 1-223
2026-10-08 17:46:00,196 INFO o.a.j.t.JMeterThread: Thread started: jp@gc - Stepping Thread Group 1-224
2026-10-08 17:46:00,197 INFO o.a.j.t.JMeterThread: Stop Thread seen for thread jp@gc - Stepping Thread Group 1-224, reason: org.apache.jorphan.util.JMeterStopThreadException: End of file:/Users/lisa/Documents/tools/date/tokens.csv detected for CSV DataSet:CSV 数据文件设置 configured with stopThread:true, recycle:false
2026-10-08 17:46:00,197 INFO o.a.j.t.JMeterThread: Thread finished: jp@gc - Stepping Thread Group 1-224
2026-10-08 17:46:00,250 INFO o.a.j.t.JMeterThread: Thread started: jp@gc - Stepping Thread Group 1-225
2026-10-08 17:46:00,251 INFO o.a.j.t.JMeterThread: Stop Thread seen for thread jp@gc - Stepping Thread Group 1-225, reason: org.apache.jorphan.util.JMeterStopThreadException: End of file:/Users/lisa/Documents/tools/date/tokens.csv detected for CSV DataSet:CSV 数据文件设置 configured with stopThread:true, recycle:false
2026-10-08 17:46:00,252 INFO o.a.j.t.JMeterThread: Thread finished: jp@gc - Stepping Thread Group 1-225
2026-10-08 17:46:00,296 INFO o.a.j.t.JMeterThread: Thread started: jp@gc - Stepping Thread Group 1-226
2026-10-08 17:46:00,297 INFO o.a.j.t.JMeterThread: Stop Thread seen for thread jp@gc - Stepping Thread Group 1-226, reason: org.apache.jorphan.util.JMeterStopThreadException: End of file:/Users/lisa/Documents/tools/date/tokens.csv detected for CSV DataSet:CSV 数据文件设置 configured with stopThread:true, recycle:false
2026-10-08 17:46:00,297 INFO o.a.j.t.JMeterThread: Thread finished: jp@gc - Stepping Thread Group 1-226
2026-10-08 17:46:00,347 INFO o.a.j.t.JMeterThread: Thread started: jp@gc - Stepping Thread Group 1-227
2026-10-08 17:46:00,347 INFO o.a.j.t.JMeterThread: Stop Thread seen for thread jp@gc - Stepping Thread Group 1-227, reason: org.apache.jorphan.util.JMeterStopThreadException: End of file:/Users/lisa/Documents/tools/date/tokens.csv detected for CSV DataSet:CSV 数据文件设置 configured with stopThread:true, recycle:false
2026-10-08 17:46:00,347 INFO o.a.j.t.JMeterThread: Thread finished: jp@gc - Stepping Thread Group 1-227
2026-10-08 17:46:00,401 INFO o.a.j.t.JMeterThread: Thread started: jp@gc - Stepping Thread Group 1-228
2026-10-08 17:46:00,401 INFO o.a.j.t.JMeterThread: Stop Thread seen for thread jp@gc - Stepping Thread Group 1-228, reason: org.apache.jorphan.util.JMeterStopThreadException: End of file:/Users/lisa/Documents/tools/date/tokens.csv detected for CSV DataSet:CSV 数据文件设置 configured with stopThread:true, recycle:false
2026-10-08 17:46:00,402 INFO o.a.j.t.JMeterThread: Thread finished: jp@gc - Stepping Thread Group 1-228
2026-10-08 17:46:00,451 INFO o.a.j.t.JMeterThread: Thread started: jp@gc - Stepping Thread Group 1-229
2026-10-08 17:46:00,451 INFO o.a.j.t.JMeterThread: Stop Thread seen for thread jp@gc - Stepping Thread Group 1-229, reason: org.apache.jorphan.util.JMeterStopThreadException: End of file:/Users/lisa/Documents/tools/date/tokens.csv detected for CSV DataSet:CSV 数据文件设置 configured with stopThread:true, recycle:false
2026-10-08 17:46:00,451 INFO o.a.j.t.JMeterThread: Thread finished: jp@gc - Stepping Thread Group 1-229
2026-10-08 17:46:00,500 INFO o.a.j.t.JMeterThread: Thread started: jp@gc - Stepping Thread Group 1-230
2026-10-08 17:46:00,501 INFO o.a.j.t.JMeterThread: Stop Thread seen for thread jp@gc - Stepping Thread Group 1-230, reason: org.apache.jorphan.util.JMeterStopThreadException: End of file:/Users/lisa/Documents/tools/date/tokens.csv detected for CSV DataSet:CSV 数据文件设置 configured with stopThread:true, recycle:false
2026-10-08 17:46:00,501 INFO o.a.j.t.JMeterThread: Thread finished: jp@gc - Stepping Thread Group 1-230
2026-10-08 17:46:00,550 INFO o.a.j.t.JMeterThread: Thread started: jp@gc - Stepping Thread Group 1-231
2026-10-08 17:46:00,551 INFO o.a.j.t.JMeterThread: Stop Thread seen for thread jp@gc - Stepping Thread Group 1-231, reason: org.apache.jorphan.util.JMeterStopThreadException: End of file:/Users/lisa/Documents/tools/date/tokens.csv detected for CSV DataSet:CSV 数据文件设置 configured with stopThread:true, recycle:false
2026-10-08 17:46:00,551 INFO o.a.j.t.JMeterThread: Thread finished: jp@gc - Stepping Thread Group 1-231
2026-10-08 17:46:00,599 INFO o.a.j.t.JMeterThread: Thread started: jp@gc - Stepping Thread Group 1-232
2026-10-08 17:46:00,599 INFO o.a.j.t.JMeterThread: Stop Thread seen for thread jp@gc - Stepping Thread Group 1-232, reason: org.apache.jorphan.util.JMeterStopThreadException: End of file:/Users/lisa/Documents/tools/date/tokens.csv detected for CSV DataSet:CSV 数据文件设置 configured with stopThread:true, recycle:false
2026-10-08 17:46:00,599 INFO o.a.j.t.JMeterThread: Thread finished: jp@gc - Stepping Thread Group 1-232
2026-10-08 17:46:00,647 INFO o.a.j.t.JMeterThread: Thread started: jp@gc - Stepping Thread Group 1-233
2026-10-08 17:46:00,648 INFO o.a.j.t.JMeterThread: Stop Thread seen for thread jp@gc - Stepping Thread Group 1-233, reason: org.apache.jorphan.util.JMeterStopThreadException: End of file:/Users/lisa/Documents/tools/date/tokens.csv detected for CSV DataSet:CSV 数据文件设置 configured with stopThread:true, recycle:false
2026-10-08 17:46:00,648 INFO o.a.j.t.JMeterThread: Thread finished: jp@gc - Stepping Thread Group 1-233
2026-10-08 17:46:00,700 INFO o.a.j.t.JMeterThread: Thread started: jp@gc - Stepping Thread Group 1-234
2026-10-08 17:46:00,701 INFO o.a.j.t.JMeterThread: Stop Thread seen for thread jp@gc - Stepping Thread Group 1-234, reason: org.apache.jorphan.util.JMeterStopThreadException: End of file:/Users/lisa/Documents/tools/date/tokens.csv detected for CSV DataSet:CSV 数据文件设置 configured with stopThread:true, recycle:false
2026-10-08 17:46:00,701 INFO o.a.j.t.JMeterThread: Thread finished: jp@gc - Stepping Thread Group 1-234
2026-10-08 17:46:00,750 INFO o.a.j.t.JMeterThread: Thread started: jp@gc - Stepping Thread Group 1-235
2026-10-08 17:46:00,751 INFO o.a.j.t.JMeterThread: Stop Thread seen for thread jp@gc - Stepping Thread Group 1-235, reason: org.apache.jorphan.util.JMeterStopThreadException: End of file:/Users/lisa/Documents/tools/date/tokens.csv detected for CSV DataSet:CSV 数据文件设置 configured with stopThread:true, recycle:false
2026-10-08 17:46:00,751 INFO o.a.j.t.JMeterThread: Thread finished: jp@gc - Stepping Thread Group 1-235
2026-10-08 17:46:00,801 INFO o.a.j.t.JMeterThread: Thread started: jp@gc - Stepping Thread Group 1-236
2026-10-08 17:46:00,801 INFO o.a.j.t.JMeterThread: Stop Thread seen for thread jp@gc - Stepping Thread Group 1-236, reason: org.apache.jorphan.util.JMeterStopThreadException: End of file:/Users/lisa/Documents/tools/date/tokens.csv detected for CSV DataSet:CSV 数据文件设置 configured with stopThread:true, recycle:false
2026-10-08 17:46:00,801 INFO o.a.j.t.JMeterThread: Thread finished: jp@gc - Stepping Thread Group 1-236
2026-10-08 17:46:00,850 INFO o.a.j.t.JMeterThread: Thread started: jp@gc - Stepping Thread Group 1-237
2026-10-08 17:46:00,851 INFO o.a.j.t.JMeterThread: Stop Thread seen for thread jp@gc - Stepping Thread Group 1-237, reason: org.apache.jorphan.util.JMeterStopThreadException: End of file:/Users/lisa/Documents/tools/date/tokens.csv detected for CSV DataSet:CSV 数据文件设置 configured with stopThread:true, recycle:false
2026-10-08 17:46:00,851 INFO o.a.j.t.JMeterThread: Thread finished: jp@gc - Stepping Thread Group 1-237
2026-10-08 17:46:00,901 INFO o.a.j.t.JMeterThread: Thread started: jp@gc - Stepping Thread Group 1-238
2026-10-08 17:46:00,902 INFO o.a.j.t.JMeterThread: Stop Thread seen for thread jp@gc - Stepping Thread Group 1-238, reason: org.apache.jorphan.util.JMeterStopThreadException: End of file:/Users/lisa/Documents/tools/date/tokens.csv detected for CSV DataSet:CSV 数据文件设置 configured with stopThread:true, recycle:false
2026-10-08 17:46:00,902 INFO o.a.j.t.JMeterThread: Thread finished: jp@gc - Stepping Thread Group 1-238
2026-10-08 17:46:00,947 INFO o.a.j.t.JMeterThread: Thread started: jp@gc - Stepping Thread Group 1-239
2026-10-08 17:46:00,948 INFO o.a.j.t.JMeterThread: Stop Thread seen for thread jp@gc - Stepping Thread Group 1-239, reason: org.apache.jorphan.util.JMeterStopThreadException: End of file:/Users/lisa/Documents/tools/date/tokens.csv detected for CSV DataSet:CSV 数据文件设置 configured with stopThread:true, recycle:false
2026-10-08 17:46:00,948 INFO o.a.j.t.JMeterThread: Thread finished: jp@gc - Stepping Thread Group 1-239
2026-10-08 17:46:00,997 INFO o.a.j.t.JMeterThread: Thread started: jp@gc - Stepping Thread Group 1-240
2026-10-08 17:46:00,997 INFO o.a.j.t.JMeterThread: Stop Thread seen for thread jp@gc - Stepping Thread Group 1-240, reason: org.apache.jorphan.util.JMeterStopThreadException: End of file:/Users/lisa/Documents/tools/date/tokens.csv detected for CSV DataSet:CSV 数据文件设置 configured with stopThread:true, recycle:false
2026-10-08 17:46:00,998 INFO o.a.j.t.JMeterThread: Thread finished: jp@gc - Stepping Thread Group 1-240
2026-10-08 17:46:01,050 INFO o.a.j.t.JMeterThread: Thread started: jp@gc - Stepping Thread Group 1-241
2026-10-08 17:46:01,051 INFO o.a.j.t.JMeterThread: Stop Thread seen for thread jp@gc - Stepping Thread Group 1-241, reason: org.apache.jorphan.util.JMeterStopThreadException: End of file:/Users/lisa/Documents/tools/date/tokens.csv detected for CSV DataSet:CSV 数据文件设置 configured with stopThread:true, recycle:false
2026-10-08 17:46:01,051 INFO o.a.j.t.JMeterThread: Thread finished: jp@gc - Stepping Thread Group 1-241
2026-10-08 17:46:01,100 INFO o.a.j.t.JMeterThread: Thread started: jp@gc - Stepping Thread Group 1-242
2026-10-08 17:46:01,101 INFO o.a.j.t.JMeterThread: Stop Thread seen for thread jp@gc - Stepping Thread Group 1-242, reason: org.apache.jorphan.util.JMeterStopThreadException: End of file:/Users/lisa/Documents/tools/date/tokens.csv detected for CSV DataSet:CSV 数据文件设置 configured with stopThread:true, recycle:false
2026-10-08 17:46:01,101 INFO o.a.j.t.JMeterThread: Thread finished: jp@gc - Stepping Thread Group 1-242
2026-10-08 17:46:01,148 INFO o.a.j.t.JMeterThread: Thread started: jp@gc - Stepping Thread Group 1-243
2026-10-08 17:46:01,149 INFO o.a.j.t.JMeterThread: Stop Thread seen for thread jp@gc - Stepping Thread Group 1-243, reason: org.apache.jorphan.util.JMeterStopThreadException: End of file:/Users/lisa/Documents/tools/date/tokens.csv detected for CSV DataSet:CSV 数据文件设置 configured with stopThread:true, recycle:false
2026-10-08 17:46:01,149 INFO o.a.j.t.JMeterThread: Thread finished: jp@gc - Stepping Thread Group 1-243
2026-10-08 17:46:01,196 INFO o.a.j.t.JMeterThread: Thread started: jp@gc - Stepping Thread Group 1-244
2026-10-08 17:46:01,196 INFO o.a.j.t.JMeterThread: Stop Thread seen for thread jp@gc - Stepping Thread Group 1-244, reason: org.apache.jorphan.util.JMeterStopThreadException: End of file:/Users/lisa/Documents/tools/date/tokens.csv detected for CSV DataSet:CSV 数据文件设置 configured with stopThread:true, recycle:false
2026-10-08 17:46:01,197 INFO o.a.j.t.JMeterThread: Thread finished: jp@gc - Stepping Thread Group 1-244
2026-10-08 17:46:01,245 INFO o.a.j.t.JMeterThread: Thread started: jp@gc - Stepping Thread Group 1-245
2026-10-08 17:46:01,246 INFO o.a.j.t.JMeterThread: Stop Thread seen for thread jp@gc - Stepping Thread Group 1-245, reason: org.apache.jorphan.util.JMeterStopThreadException: End of file:/Users/lisa/Documents/tools/date/tokens.csv detected for CSV DataSet:CSV 数据文件设置 configured with stopThread:true, recycle:false
2026-10-08 17:46:01,246 INFO o.a.j.t.JMeterThread: Thread finished: jp@gc - Stepping Thread Group 1-245
2026-10-08 17:46:01,300 INFO o.a.j.t.JMeterThread: Thread started: jp@gc - Stepping Thread Group 1-246
2026-10-08 17:46:01,301 INFO o.a.j.t.JMeterThread: Stop Thread seen for thread jp@gc - Stepping Thread Group 1-246, reason: org.apache.jorphan.util.JMeterStopThreadException: End of file:/Users/lisa/Documents/tools/date/tokens.csv detected for CSV DataSet:CSV 数据文件设置 configured with stopThread:true, recycle:false
2026-10-08 17:46:01,301 INFO o.a.j.t.JMeterThread: Thread finished: jp@gc - Stepping Thread Group 1-246
2026-10-08 17:46:01,348 INFO o.a.j.t.JMeterThread: Thread started: jp@gc - Stepping Thread Group 1-247
2026-10-08 17:46:01,349 INFO o.a.j.t.JMeterThread: Stop Thread seen for thread jp@gc - Stepping Thread Group 1-247, reason: org.apache.jorphan.util.JMeterStopThreadException: End of file:/Users/lisa/Documents/tools/date/tokens.csv detected for CSV DataSet:CSV 数据文件设置 configured with stopThread:true, recycle:false
2026-10-08 17:46:01,349 INFO o.a.j.t.JMeterThread: Thread finished: jp@gc - Stepping Thread Group 1-247
2026-10-08 17:46:01,398 INFO o.a.j.t.JMeterThread: Thread started: jp@gc - Stepping Thread Group 1-248
2026-10-08 17:46:01,399 INFO o.a.j.t.JMeterThread: Stop Thread seen for thread jp@gc - Stepping Thread Group 1-248, reason: org.apache.jorphan.util.JMeterStopThreadException: End of file:/Users/lisa/Documents/tools/date/tokens.csv detected for CSV DataSet:CSV 数据文件设置 configured with stopThread:true, recycle:false
2026-10-08 17:46:01,399 INFO o.a.j.t.JMeterThread: Thread finished: jp@gc - Stepping Thread Group 1-248
2026-10-08 17:46:01,450 INFO o.a.j.t.JMeterThread: Thread started: jp@gc - Stepping Thread Group 1-249
2026-10-08 17:46:01,451 INFO o.a.j.t.JMeterThread: Stop Thread seen for thread jp@gc - Stepping Thread Group 1-249, reason: org.apache.jorphan.util.JMeterStopThreadException: End of file:/Users/lisa/Documents/tools/date/tokens.csv detected for CSV DataSet:CSV 数据文件设置 configured with stopThread:true, recycle:false
2026-10-08 17:46:01,451 INFO o.a.j.t.JMeterThread: Thread finished: jp@gc - Stepping Thread Group 1-249
2026-10-08 17:46:01,495 INFO o.a.j.t.JMeterThread: Thread started: jp@gc - Stepping Thread Group 1-250
2026-10-08 17:46:01,496 INFO o.a.j.t.JMeterThread: Stop Thread seen for thread jp@gc - Stepping Thread Group 1-250, reason: org.apache.jorphan.util.JMeterStopThreadException: End of file:/Users/lisa/Documents/tools/date/tokens.csv detected for CSV DataSet:CSV 数据文件设置 configured with stopThread:true, recycle:false
2026-10-08 17:46:01,496 INFO o.a.j.t.JMeterThread: Thread finished: jp@gc - Stepping Thread Group 1-250
2026-10-08 17:46:01,549 INFO o.a.j.t.JMeterThread: Thread started: jp@gc - Stepping Thread Group 1-251
2026-10-08 17:46:01,550 INFO o.a.j.t.JMeterThread: Stop Thread seen for thread jp@gc - Stepping Thread Group 1-251, reason: org.apache.jorphan.util.JMeterStopThreadException: End of file:/Users/lisa/Documents/tools/date/tokens.csv detected for CSV DataSet:CSV 数据文件设置 configured with stopThread:true, recycle:false
2026-10-08 17:46:01,550 INFO o.a.j.t.JMeterThread: Thread finished: jp@gc - Stepping Thread Group 1-251
2026-10-08 17:46:01,601 INFO o.a.j.t.JMeterThread: Thread started: jp@gc - Stepping Thread Group 1-252
2026-10-08 17:46:01,601 INFO o.a.j.t.JMeterThread: Stop Thread seen for thread jp@gc - Stepping Thread Group 1-252, reason: org.apache.jorphan.util.JMeterStopThreadException: End of file:/Users/lisa/Documents/tools/date/tokens.csv detected for CSV DataSet:CSV 数据文件设置 configured with stopThread:true, recycle:false
2026-10-08 17:46:01,601 INFO o.a.j.t.JMeterThread: Thread finished: jp@gc - Stepping Thread Group 1-252
2026-10-08 17:46:01,650 INFO o.a.j.t.JMeterThread: Thread started: jp@gc - Stepping Thread Group 1-253
2026-10-08 17:46:01,651 INFO o.a.j.t.JMeterThread: Stop Thread seen for thread jp@gc - Stepping Thread Group 1-253, reason: org.apache.jorphan.util.JMeterStopThreadException: End of file:/Users/lisa/Documents/tools/date/tokens.csv detected for CSV DataSet:CSV 数据文件设置 configured with stopThread:true, recycle:false
2026-10-08 17:46:01,651 INFO o.a.j.t.JMeterThread: Thread finished: jp@gc - Stepping Thread Group 1-253
2026-10-08 17:46:01,700 INFO o.a.j.t.JMeterThread: Thread started: jp@gc - Stepping Thread Group 1-254
2026-10-08 17:46:01,701 INFO o.a.j.t.JMeterThread: Stop Thread seen for thread jp@gc - Stepping Thread Group 1-254, reason: org.apache.jorphan.util.JMeterStopThreadException: End of file:/Users/lisa/Documents/tools/date/tokens.csv detected for CSV DataSet:CSV 数据文件设置 configured with stopThread:true, recycle:false
2026-10-08 17:46:01,701 INFO o.a.j.t.JMeterThread: Thread finished: jp@gc - Stepping Thread Group 1-254
2026-10-08 17:46:01,746 INFO o.a.j.t.JMeterThread: Thread started: jp@gc - Stepping Thread Group 1-255
2026-10-08 17:46:01,747 INFO o.a.j.t.JMeterThread: Stop Thread seen for thread jp@gc - Stepping Thread Group 1-255, reason: org.apache.jorphan.util.JMeterStopThreadException: End of file:/Users/lisa/Documents/tools/date/tokens.csv detected for CSV DataSet:CSV 数据文件设置 configured with stopThread:true, recycle:false
2026-10-08 17:46:01,747 INFO o.a.j.t.JMeterThread: Thread finished: jp@gc - Stepping Thread Group 1-255
2026-10-08 17:46:01,800 INFO o.a.j.t.JMeterThread: Thread started: jp@gc - Stepping Thread Group 1-256
2026-10-08 17:46:01,801 INFO o.a.j.t.JMeterThread: Stop Thread seen for thread jp@gc - Stepping Thread Group 1-256, reason: org.apache.jorphan.util.JMeterStopThreadException: End of file:/Users/lisa/Documents/tools/date/tokens.csv detected for CSV DataSet:CSV 数据文件设置 configured with stopThread:true, recycle:false
2026-10-08 17:46:01,801 INFO o.a.j.t.JMeterThread: Thread finished: jp@gc - Stepping Thread Group 1-256
2026-10-08 17:46:01,847 INFO o.a.j.t.JMeterThread: Thread started: jp@gc - Stepping Thread Group 1-257
2026-10-08 17:46:01,847 INFO o.a.j.t.JMeterThread: Stop Thread seen for thread jp@gc - Stepping Thread Group 1-257, reason: org.apache.jorphan.util.JMeterStopThreadException: End of file:/Users/lisa/Documents/tools/date/tokens.csv detected for CSV DataSet:CSV 数据文件设置 configured with stopThread:true, recycle:false
2026-10-08 17:46:01,848 INFO o.a.j.t.JMeterThread: Thread finished: jp@gc - Stepping Thread Group 1-257
2026-10-08 17:46:01,900 INFO o.a.j.t.JMeterThread: Thread started: jp@gc - Stepping Thread Group 1-258
2026-10-08 17:46:01,901 INFO o.a.j.t.JMeterThread: Stop Thread seen for thread jp@gc - Stepping Thread Group 1-258, reason: org.apache.jorphan.util.JMeterStopThreadException: End of file:/Users/lisa/Documents/tools/date/tokens.csv detected for CSV DataSet:CSV 数据文件设置 configured with stopThread:true, recycle:false
2026-10-08 17:46:01,901 INFO o.a.j.t.JMeterThread: Thread finished: jp@gc - Stepping Thread Group 1-258
2026-10-08 17:46:01,950 INFO o.a.j.t.JMeterThread: Thread started: jp@gc - Stepping Thread Group 1-259
2026-10-08 17:46:01,951 INFO o.a.j.t.JMeterThread: Stop Thread seen for thread jp@gc - Stepping Thread Group 1-259, reason: org.apache.jorphan.util.JMeterStopThreadException: End of file:/Users/lisa/Documents/tools/date/tokens.csv detected for CSV DataSet:CSV 数据文件设置 configured with stopThread:true, recycle:false
2026-10-08 17:46:01,951 INFO o.a.j.t.JMeterThread: Thread finished: jp@gc - Stepping Thread Group 1-259
2026-10-08 17:46:01,996 INFO o.a.j.t.JMeterThread: Thread started: jp@gc - Stepping Thread Group 1-260
2026-10-08 17:46:01,997 INFO o.a.j.t.JMeterThread: Stop Thread seen for thread jp@gc - Stepping Thread Group 1-260, reason: org.apache.jorphan.util.JMeterStopThreadException: End of file:/Users/lisa/Documents/tools/date/tokens.csv detected for CSV DataSet:CSV 数据文件设置 configured with stopThread:true, recycle:false
2026-10-08 17:46:01,997 INFO o.a.j.t.JMeterThread: Thread finished: jp@gc - Stepping Thread Group 1-260
2026-10-08 17:46:02,050 INFO o.a.j.t.JMeterThread: Thread started: jp@gc - Stepping Thread Group 1-261
2026-10-08 17:46:02,051 INFO o.a.j.t.JMeterThread: Stop Thread seen for thread jp@gc - Stepping Thread Group 1-261, reason: org.apache.jorphan.util.JMeterStopThreadException: End of file:/Users/lisa/Documents/tools/date/tokens.csv detected for CSV DataSet:CSV 数据文件设置 configured with stopThread:true, recycle:false
2026-10-08 17:46:02,051 INFO o.a.j.t.JMeterThread: Thread finished: jp@gc - Stepping Thread Group 1-261
2026-10-08 17:46:02,100 INFO o.a.j.t.JMeterThread: Thread started: jp@gc - Stepping Thread Group 1-262
2026-10-08 17:46:02,101 INFO o.a.j.t.JMeterThread: Stop Thread seen for thread jp@gc - Stepping Thread Group 1-262, reason: org.apache.jorphan.util.JMeterStopThreadException: End of file:/Users/lisa/Documents/tools/date/tokens.csv detected for CSV DataSet:CSV 数据文件设置 configured with stopThread:true, recycle:false
2026-10-08 17:46:02,101 INFO o.a.j.t.JMeterThread: Thread finished: jp@gc - Stepping Thread Group 1-262
2026-10-08 17:46:02,146 INFO o.a.j.t.JMeterThread: Thread started: jp@gc - Stepping Thread Group 1-263
2026-10-08 17:46:02,147 INFO o.a.j.t.JMeterThread: Stop Thread seen for thread jp@gc - Stepping Thread Group 1-263, reason: org.apache.jorphan.util.JMeterStopThreadException: End of file:/Users/lisa/Documents/tools/date/tokens.csv detected for CSV DataSet:CSV 数据文件设置 configured with stopThread:true, recycle:false
2026-10-08 17:46:02,147 INFO o.a.j.t.JMeterThread: Thread finished: jp@gc - Stepping Thread Group 1-263
2026-10-08 17:46:02,197 INFO o.a.j.t.JMeterThread: Thread started: jp@gc - Stepping Thread Group 1-264
2026-10-08 17:46:02,198 INFO o.a.j.t.JMeterThread: Stop Thread seen for thread jp@gc - Stepping Thread Group 1-264, reason: org.apache.jorphan.util.JMeterStopThreadException: End of file:/Users/lisa/Documents/tools/date/tokens.csv detected for CSV DataSet:CSV 数据文件设置 configured with stopThread:true, recycle:false
2026-10-08 17:46:02,198 INFO o.a.j.t.JMeterThread: Thread finished: jp@gc - Stepping Thread Group 1-264
2026-10-08 17:46:02,246 INFO o.a.j.t.JMeterThread: Thread started: jp@gc - Stepping Thread Group 1-265
2026-10-08 17:46:02,247 INFO o.a.j.t.JMeterThread: Stop Thread seen for thread jp@gc - Stepping Thread Group 1-265, reason: org.apache.jorphan.util.JMeterStopThreadException: End of file:/Users/lisa/Documents/tools/date/tokens.csv detected for CSV DataSet:CSV 数据文件设置 configured with stopThread:true, recycle:false
2026-10-08 17:46:02,247 INFO o.a.j.t.JMeterThread: Thread finished: jp@gc - Stepping Thread Group 1-265
2026-10-08 17:46:02,296 INFO o.a.j.t.JMeterThread: Thread started: jp@gc - Stepping Thread Group 1-266
2026-10-08 17:46:02,296 INFO o.a.j.t.JMeterThread: Stop Thread seen for thread jp@gc - Stepping Thread Group 1-266, reason: org.apache.jorphan.util.JMeterStopThreadException: End of file:/Users/lisa/Documents/tools/date/tokens.csv detected for CSV DataSet:CSV 数据文件设置 configured with stopThread:true, recycle:false
2026-10-08 17:46:02,297 INFO o.a.j.t.JMeterThread: Thread finished: jp@gc - Stepping Thread Group 1-266
2026-10-08 17:46:02,350 INFO o.a.j.t.JMeterThread: Thread started: jp@gc - Stepping Thread Group 1-267
2026-10-08 17:46:02,351 INFO o.a.j.t.JMeterThread: Stop Thread seen for thread jp@gc - Stepping Thread Group 1-267, reason: org.apache.jorphan.util.JMeterStopThreadException: End of file:/Users/lisa/Documents/tools/date/tokens.csv detected for CSV DataSet:CSV 数据文件设置 configured with stopThread:true, recycle:false
2026-10-08 17:46:02,351 INFO o.a.j.t.JMeterThread: Thread finished: jp@gc - Stepping Thread Group 1-267
2026-10-08 17:46:02,396 INFO o.a.j.t.JMeterThread: Thread started: jp@gc - Stepping Thread Group 1-268
2026-10-08 17:46:02,396 INFO o.a.j.t.JMeterThread: Stop Thread seen for thread jp@gc - Stepping Thread Group 1-268, reason: org.apache.jorphan.util.JMeterStopThreadException: End of file:/Users/lisa/Documents/tools/date/tokens.csv detected for CSV DataSet:CSV 数据文件设置 configured with stopThread:true, recycle:false
2026-10-08 17:46:02,396 INFO o.a.j.t.JMeterThread: Thread finished: jp@gc - Stepping Thread Group 1-268
2026-10-08 17:46:02,449 INFO o.a.j.t.JMeterThread: Thread started: jp@gc - Stepping Thread Group 1-269
2026-10-08 17:46:02,450 INFO o.a.j.t.JMeterThread: Stop Thread seen for thread jp@gc - Stepping Thread Group 1-269, reason: org.apache.jorphan.util.JMeterStopThreadException: End of file:/Users/lisa/Documents/tools/date/tokens.csv detected for CSV DataSet:CSV 数据文件设置 configured with stopThread:true, recycle:false
2026-10-08 17:46:02,450 INFO o.a.j.t.JMeterThread: Thread finished: jp@gc - Stepping Thread Group 1-269
2026-10-08 17:46:02,500 INFO o.a.j.t.JMeterThread: Thread started: jp@gc - Stepping Thread Group 1-270
2026-10-08 17:46:02,501 INFO o.a.j.t.JMeterThread: Stop Thread seen for thread jp@gc - Stepping Thread Group 1-270, reason: org.apache.jorphan.util.JMeterStopThreadException: End of file:/Users/lisa/Documents/tools/date/tokens.csv detected for CSV DataSet:CSV 数据文件设置 configured with stopThread:true, recycle:false
2026-10-08 17:46:02,501 INFO o.a.j.t.JMeterThread: Thread finished: jp@gc - Stepping Thread Group 1-270
2026-10-08 17:46:02,546 INFO o.a.j.t.JMeterThread: Thread started: jp@gc - Stepping Thread Group 1-271
2026-10-08 17:46:02,547 INFO o.a.j.t.JMeterThread: Stop Thread seen for thread jp@gc - Stepping Thread Group 1-271, reason: org.apache.jorphan.util.JMeterStopThreadException: End of file:/Users/lisa/Documents/tools/date/tokens.csv detected for CSV DataSet:CSV 数据文件设置 configured with stopThread:true, recycle:false
2026-10-08 17:46:02,547 INFO o.a.j.t.JMeterThread: Thread finished: jp@gc - Stepping Thread Group 1-271
2026-10-08 17:46:02,597 INFO o.a.j.t.JMeterThread: Thread started: jp@gc - Stepping Thread Group 1-272
2026-10-08 17:46:02,598 INFO o.a.j.t.JMeterThread: Stop Thread seen for thread jp@gc - Stepping Thread Group 1-272, reason: org.apache.jorphan.util.JMeterStopThreadException: End of file:/Users/lisa/Documents/tools/date/tokens.csv detected for CSV DataSet:CSV 数据文件设置 configured with stopThread:true, recycle:false
2026-10-08 17:46:02,598 INFO o.a.j.t.JMeterThread: Thread finished: jp@gc - Stepping Thread Group 1-272
2026-10-08 17:46:02,650 INFO o.a.j.t.JMeterThread: Thread started: jp@gc - Stepping Thread Group 1-273
2026-10-08 17:46:02,651 INFO o.a.j.t.JMeterThread: Stop Thread seen for thread jp@gc - Stepping Thread Group 1-273, reason: org.apache.jorphan.util.JMeterStopThreadException: End of file:/Users/lisa/Documents/tools/date/tokens.csv detected for CSV DataSet:CSV 数据文件设置 configured with stopThread:true, recycle:false
2026-10-08 17:46:02,651 INFO o.a.j.t.JMeterThread: Thread finished: jp@gc - Stepping Thread Group 1-273
2026-10-08 17:46:02,700 INFO o.a.j.t.JMeterThread: Thread started: jp@gc - Stepping Thread Group 1-274
2026-10-08 17:46:02,701 INFO o.a.j.t.JMeterThread: Stop Thread seen for thread jp@gc - Stepping Thread Group 1-274, reason: org.apache.jorphan.util.JMeterStopThreadException: End of file:/Users/lisa/Documents/tools/date/tokens.csv detected for CSV DataSet:CSV 数据文件设置 configured with stopThread:true, recycle:false
2026-10-08 17:46:02,701 INFO o.a.j.t.JMeterThread: Thread finished: jp@gc - Stepping Thread Group 1-274
2026-10-08 17:46:02,746 INFO o.a.j.t.JMeterThread: Thread started: jp@gc - Stepping Thread Group 1-275
2026-10-08 17:46:02,746 INFO o.a.j.t.JMeterThread: Stop Thread seen for thread jp@gc - Stepping Thread Group 1-275, reason: org.apache.jorphan.util.JMeterStopThreadException: End of file:/Users/lisa/Documents/tools/date/tokens.csv detected for CSV DataSet:CSV 数据文件设置 configured with stopThread:true, recycle:false
2026-10-08 17:46:02,746 INFO o.a.j.t.JMeterThread: Thread finished: jp@gc - Stepping Thread Group 1-275
2026-10-08 17:46:02,800 INFO o.a.j.t.JMeterThread: Thread started: jp@gc - Stepping Thread Group 1-276
2026-10-08 17:46:02,800 INFO o.a.j.t.JMeterThread: Stop Thread seen for thread jp@gc - Stepping Thread Group 1-276, reason: org.apache.jorphan.util.JMeterStopThreadException: End of file:/Users/lisa/Documents/tools/date/tokens.csv detected for CSV DataSet:CSV 数据文件设置 configured with stopThread:true, recycle:false
2026-10-08 17:46:02,800 INFO o.a.j.t.JMeterThread: Thread finished: jp@gc - Stepping Thread Group 1-276
2026-10-08 17:46:02,851 INFO o.a.j.t.JMeterThread: Thread started: jp@gc - Stepping Thread Group 1-277
2026-10-08 17:46:02,851 INFO o.a.j.t.JMeterThread: Stop Thread seen for thread jp@gc - Stepping Thread Group 1-277, reason: org.apache.jorphan.util.JMeterStopThreadException: End of file:/Users/lisa/Documents/tools/date/tokens.csv detected for CSV DataSet:CSV 数据文件设置 configured with stopThread:true, recycle:false
2026-10-08 17:46:02,851 INFO o.a.j.t.JMeterThread: Thread finished: jp@gc - Stepping Thread Group 1-277
2026-10-08 17:46:02,897 INFO o.a.j.t.JMeterThread: Thread started: jp@gc - Stepping Thread Group 1-278
2026-10-08 17:46:02,898 INFO o.a.j.t.JMeterThread: Stop Thread seen for thread jp@gc - Stepping Thread Group 1-278, reason: org.apache.jorphan.util.JMeterStopThreadException: End of file:/Users/lisa/Documents/tools/date/tokens.csv detected for CSV DataSet:CSV 数据文件设置 configured with stopThread:true, recycle:false
2026-10-08 17:46:02,898 INFO o.a.j.t.JMeterThread: Thread finished: jp@gc - Stepping Thread Group 1-278
2026-10-08 17:46:02,946 INFO o.a.j.t.JMeterThread: Thread started: jp@gc - Stepping Thread Group 1-279
2026-10-08 17:46:02,947 INFO o.a.j.t.JMeterThread: Stop Thread seen for thread jp@gc - Stepping Thread Group 1-279, reason: org.apache.jorphan.util.JMeterStopThreadException: End of file:/Users/lisa/Documents/tools/date/tokens.csv detected for CSV DataSet:CSV 数据文件设置 configured with stopThread:true, recycle:false
2026-10-08 17:46:02,947 INFO o.a.j.t.JMeterThread: Thread finished: jp@gc - Stepping Thread Group 1-279
2026-10-08 17:46:03,000 INFO o.a.j.t.JMeterThread: Thread started: jp@gc - Stepping Thread Group 1-280
2026-10-08 17:46:03,001 INFO o.a.j.t.JMeterThread: Stop Thread seen for thread jp@gc - Stepping Thread Group 1-280, reason: org.apache.jorphan.util.JMeterStopThreadException: End of file:/Users/lisa/Documents/tools/date/tokens.csv detected for CSV DataSet:CSV 数据文件设置 configured with stopThread:true, recycle:false
2026-10-08 17:46:03,001 INFO o.a.j.t.JMeterThread: Thread finished: jp@gc - Stepping Thread Group 1-280
2026-10-08 17:46:03,050 INFO o.a.j.t.JMeterThread: Thread started: jp@gc - Stepping Thread Group 1-281
2026-10-08 17:46:03,051 INFO o.a.j.t.JMeterThread: Stop Thread seen for thread jp@gc - Stepping Thread Group 1-281, reason: org.apache.jorphan.util.JMeterStopThreadException: End of file:/Users/lisa/Documents/tools/date/tokens.csv detected for CSV DataSet:CSV 数据文件设置 configured with stopThread:true, recycle:false
2026-10-08 17:46:03,051 INFO o.a.j.t.JMeterThread: Thread finished: jp@gc - Stepping Thread Group 1-281
2026-10-08 17:46:03,099 INFO o.a.j.t.JMeterThread: Thread started: jp@gc - Stepping Thread Group 1-282
2026-10-08 17:46:03,100 INFO o.a.j.t.JMeterThread: Stop Thread seen for thread jp@gc - Stepping Thread Group 1-282, reason: org.apache.jorphan.util.JMeterStopThreadException: End of file:/Users/lisa/Documents/tools/date/tokens.csv detected for CSV DataSet:CSV 数据文件设置 configured with stopThread:true, recycle:false
2026-10-08 17:46:03,100 INFO o.a.j.t.JMeterThread: Thread finished: jp@gc - Stepping Thread Group 1-282
2026-10-08 17:46:03,148 INFO o.a.j.t.JMeterThread: Thread started: jp@gc - Stepping Thread Group 1-283
2026-10-08 17:46:03,148 INFO o.a.j.t.JMeterThread: Stop Thread seen for thread jp@gc - Stepping Thread Group 1-283, reason: org.apache.jorphan.util.JMeterStopThreadException: End of file:/Users/lisa/Documents/tools/date/tokens.csv detected for CSV DataSet:CSV 数据文件设置 configured with stopThread:true, recycle:false
2026-10-08 17:46:03,148 INFO o.a.j.t.JMeterThread: Thread finished: jp@gc - Stepping Thread Group 1-283
2026-10-08 17:46:03,196 INFO o.a.j.t.JMeterThread: Thread started: jp@gc - Stepping Thread Group 1-284
2026-10-08 17:46:03,197 INFO o.a.j.t.JMeterThread: Stop Thread seen for thread jp@gc - Stepping Thread Group 1-284, reason: org.apache.jorphan.util.JMeterStopThreadException: End of file:/Users/lisa/Documents/tools/date/tokens.csv detected for CSV DataSet:CSV 数据文件设置 configured with stopThread:true, recycle:false
2026-10-08 17:46:03,197 INFO o.a.j.t.JMeterThread: Thread finished: jp@gc - Stepping Thread Group 1-284
2026-10-08 17:46:03,251 INFO o.a.j.t.JMeterThread: Thread started: jp@gc - Stepping Thread Group 1-285
2026-10-08 17:46:03,251 INFO o.a.j.t.JMeterThread: Stop Thread seen for thread jp@gc - Stepping Thread Group 1-285, reason: org.apache.jorphan.util.JMeterStopThreadException: End of file:/Users/lisa/Documents/tools/date/tokens.csv detected for CSV DataSet:CSV 数据文件设置 configured with stopThread:true, recycle:false
2026-10-08 17:46:03,251 INFO o.a.j.t.JMeterThread: Thread finished: jp@gc - Stepping Thread Group 1-285
2026-10-08 17:46:03,295 INFO o.a.j.t.JMeterThread: Thread started: jp@gc - Stepping Thread Group 1-286
2026-10-08 17:46:03,296 INFO o.a.j.t.JMeterThread: Stop Thread seen for thread jp@gc - Stepping Thread Group 1-286, reason: org.apache.jorphan.util.JMeterStopThreadException: End of file:/Users/lisa/Documents/tools/date/tokens.csv detected for CSV DataSet:CSV 数据文件设置 configured with stopThread:true, recycle:false
2026-10-08 17:46:03,296 INFO o.a.j.t.JMeterThread: Thread finished: jp@gc - Stepping Thread Group 1-286
2026-10-08 17:46:03,350 INFO o.a.j.t.JMeterThread: Thread started: jp@gc - Stepping Thread Group 1-287
2026-10-08 17:46:03,350 INFO o.a.j.t.JMeterThread: Stop Thread seen for thread jp@gc - Stepping Thread Group 1-287, reason: org.apache.jorphan.util.JMeterStopThreadException: End of file:/Users/lisa/Documents/tools/date/tokens.csv detected for CSV DataSet:CSV 数据文件设置 configured with stopThread:true, recycle:false
2026-10-08 17:46:03,350 INFO o.a.j.t.JMeterThread: Thread finished: jp@gc - Stepping Thread Group 1-287
2026-10-08 17:46:03,399 INFO o.a.j.t.JMeterThread: Thread started: jp@gc - Stepping Thread Group 1-288
2026-10-08 17:46:03,400 INFO o.a.j.t.JMeterThread: Stop Thread seen for thread jp@gc - Stepping Thread Group 1-288, reason: org.apache.jorphan.util.JMeterStopThreadException: End of file:/Users/lisa/Documents/tools/date/tokens.csv detected for CSV DataSet:CSV 数据文件设置 configured with stopThread:true, recycle:false
2026-10-08 17:46:03,400 INFO o.a.j.t.JMeterThread: Thread finished: jp@gc - Stepping Thread Group 1-288
2026-10-08 17:46:03,449 INFO o.a.j.t.JMeterThread: Thread started: jp@gc - Stepping Thread Group 1-289
2026-10-08 17:46:03,450 INFO o.a.j.t.JMeterThread: Stop Thread seen for thread jp@gc - Stepping Thread Group 1-289, reason: org.apache.jorphan.util.JMeterStopThreadException: End of file:/Users/lisa/Documents/tools/date/tokens.csv detected for CSV DataSet:CSV 数据文件设置 configured with stopThread:true, recycle:false
2026-10-08 17:46:03,450 INFO o.a.j.t.JMeterThread: Thread finished: jp@gc - Stepping Thread Group 1-289
2026-10-08 17:46:03,496 INFO o.a.j.t.JMeterThread: Thread started: jp@gc - Stepping Thread Group 1-290
2026-10-08 17:46:03,496 INFO o.a.j.t.JMeterThread: Stop Thread seen for thread jp@gc - Stepping Thread Group 1-290, reason: org.apache.jorphan.util.JMeterStopThreadException: End of file:/Users/lisa/Documents/tools/date/tokens.csv detected for CSV DataSet:CSV 数据文件设置 configured with stopThread:true, recycle:false
2026-10-08 17:46:03,496 INFO o.a.j.t.JMeterThread: Thread finished: jp@gc - Stepping Thread Group 1-290
2026-10-08 17:46:03,550 INFO o.a.j.t.JMeterThread: Thread started: jp@gc - Stepping Thread Group 1-291
2026-10-08 17:46:03,550 INFO o.a.j.t.JMeterThread: Stop Thread seen for thread jp@gc - Stepping Thread Group 1-291, reason: org.apache.jorphan.util.JMeterStopThreadException: End of file:/Users/lisa/Documents/tools/date/tokens.csv detected for CSV DataSet:CSV 数据文件设置 configured with stopThread:true, recycle:false
2026-10-08 17:46:03,550 INFO o.a.j.t.JMeterThread: Thread finished: jp@gc - Stepping Thread Group 1-291
2026-10-08 17:46:03,596 INFO o.a.j.t.JMeterThread: Thread started: jp@gc - Stepping Thread Group 1-292
2026-10-08 17:46:03,597 INFO o.a.j.t.JMeterThread: Stop Thread seen for thread jp@gc - Stepping Thread Group 1-292, reason: org.apache.jorphan.util.JMeterStopThreadException: End of file:/Users/lisa/Documents/tools/date/tokens.csv detected for CSV DataSet:CSV 数据文件设置 configured with stopThread:true, recycle:false
2026-10-08 17:46:03,597 INFO o.a.j.t.JMeterThread: Thread finished: jp@gc - Stepping Thread Group 1-292
2026-10-08 17:46:03,650 INFO o.a.j.t.JMeterThread: Thread started: jp@gc - Stepping Thread Group 1-293
2026-10-08 17:46:03,651 INFO o.a.j.t.JMeterThread: Stop Thread seen for thread jp@gc - Stepping Thread Group 1-293, reason: org.apache.jorphan.util.JMeterStopThreadException: End of file:/Users/lisa/Documents/tools/date/tokens.csv detected for CSV DataSet:CSV 数据文件设置 configured with stopThread:true, recycle:false
2026-10-08 17:46:03,651 INFO o.a.j.t.JMeterThread: Thread finished: jp@gc - Stepping Thread Group 1-293
2026-10-08 17:46:03,699 INFO o.a.j.t.JMeterThread: Thread started: jp@gc - Stepping Thread Group 1-294
2026-10-08 17:46:03,699 INFO o.a.j.t.JMeterThread: Stop Thread seen for thread jp@gc - Stepping Thread Group 1-294, reason: org.apache.jorphan.util.JMeterStopThreadException: End of file:/Users/lisa/Documents/tools/date/tokens.csv detected for CSV DataSet:CSV 数据文件设置 configured with stopThread:true, recycle:false
2026-10-08 17:46:03,699 INFO o.a.j.t.JMeterThread: Thread finished: jp@gc - Stepping Thread Group 1-294
2026-10-08 17:46:03,750 INFO o.a.j.t.JMeterThread: Thread started: jp@gc - Stepping Thread Group 1-295
2026-10-08 17:46:03,751 INFO o.a.j.t.JMeterThread: Stop Thread seen for thread jp@gc - Stepping Thread Group 1-295, reason: org.apache.jorphan.util.JMeterStopThreadException: End of file:/Users/lisa/Documents/tools/date/tokens.csv detected for CSV DataSet:CSV 数据文件设置 configured with stopThread:true, recycle:false
2026-10-08 17:46:03,751 INFO o.a.j.t.JMeterThread: Thread finished: jp@gc - Stepping Thread Group 1-295
2026-10-08 17:46:03,799 INFO o.a.j.t.JMeterThread: Thread started: jp@gc - Stepping Thread Group 1-296
2026-10-08 17:46:03,800 INFO o.a.j.t.JMeterThread: Stop Thread seen for thread jp@gc - Stepping Thread Group 1-296, reason: org.apache.jorphan.util.JMeterStopThreadException: End of file:/Users/lisa/Documents/tools/date/tokens.csv detected for CSV DataSet:CSV 数据文件设置 configured with stopThread:true, recycle:false
2026-10-08 17:46:03,800 INFO o.a.j.t.JMeterThread: Thread finished: jp@gc - Stepping Thread Group 1-296
2026-10-08 17:46:03,846 INFO o.a.j.t.JMeterThread: Thread started: jp@gc - Stepping Thread Group 1-297
2026-10-08 17:46:03,846 INFO o.a.j.t.JMeterThread: Stop Thread seen for thread jp@gc - Stepping Thread Group 1-297, reason: org.apache.jorphan.util.JMeterStopThreadException: End of file:/Users/lisa/Documents/tools/date/tokens.csv detected for CSV DataSet:CSV 数据文件设置 configured with stopThread:true, recycle:false
2026-10-08 17:46:03,847 INFO o.a.j.t.JMeterThread: Thread finished: jp@gc - Stepping Thread Group 1-297
2026-10-08 17:46:03,900 INFO o.a.j.t.JMeterThread: Thread started: jp@gc - Stepping Thread Group 1-298
2026-10-08 17:46:03,901 INFO o.a.j.t.JMeterThread: Stop Thread seen for thread jp@gc - Stepping Thread Group 1-298, reason: org.apache.jorphan.util.JMeterStopThreadException: End of file:/Users/lisa/Documents/tools/date/tokens.csv detected for CSV DataSet:CSV 数据文件设置 configured with stopThread:true, recycle:false
2026-10-08 17:46:03,901 INFO o.a.j.t.JMeterThread: Thread finished: jp@gc - Stepping Thread Group 1-298
2026-10-08 17:46:03,946 INFO o.a.j.t.JMeterThread: Thread started: jp@gc - Stepping Thread Group 1-299
2026-10-08 17:46:03,946 INFO o.a.j.t.JMeterThread: Stop Thread seen for thread jp@gc - Stepping Thread Group 1-299, reason: org.apache.jorphan.util.JMeterStopThreadException: End of file:/Users/lisa/Documents/tools/date/tokens.csv detected for CSV DataSet:CSV 数据文件设置 configured with stopThread:true, recycle:false
2026-10-08 17:46:03,946 INFO o.a.j.t.JMeterThread: Thread finished: jp@gc - Stepping Thread Group 1-299
2026-10-08 17:46:03,999 INFO o.a.j.t.JMeterThread: Thread started: jp@gc - Stepping Thread Group 1-300
2026-10-08 17:46:04,000 INFO o.a.j.t.JMeterThread: Stop Thread seen for thread jp@gc - Stepping Thread Group 1-300, reason: org.apache.jorphan.util.JMeterStopThreadException: End of file:/Users/lisa/Documents/tools/date/tokens.csv detected for CSV DataSet:CSV 数据文件设置 configured with stopThread:true, recycle:false
2026-10-08 17:46:04,000 INFO o.a.j.t.JMeterThread: Thread finished: jp@gc - Stepping Thread Group 1-300
2026-10-08 17:46:10,045 INFO o.a.j.t.JMeterThread: Thread started: jp@gc - Stepping Thread Group 1-301
2026-10-08 17:46:10,046 INFO o.a.j.t.JMeterThread: Stop Thread seen for thread jp@gc - Stepping Thread Group 1-301, reason: org.apache.jorphan.util.JMeterStopThreadException: End of file:/Users/lisa/Documents/tools/date/tokens.csv detected for CSV DataSet:CSV 数据文件设置 configured with stopThread:true, recycle:false
2026-10-08 17:46:10,046 INFO o.a.j.t.JMeterThread: Thread finished: jp@gc - Stepping Thread Group 1-301
2026-10-08 17:46:10,096 INFO o.a.j.t.JMeterThread: Thread started: jp@gc - Stepping Thread Group 1-302
2026-10-08 17:46:10,097 INFO o.a.j.t.JMeterThread: Stop Thread seen for thread jp@gc - Stepping Thread Group 1-302, reason: org.apache.jorphan.util.JMeterStopThreadException: End of file:/Users/lisa/Documents/tools/date/tokens.csv detected for CSV DataSet:CSV 数据文件设置 configured with stopThread:true, recycle:false
2026-10-08 17:46:10,097 INFO o.a.j.t.JMeterThread: Thread finished: jp@gc - Stepping Thread Group 1-302
2026-10-08 17:46:10,147 INFO o.a.j.t.JMeterThread: Thread started: jp@gc - Stepping Thread Group 1-303
2026-10-08 17:46:10,148 INFO o.a.j.t.JMeterThread: Stop Thread seen for thread jp@gc - Stepping Thread Group 1-303, reason: org.apache.jorphan.util.JMeterStopThreadException: End of file:/Users/lisa/Documents/tools/date/tokens.csv detected for CSV DataSet:CSV 数据文件设置 configured with stopThread:true, recycle:false
2026-10-08 17:46:10,148 INFO o.a.j.t.JMeterThread: Thread finished: jp@gc - Stepping Thread Group 1-303
2026-10-08 17:46:10,197 INFO o.a.j.t.JMeterThread: Thread started: jp@gc - Stepping Thread Group 1-304
2026-10-08 17:46:10,198 INFO o.a.j.t.JMeterThread: Stop Thread seen for thread jp@gc - Stepping Thread Group 1-304, reason: org.apache.jorphan.util.JMeterStopThreadException: End of file:/Users/lisa/Documents/tools/date/tokens.csv detected for CSV DataSet:CSV 数据文件设置 configured with stopThread:true, recycle:false
2026-10-08 17:46:10,198 INFO o.a.j.t.JMeterThread: Thread finished: jp@gc - Stepping Thread Group 1-304
2026-10-08 17:46:10,248 INFO o.a.j.t.JMeterThread: Thread started: jp@gc - Stepping Thread Group 1-305
2026-10-08 17:46:10,249 INFO o.a.j.t.JMeterThread: Stop Thread seen for thread jp@gc - Stepping Thread Group 1-305, reason: org.apache.jorphan.util.JMeterStopThreadException: End of file:/Users/lisa/Documents/tools/date/tokens.csv detected for CSV DataSet:CSV 数据文件设置 configured with stopThread:true, recycle:false
2026-10-08 17:46:10,249 INFO o.a.j.t.JMeterThread: Thread finished: jp@gc - Stepping Thread Group 1-305
2026-10-08 17:46:10,299 INFO o.a.j.t.JMeterThread: Thread started: jp@gc - Stepping Thread Group 1-306
2026-10-08 17:46:10,300 INFO o.a.j.t.JMeterThread: Stop Thread seen for thread jp@gc - Stepping Thread Group 1-306, reason: org.apache.jorphan.util.JMeterStopThreadException: End of file:/Users/lisa/Documents/tools/date/tokens.csv detected for CSV DataSet:CSV 数据文件设置 configured with stopThread:true, recycle:false
2026-10-08 17:46:10,300 INFO o.a.j.t.JMeterThread: Thread finished: jp@gc - Stepping Thread Group 1-306
2026-10-08 17:46:10,349 INFO o.a.j.t.JMeterThread: Thread started: jp@gc - Stepping Thread Group 1-307
2026-10-08 17:46:10,350 INFO o.a.j.t.JMeterThread: Stop Thread seen for thread jp@gc - Stepping Thread Group 1-307, reason: org.apache.jorphan.util.JMeterStopThreadException: End of file:/Users/lisa/Documents/tools/date/tokens.csv detected for CSV DataSet:CSV 数据文件设置 configured with stopThread:true, recycle:false
2026-10-08 17:46:10,350 INFO o.a.j.t.JMeterThread: Thread finished: jp@gc - Stepping Thread Group 1-307
2026-10-08 17:46:10,400 INFO o.a.j.t.JMeterThread: Thread started: jp@gc - Stepping Thread Group 1-308
2026-10-08 17:46:10,401 INFO o.a.j.t.JMeterThread: Stop Thread seen for thread jp@gc - Stepping Thread Group 1-308, reason: org.apache.jorphan.util.JMeterStopThreadException: End of file:/Users/lisa/Documents/tools/date/tokens.csv detected for CSV DataSet:CSV 数据文件设置 configured with stopThread:true, recycle:false
2026-10-08 17:46:10,401 INFO o.a.j.t.JMeterThread: Thread finished: jp@gc - Stepping Thread Group 1-308
2026-10-08 17:46:10,450 INFO o.a.j.t.JMeterThread: Thread started: jp@gc - Stepping Thread Group 1-309
2026-10-08 17:46:10,450 INFO o.a.j.t.JMeterThread: Stop Thread seen for thread jp@gc - Stepping Thread Group 1-309, reason: org.apache.jorphan.util.JMeterStopThreadException: End of file:/Users/lisa/Documents/tools/date/tokens.csv detected for CSV DataSet:CSV 数据文件设置 configured with stopThread:true, recycle:false
2026-10-08 17:46:10,450 INFO o.a.j.t.JMeterThread: Thread finished: jp@gc - Stepping Thread Group 1-309
2026-10-08 17:46:10,501 INFO o.a.j.t.JMeterThread: Thread started: jp@gc - Stepping Thread Group 1-310
2026-10-08 17:46:10,501 INFO o.a.j.t.JMeterThread: Stop Thread seen for thread jp@gc - Stepping Thread Group 1-310, reason: org.apache.jorphan.util.JMeterStopThreadException: End of file:/Users/lisa/Documents/tools/date/tokens.csv detected for CSV DataSet:CSV 数据文件设置 configured with stopThread:true, recycle:false
2026-10-08 17:46:10,501 INFO o.a.j.t.JMeterThread: Thread finished: jp@gc - Stepping Thread Group 1-310
2026-10-08 17:46:10,551 INFO o.a.j.t.JMeterThread: Thread started: jp@gc - Stepping Thread Group 1-311
2026-10-08 17:46:10,551 INFO o.a.j.t.JMeterThread: Stop Thread seen for thread jp@gc - Stepping Thread Group 1-311, reason: org.apache.jorphan.util.JMeterStopThreadException: End of file:/Users/lisa/Documents/tools/date/tokens.csv detected for CSV DataSet:CSV 数据文件设置 configured with stopThread:true, recycle:false
2026-10-08 17:46:10,551 INFO o.a.j.t.JMeterThread: Thread finished: jp@gc - Stepping Thread Group 1-311
2026-10-08 17:46:10,601 INFO o.a.j.t.JMeterThread: Thread started: jp@gc - Stepping Thread Group 1-312
2026-10-08 17:46:10,601 INFO o.a.j.t.JMeterThread: Stop Thread seen for thread jp@gc - Stepping Thread Group 1-312, reason: org.apache.jorphan.util.JMeterStopThreadException: End of file:/Users/lisa/Documents/tools/date/tokens.csv detected for CSV DataSet:CSV 数据文件设置 configured with stopThread:true, recycle:false
2026-10-08 17:46:10,601 INFO o.a.j.t.JMeterThread: Thread finished: jp@gc - Stepping Thread Group 1-312
2026-10-08 17:46:10,650 INFO o.a.j.t.JMeterThread: Thread started: jp@gc - Stepping Thread Group 1-313
2026-10-08 17:46:10,650 INFO o.a.j.t.JMeterThread: Stop Thread seen for thread jp@gc - Stepping Thread Group 1-313, reason: org.apache.jorphan.util.JMeterStopThreadException: End of file:/Users/lisa/Documents/tools/date/tokens.csv detected for CSV DataSet:CSV 数据文件设置 configured with stopThread:true, recycle:false
2026-10-08 17:46:10,650 INFO o.a.j.t.JMeterThread: Thread finished: jp@gc - Stepping Thread Group 1-313
2026-10-08 17:46:10,700 INFO o.a.j.t.JMeterThread: Thread started: jp@gc - Stepping Thread Group 1-314
2026-10-08 17:46:10,701 INFO o.a.j.t.JMeterThread: Stop Thread seen for thread jp@gc - Stepping Thread Group 1-314, reason: org.apache.jorphan.util.JMeterStopThreadException: End of file:/Users/lisa/Documents/tools/date/tokens.csv detected for CSV DataSet:CSV 数据文件设置 configured with stopThread:true, recycle:false
2026-10-08 17:46:10,701 INFO o.a.j.t.JMeterThread: Thread finished: jp@gc - Stepping Thread Group 1-314
2026-10-08 17:46:10,750 INFO o.a.j.t.JMeterThread: Thread started: jp@gc - Stepping Thread Group 1-315
2026-10-08 17:46:10,751 INFO o.a.j.t.JMeterThread: Stop Thread seen for thread jp@gc - Stepping Thread Group 1-315, reason: org.apache.jorphan.util.JMeterStopThreadException: End of file:/Users/lisa/Documents/tools/date/tokens.csv detected for CSV DataSet:CSV 数据文件设置 configured with stopThread:true, recycle:false
2026-10-08 17:46:10,751 INFO o.a.j.t.JMeterThread: Thread finished: jp@gc - Stepping Thread Group 1-315
2026-10-08 17:46:10,801 INFO o.a.j.t.JMeterThread: Thread started: jp@gc - Stepping Thread Group 1-316
2026-10-08 17:46:10,801 INFO o.a.j.t.JMeterThread: Stop Thread seen for thread jp@gc - Stepping Thread Group 1-316, reason: org.apache.jorphan.util.JMeterStopThreadException: End of file:/Users/lisa/Documents/tools/date/tokens.csv detected for CSV DataSet:CSV 数据文件设置 configured with stopThread:true, recycle:false
2026-10-08 17:46:10,801 INFO o.a.j.t.JMeterThread: Thread finished: jp@gc - Stepping Thread Group 1-316
2026-10-08 17:46:10,851 INFO o.a.j.t.JMeterThread: Thread started: jp@gc - Stepping Thread Group 1-317
2026-10-08 17:46:10,851 INFO o.a.j.t.JMeterThread: Stop Thread seen for thread jp@gc - Stepping Thread Group 1-317, reason: org.apache.jorphan.util.JMeterStopThreadException: End of file:/Users/lisa/Documents/tools/date/tokens.csv detected for CSV DataSet:CSV 数据文件设置 configured with stopThread:true, recycle:false
2026-10-08 17:46:10,851 INFO o.a.j.t.JMeterThread: Thread finished: jp@gc - Stepping Thread Group 1-317
2026-10-08 17:46:10,898 INFO o.a.j.t.JMeterThread: Thread started: jp@gc - Stepping Thread Group 1-318
2026-10-08 17:46:10,899 INFO o.a.j.t.JMeterThread: Stop Thread seen for thread jp@gc - Stepping Thread Group 1-318, reason: org.apache.jorphan.util.JMeterStopThreadException: End of file:/Users/lisa/Documents/tools/date/tokens.csv detected for CSV DataSet:CSV 数据文件设置 configured with stopThread:true, recycle:false
2026-10-08 17:46:10,899 INFO o.a.j.t.JMeterThread: Thread finished: jp@gc - Stepping Thread Group 1-318
2026-10-08 17:46:10,950 INFO o.a.j.t.JMeterThread: Thread started: jp@gc - Stepping Thread Group 1-319
2026-10-08 17:46:10,951 INFO o.a.j.t.JMeterThread: Stop Thread seen for thread jp@gc - Stepping Thread Group 1-319, reason: org.apache.jorphan.util.JMeterStopThreadException: End of file:/Users/lisa/Documents/tools/date/tokens.csv detected for CSV DataSet:CSV 数据文件设置 configured with stopThread:true, recycle:false
2026-10-08 17:46:10,951 INFO o.a.j.t.JMeterThread: Thread finished: jp@gc - Stepping Thread Group 1-319
2026-10-08 17:46:11,000 INFO o.a.j.t.JMeterThread: Thread started: jp@gc - Stepping Thread Group 1-320
2026-10-08 17:46:11,001 INFO o.a.j.t.JMeterThread: Stop Thread seen for thread jp@gc - Stepping Thread Group 1-320, reason: org.apache.jorphan.util.JMeterStopThreadException: End of file:/Users/lisa/Documents/tools/date/tokens.csv detected for CSV DataSet:CSV 数据文件设置 configured with stopThread:true, recycle:false
2026-10-08 17:46:11,001 INFO o.a.j.t.JMeterThread: Thread finished: jp@gc - Stepping Thread Group 1-320
2026-10-08 17:46:11,045 INFO o.a.j.t.JMeterThread: Thread started: jp@gc - Stepping Thread Group 1-321
2026-10-08 17:46:11,046 INFO o.a.j.t.JMeterThread: Stop Thread seen for thread jp@gc - Stepping Thread Group 1-321, reason: org.apache.jorphan.util.JMeterStopThreadException: End of file:/Users/lisa/Documents/tools/date/tokens.csv detected for CSV DataSet:CSV 数据文件设置 configured with stopThread:true, recycle:false
2026-10-08 17:46:11,046 INFO o.a.j.t.JMeterThread: Thread finished: jp@gc - Stepping Thread Group 1-321
2026-10-08 17:46:11,096 INFO o.a.j.t.JMeterThread: Thread started: jp@gc - Stepping Thread Group 1-322
2026-10-08 17:46:11,097 INFO o.a.j.t.JMeterThread: Stop Thread seen for thread jp@gc - Stepping Thread Group 1-322, reason: org.apache.jorphan.util.JMeterStopThreadException: End of file:/Users/lisa/Documents/tools/date/tokens.csv detected for CSV DataSet:CSV 数据文件设置 configured with stopThread:true, recycle:false
2026-10-08 17:46:11,097 INFO o.a.j.t.JMeterThread: Thread finished: jp@gc - Stepping Thread Group 1-322
2026-10-08 17:46:11,150 INFO o.a.j.t.JMeterThread: Thread started: jp@gc - Stepping Thread Group 1-323
2026-10-08 17:46:11,151 INFO o.a.j.t.JMeterThread: Stop Thread seen for thread jp@gc - Stepping Thread Group 1-323, reason: org.apache.jorphan.util.JMeterStopThreadException: End of file:/Users/lisa/Documents/tools/date/tokens.csv detected for CSV DataSet:CSV 数据文件设置 configured with stopThread:true, recycle:false
2026-10-08 17:46:11,151 INFO o.a.j.t.JMeterThread: Thread finished: jp@gc - Stepping Thread Group 1-323
2026-10-08 17:46:11,198 INFO o.a.j.t.JMeterThread: Thread started: jp@gc - Stepping Thread Group 1-324
2026-10-08 17:46:11,199 INFO o.a.j.t.JMeterThread: Stop Thread seen for thread jp@gc - Stepping Thread Group 1-324, reason: org.apache.jorphan.util.JMeterStopThreadException: End of file:/Users/lisa/Documents/tools/date/tokens.csv detected for CSV DataSet:CSV 数据文件设置 configured with stopThread:true, recycle:false
2026-10-08 17:46:11,199 INFO o.a.j.t.JMeterThread: Thread finished: jp@gc - Stepping Thread Group 1-324
2026-10-08 17:46:11,247 INFO o.a.j.t.JMeterThread: Thread started: jp@gc - Stepping Thread Group 1-325
2026-10-08 17:46:11,248 INFO o.a.j.t.JMeterThread: Stop Thread seen for thread jp@gc - Stepping Thread Group 1-325, reason: org.apache.jorphan.util.JMeterStopThreadException: End of file:/Users/lisa/Documents/tools/date/tokens.csv detected for CSV DataSet:CSV 数据文件设置 configured with stopThread:true, recycle:false
2026-10-08 17:46:11,248 INFO o.a.j.t.JMeterThread: Thread finished: jp@gc - Stepping Thread Group 1-325
2026-10-08 17:46:11,296 INFO o.a.j.t.JMeterThread: Thread started: jp@gc - Stepping Thread Group 1-326
2026-10-08 17:46:11,297 INFO o.a.j.t.JMeterThread: Stop Thread seen for thread jp@gc - Stepping Thread Group 1-326, reason: org.apache.jorphan.util.JMeterStopThreadException: End of file:/Users/lisa/Documents/tools/date/tokens.csv detected for CSV DataSet:CSV 数据文件设置 configured with stopThread:true, recycle:false
2026-10-08 17:46:11,297 INFO o.a.j.t.JMeterThread: Thread finished: jp@gc - Stepping Thread Group 1-326
2026-10-08 17:46:11,350 INFO o.a.j.t.JMeterThread: Thread started: jp@gc - Stepping Thread Group 1-327
2026-10-08 17:46:11,351 INFO o.a.j.t.JMeterThread: Stop Thread seen for thread jp@gc - Stepping Thread Group 1-327, reason: org.apache.jorphan.util.JMeterStopThreadException: End of file:/Users/lisa/Documents/tools/date/tokens.csv detected for CSV DataSet:CSV 数据文件设置 configured with stopThread:true, recycle:false
2026-10-08 17:46:11,351 INFO o.a.j.t.JMeterThread: Thread finished: jp@gc - Stepping Thread Group 1-327
2026-10-08 17:46:11,400 INFO o.a.j.t.JMeterThread: Thread started: jp@gc - Stepping Thread Group 1-328
2026-10-08 17:46:11,401 INFO o.a.j.t.JMeterThread: Stop Thread seen for thread jp@gc - Stepping Thread Group 1-328, reason: org.apache.jorphan.util.JMeterStopThreadException: End of file:/Users/lisa/Documents/tools/date/tokens.csv detected for CSV DataSet:CSV 数据文件设置 configured with stopThread:true, recycle:false
2026-10-08 17:46:11,401 INFO o.a.j.t.JMeterThread: Thread finished: jp@gc - Stepping Thread Group 1-328
2026-10-08 17:46:11,451 INFO o.a.j.t.JMeterThread: Thread started: jp@gc - Stepping Thread Group 1-329
2026-10-08 17:46:11,451 INFO o.a.j.t.JMeterThread: Stop Thread seen for thread jp@gc - Stepping Thread Group 1-329, reason: org.apache.jorphan.util.JMeterStopThreadException: End of file:/Users/lisa/Documents/tools/date/tokens.csv detected for CSV DataSet:CSV 数据文件设置 configured with stopThread:true, recycle:false
2026-10-08 17:46:11,451 INFO o.a.j.t.JMeterThread: Thread finished: jp@gc - Stepping Thread Group 1-329
2026-10-08 17:46:11,501 INFO o.a.j.t.JMeterThread: Thread started: jp@gc - Stepping Thread Group 1-330
2026-10-08 17:46:11,501 INFO o.a.j.t.JMeterThread: Stop Thread seen for thread jp@gc - Stepping Thread Group 1-330, reason: org.apache.jorphan.util.JMeterStopThreadException: End of file:/Users/lisa/Documents/tools/date/tokens.csv detected for CSV DataSet:CSV 数据文件设置 configured with stopThread:true, recycle:false
2026-10-08 17:46:11,501 INFO o.a.j.t.JMeterThread: Thread finished: jp@gc - Stepping Thread Group 1-330
2026-10-08 17:46:11,550 INFO o.a.j.t.JMeterThread: Thread started: jp@gc - Stepping Thread Group 1-331
2026-10-08 17:46:11,551 INFO o.a.j.t.JMeterThread: Stop Thread seen for thread jp@gc - Stepping Thread Group 1-331, reason: org.apache.jorphan.util.JMeterStopThreadException: End of file:/Users/lisa/Documents/tools/date/tokens.csv detected for CSV DataSet:CSV 数据文件设置 configured with stopThread:true, recycle:false
2026-10-08 17:46:11,551 INFO o.a.j.t.JMeterThread: Thread finished: jp@gc - Stepping Thread Group 1-331
2026-10-08 17:46:11,600 INFO o.a.j.t.JMeterThread: Thread started: jp@gc - Stepping Thread Group 1-332
2026-10-08 17:46:11,601 INFO o.a.j.t.JMeterThread: Stop Thread seen for thread jp@gc - Stepping Thread Group 1-332, reason: org.apache.jorphan.util.JMeterStopThreadException: End of file:/Users/lisa/Documents/tools/date/tokens.csv detected for CSV DataSet:CSV 数据文件设置 configured with stopThread:true, recycle:false
2026-10-08 17:46:11,601 INFO o.a.j.t.JMeterThread: Thread finished: jp@gc - Stepping Thread Group 1-332
2026-10-08 17:46:11,648 INFO o.a.j.t.JMeterThread: Thread started: jp@gc - Stepping Thread Group 1-333
2026-10-08 17:46:11,649 INFO o.a.j.t.JMeterThread: Stop Thread seen for thread jp@gc - Stepping Thread Group 1-333, reason: org.apache.jorphan.util.JMeterStopThreadException: End of file:/Users/lisa/Documents/tools/date/tokens.csv detected for CSV DataSet:CSV 数据文件设置 configured with stopThread:true, recycle:false
2026-10-08 17:46:11,649 INFO o.a.j.t.JMeterThread: Thread finished: jp@gc - Stepping Thread Group 1-333
2026-10-08 17:46:11,700 INFO o.a.j.t.JMeterThread: Thread started: jp@gc - Stepping Thread Group 1-334
2026-10-08 17:46:11,701 INFO o.a.j.t.JMeterThread: Stop Thread seen for thread jp@gc - Stepping Thread Group 1-334, reason: org.apache.jorphan.util.JMeterStopThreadException: End of file:/Users/lisa/Documents/tools/date/tokens.csv detected for CSV DataSet:CSV 数据文件设置 configured with stopThread:true, recycle:false
2026-10-08 17:46:11,701 INFO o.a.j.t.JMeterThread: Thread finished: jp@gc - Stepping Thread Group 1-334
2026-10-08 17:46:11,746 INFO o.a.j.t.JMeterThread: Thread started: jp@gc - Stepping Thread Group 1-335
2026-10-08 17:46:11,747 INFO o.a.j.t.JMeterThread: Stop Thread seen for thread jp@gc - Stepping Thread Group 1-335, reason: org.apache.jorphan.util.JMeterStopThreadException: End of file:/Users/lisa/Documents/tools/date/tokens.csv detected for CSV DataSet:CSV 数据文件设置 configured with stopThread:true, recycle:false
2026-10-08 17:46:11,747 INFO o.a.j.t.JMeterThread: Thread finished: jp@gc - Stepping Thread Group 1-335
2026-10-08 17:46:11,800 INFO o.a.j.t.JMeterThread: Thread started: jp@gc - Stepping Thread Group 1-336
2026-10-08 17:46:11,801 INFO o.a.j.t.JMeterThread: Stop Thread seen for thread jp@gc - Stepping Thread Group 1-336, reason: org.apache.jorphan.util.JMeterStopThreadException: End of file:/Users/lisa/Documents/tools/date/tokens.csv detected for CSV DataSet:CSV 数据文件设置 configured with stopThread:true, recycle:false
2026-10-08 17:46:11,801 INFO o.a.j.t.JMeterThread: Thread finished: jp@gc - Stepping Thread Group 1-336
2026-10-08 17:46:11,850 INFO o.a.j.t.JMeterThread: Thread started: jp@gc - Stepping Thread Group 1-337
2026-10-08 17:46:11,851 INFO o.a.j.t.JMeterThread: Stop Thread seen for thread jp@gc - Stepping Thread Group 1-337, reason: org.apache.jorphan.util.JMeterStopThreadException: End of file:/Users/lisa/Documents/tools/date/tokens.csv detected for CSV DataSet:CSV 数据文件设置 configured with stopThread:true, recycle:false
2026-10-08 17:46:11,851 INFO o.a.j.t.JMeterThread: Thread finished: jp@gc - Stepping Thread Group 1-337
2026-10-08 17:46:11,896 INFO o.a.j.t.JMeterThread: Thread started: jp@gc - Stepping Thread Group 1-338
2026-10-08 17:46:11,897 INFO o.a.j.t.JMeterThread: Stop Thread seen for thread jp@gc - Stepping Thread Group 1-338, reason: org.apache.jorphan.util.JMeterStopThreadException: End of file:/Users/lisa/Documents/tools/date/tokens.csv detected for CSV DataSet:CSV 数据文件设置 configured with stopThread:true, recycle:false
2026-10-08 17:46:11,897 INFO o.a.j.t.JMeterThread: Thread finished: jp@gc - Stepping Thread Group 1-338
2026-10-08 17:46:11,950 INFO o.a.j.t.JMeterThread: Thread started: jp@gc - Stepping Thread Group 1-339
2026-10-08 17:46:11,951 INFO o.a.j.t.JMeterThread: Stop Thread seen for thread jp@gc - Stepping Thread Group 1-339, reason: org.apache.jorphan.util.JMeterStopThreadException: End of file:/Users/lisa/Documents/tools/date/tokens.csv detected for CSV DataSet:CSV 数据文件设置 configured with stopThread:true, recycle:false
2026-10-08 17:46:11,951 INFO o.a.j.t.JMeterThread: Thread finished: jp@gc - Stepping Thread Group 1-339
2026-10-08 17:46:12,000 INFO o.a.j.t.JMeterThread: Thread started: jp@gc - Stepping Thread Group 1-340
2026-10-08 17:46:12,001 INFO o.a.j.t.JMeterThread: Stop Thread seen for thread jp@gc - Stepping Thread Group 1-340, reason: org.apache.jorphan.util.JMeterStopThreadException: End of file:/Users/lisa/Documents/tools/date/tokens.csv detected for CSV DataSet:CSV 数据文件设置 configured with stopThread:true, recycle:false
2026-10-08 17:46:12,001 INFO o.a.j.t.JMeterThread: Thread finished: jp@gc - Stepping Thread Group 1-340
2026-10-08 17:46:12,046 INFO o.a.j.t.JMeterThread: Thread started: jp@gc - Stepping Thread Group 1-341
2026-10-08 17:46:12,047 INFO o.a.j.t.JMeterThread: Stop Thread seen for thread jp@gc - Stepping Thread Group 1-341, reason: org.apache.jorphan.util.JMeterStopThreadException: End of file:/Users/lisa/Documents/tools/date/tokens.csv detected for CSV DataSet:CSV 数据文件设置 configured with stopThread:true, recycle:false
2026-10-08 17:46:12,047 INFO o.a.j.t.JMeterThread: Thread finished: jp@gc - Stepping Thread Group 1-341
2026-10-08 17:46:12,100 INFO o.a.j.t.JMeterThread: Thread started: jp@gc - Stepping Thread Group 1-342
2026-10-08 17:46:12,101 INFO o.a.j.t.JMeterThread: Stop Thread seen for thread jp@gc - Stepping Thread Group 1-342, reason: org.apache.jorphan.util.JMeterStopThreadException: End of file:/Users/lisa/Documents/tools/date/tokens.csv detected for CSV DataSet:CSV 数据文件设置 configured with stopThread:true, recycle:false
2026-10-08 17:46:12,101 INFO o.a.j.t.JMeterThread: Thread finished: jp@gc - Stepping Thread Group 1-342
2026-10-08 17:46:12,150 INFO o.a.j.t.JMeterThread: Thread started: jp@gc - Stepping Thread Group 1-343
2026-10-08 17:46:12,150 INFO o.a.j.t.JMeterThread: Stop Thread seen for thread jp@gc - Stepping Thread Group 1-343, reason: org.apache.jorphan.util.JMeterStopThreadException: End of file:/Users/lisa/Documents/tools/date/tokens.csv detected for CSV DataSet:CSV 数据文件设置 configured with stopThread:true, recycle:false
2026-10-08 17:46:12,151 INFO o.a.j.t.JMeterThread: Thread finished: jp@gc - Stepping Thread Group 1-343
2026-10-08 17:46:12,196 INFO o.a.j.t.JMeterThread: Thread started: jp@gc - Stepping Thread Group 1-344
2026-10-08 17:46:12,197 INFO o.a.j.t.JMeterThread: Stop Thread seen for thread jp@gc - Stepping Thread Group 1-344, reason: org.apache.jorphan.util.JMeterStopThreadException: End of file:/Users/lisa/Documents/tools/date/tokens.csv detected for CSV DataSet:CSV 数据文件设置 configured with stopThread:true, recycle:false
2026-10-08 17:46:12,197 INFO o.a.j.t.JMeterThread: Thread finished: jp@gc - Stepping Thread Group 1-344
2026-10-08 17:46:12,250 INFO o.a.j.t.JMeterThread: Thread started: jp@gc - Stepping Thread Group 1-345
2026-10-08 17:46:12,251 INFO o.a.j.t.JMeterThread: Stop Thread seen for thread jp@gc - Stepping Thread Group 1-345, reason: org.apache.jorphan.util.JMeterStopThreadException: End of file:/Users/lisa/Documents/tools/date/tokens.csv detected for CSV DataSet:CSV 数据文件设置 configured with stopThread:true, recycle:false
2026-10-08 17:46:12,251 INFO o.a.j.t.JMeterThread: Thread finished: jp@gc - Stepping Thread Group 1-345
2026-10-08 17:46:12,298 INFO o.a.j.t.JMeterThread: Thread started: jp@gc - Stepping Thread Group 1-346
2026-10-08 17:46:12,299 INFO o.a.j.t.JMeterThread: Stop Thread seen for thread jp@gc - Stepping Thread Group 1-346, reason: org.apache.jorphan.util.JMeterStopThreadException: End of file:/Users/lisa/Documents/tools/date/tokens.csv detected for CSV DataSet:CSV 数据文件设置 configured with stopThread:true, recycle:false
2026-10-08 17:46:12,299 INFO o.a.j.t.JMeterThread: Thread finished: jp@gc - Stepping Thread Group 1-346
2026-10-08 17:46:12,350 INFO o.a.j.t.JMeterThread: Thread started: jp@gc - Stepping Thread Group 1-347
2026-10-08 17:46:12,351 INFO o.a.j.t.JMeterThread: Stop Thread seen for thread jp@gc - Stepping Thread Group 1-347, reason: org.apache.jorphan.util.JMeterStopThreadException: End of file:/Users/lisa/Documents/tools/date/tokens.csv detected for CSV DataSet:CSV 数据文件设置 configured with stopThread:true, recycle:false
2026-10-08 17:46:12,351 INFO o.a.j.t.JMeterThread: Thread finished: jp@gc - Stepping Thread Group 1-347
2026-10-08 17:46:12,400 INFO o.a.j.t.JMeterThread: Thread started: jp@gc - Stepping Thread Group 1-348
2026-10-08 17:46:12,401 INFO o.a.j.t.JMeterThread: Stop Thread seen for thread jp@gc - Stepping Thread Group 1-348, reason: org.apache.jorphan.util.JMeterStopThreadException: End of file:/Users/lisa/Documents/tools/date/tokens.csv detected for CSV DataSet:CSV 数据文件设置 configured with stopThread:true, recycle:false
2026-10-08 17:46:12,401 INFO o.a.j.t.JMeterThread: Thread finished: jp@gc - Stepping Thread Group 1-348
2026-10-08 17:46:12,450 INFO o.a.j.t.JMeterThread: Thread started: jp@gc - Stepping Thread Group 1-349
2026-10-08 17:46:12,451 INFO o.a.j.t.JMeterThread: Stop Thread seen for thread jp@gc - Stepping Thread Group 1-349, reason: org.apache.jorphan.util.JMeterStopThreadException: End of file:/Users/lisa/Documents/tools/date/tokens.csv detected for CSV DataSet:CSV 数据文件设置 configured with stopThread:true, recycle:false
2026-10-08 17:46:12,451 INFO o.a.j.t.JMeterThread: Thread finished: jp@gc - Stepping Thread Group 1-349
2026-10-08 17:46:12,500 INFO o.a.j.t.JMeterThread: Thread started: jp@gc - Stepping Thread Group 1-350
2026-10-08 17:46:12,500 INFO o.a.j.t.JMeterThread: Stop Thread seen for thread jp@gc - Stepping Thread Group 1-350, reason: org.apache.jorphan.util.JMeterStopThreadException: End of file:/Users/lisa/Documents/tools/date/tokens.csv detected for CSV DataSet:CSV 数据文件设置 configured with stopThread:true, recycle:false
2026-10-08 17:46:12,500 INFO o.a.j.t.JMeterThread: Thread finished: jp@gc - Stepping Thread Group 1-350
2026-10-08 17:46:12,546 INFO o.a.j.t.JMeterThread: Thread started: jp@gc - Stepping Thread Group 1-351
2026-10-08 17:46:12,546 INFO o.a.j.t.JMeterThread: Stop Thread seen for thread jp@gc - Stepping Thread Group 1-351, reason: org.apache.jorphan.util.JMeterStopThreadException: End of file:/Users/lisa/Documents/tools/date/tokens.csv detected for CSV DataSet:CSV 数据文件设置 configured with stopThread:true, recycle:false
2026-10-08 17:46:12,546 INFO o.a.j.t.JMeterThread: Thread finished: jp@gc - Stepping Thread Group 1-351
2026-10-08 17:46:12,598 INFO o.a.j.t.JMeterThread: Thread started: jp@gc - Stepping Thread Group 1-352
2026-10-08 17:46:12,598 INFO o.a.j.t.JMeterThread: Stop Thread seen for thread jp@gc - Stepping Thread Group 1-352, reason: org.apache.jorphan.util.JMeterStopThreadException: End of file:/Users/lisa/Documents/tools/date/tokens.csv detected for CSV DataSet:CSV 数据文件设置 configured with stopThread:true, recycle:false
2026-10-08 17:46:12,598 INFO o.a.j.t.JMeterThread: Thread finished: jp@gc - Stepping Thread Group 1-352
2026-10-08 17:46:12,650 INFO o.a.j.t.JMeterThread: Thread started: jp@gc - Stepping Thread Group 1-353
2026-10-08 17:46:12,650 INFO o.a.j.t.JMeterThread: Stop Thread seen for thread jp@gc - Stepping Thread Group 1-353, reason: org.apache.jorphan.util.JMeterStopThreadException: End of file:/Users/lisa/Documents/tools/date/tokens.csv detected for CSV DataSet:CSV 数据文件设置 configured with stopThread:true, recycle:false
2026-10-08 17:46:12,651 INFO o.a.j.t.JMeterThread: Thread finished: jp@gc - Stepping Thread Group 1-353
2026-10-08 17:46:12,698 INFO o.a.j.t.JMeterThread: Thread started: jp@gc - Stepping Thread Group 1-354
2026-10-08 17:46:12,699 INFO o.a.j.t.JMeterThread: Stop Thread seen for thread jp@gc - Stepping Thread Group 1-354, reason: org.apache.jorphan.util.JMeterStopThreadException: End of file:/Users/lisa/Documents/tools/date/tokens.csv detected for CSV DataSet:CSV 数据文件设置 configured with stopThread:true, recycle:false
2026-10-08 17:46:12,699 INFO o.a.j.t.JMeterThread: Thread finished: jp@gc - Stepping Thread Group 1-354
2026-10-08 17:46:12,750 INFO o.a.j.t.JMeterThread: Thread started: jp@gc - Stepping Thread Group 1-355
2026-10-08 17:46:12,751 INFO o.a.j.t.JMeterThread: Stop Thread seen for thread jp@gc - Stepping Thread Group 1-355, reason: org.apache.jorphan.util.JMeterStopThreadException: End of file:/Users/lisa/Documents/tools/date/tokens.csv detected for CSV DataSet:CSV 数据文件设置 configured with stopThread:true, recycle:false
2026-10-08 17:46:12,751 INFO o.a.j.t.JMeterThread: Thread finished: jp@gc - Stepping Thread Group 1-355
2026-10-08 17:46:12,800 INFO o.a.j.t.JMeterThread: Thread started: jp@gc - Stepping Thread Group 1-356
2026-10-08 17:46:12,801 INFO o.a.j.t.JMeterThread: Stop Thread seen for thread jp@gc - Stepping Thread Group 1-356, reason: org.apache.jorphan.util.JMeterStopThreadException: End of file:/Users/lisa/Documents/tools/date/tokens.csv detected for CSV DataSet:CSV 数据文件设置 configured with stopThread:true, recycle:false
2026-10-08 17:46:12,801 INFO o.a.j.t.JMeterThread: Thread finished: jp@gc - Stepping Thread Group 1-356
2026-10-08 17:46:12,850 INFO o.a.j.t.JMeterThread: Thread started: jp@gc - Stepping Thread Group 1-357
2026-10-08 17:46:12,851 INFO o.a.j.t.JMeterThread: Stop Thread seen for thread jp@gc - Stepping Thread Group 1-357, reason: org.apache.jorphan.util.JMeterStopThreadException: End of file:/Users/lisa/Documents/tools/date/tokens.csv detected for CSV DataSet:CSV 数据文件设置 configured with stopThread:true, recycle:false
2026-10-08 17:46:12,851 INFO o.a.j.t.JMeterThread: Thread finished: jp@gc - Stepping Thread Group 1-357
2026-10-08 17:46:12,901 INFO o.a.j.t.JMeterThread: Thread started: jp@gc - Stepping Thread Group 1-358
2026-10-08 17:46:12,901 INFO o.a.j.t.JMeterThread: Stop Thread seen for thread jp@gc - Stepping Thread Group 1-358, reason: org.apache.jorphan.util.JMeterStopThreadException: End of file:/Users/lisa/Documents/tools/date/tokens.csv detected for CSV DataSet:CSV 数据文件设置 configured with stopThread:true, recycle:false
2026-10-08 17:46:12,901 INFO o.a.j.t.JMeterThread: Thread finished: jp@gc - Stepping Thread Group 1-358
2026-10-08 17:46:12,950 INFO o.a.j.t.JMeterThread: Thread started: jp@gc - Stepping Thread Group 1-359
2026-10-08 17:46:12,951 INFO o.a.j.t.JMeterThread: Stop Thread seen for thread jp@gc - Stepping Thread Group 1-359, reason: org.apache.jorphan.util.JMeterStopThreadException: End of file:/Users/lisa/Documents/tools/date/tokens.csv detected for CSV DataSet:CSV 数据文件设置 configured with stopThread:true, recycle:false
2026-10-08 17:46:12,951 INFO o.a.j.t.JMeterThread: Thread finished: jp@gc - Stepping Thread Group 1-359
2026-10-08 17:46:13,001 INFO o.a.j.t.JMeterThread: Thread started: jp@gc - Stepping Thread Group 1-360
2026-10-08 17:46:13,001 INFO o.a.j.t.JMeterThread: Stop Thread seen for thread jp@gc - Stepping Thread Group 1-360, reason: org.apache.jorphan.util.JMeterStopThreadException: End of file:/Users/lisa/Documents/tools/date/tokens.csv detected for CSV DataSet:CSV 数据文件设置 configured with stopThread:true, recycle:false
2026-10-08 17:46:13,001 INFO o.a.j.t.JMeterThread: Thread finished: jp@gc - Stepping Thread Group 1-360
2026-10-08 17:46:13,050 INFO o.a.j.t.JMeterThread: Thread started: jp@gc - Stepping Thread Group 1-361
2026-10-08 17:46:13,050 INFO o.a.j.t.JMeterThread: Stop Thread seen for thread jp@gc - Stepping Thread Group 1-361, reason: org.apache.jorphan.util.JMeterStopThreadException: End of file:/Users/lisa/Documents/tools/date/tokens.csv detected for CSV DataSet:CSV 数据文件设置 configured with stopThread:true, recycle:false
2026-10-08 17:46:13,050 INFO o.a.j.t.JMeterThread: Thread finished: jp@gc - Stepping Thread Group 1-361
2026-10-08 17:46:13,097 INFO o.a.j.t.JMeterThread: Thread started: jp@gc - Stepping Thread Group 1-362
2026-10-08 17:46:13,098 INFO o.a.j.t.JMeterThread: Stop Thread seen for thread jp@gc - Stepping Thread Group 1-362, reason: org.apache.jorphan.util.JMeterStopThreadException: End of file:/Users/lisa/Documents/tools/date/tokens.csv detected for CSV DataSet:CSV 数据文件设置 configured with stopThread:true, recycle:false
2026-10-08 17:46:13,098 INFO o.a.j.t.JMeterThread: Thread finished: jp@gc - Stepping Thread Group 1-362
2026-10-08 17:46:13,150 INFO o.a.j.t.JMeterThread: Thread started: jp@gc - Stepping Thread Group 1-363
2026-10-08 17:46:13,150 INFO o.a.j.t.JMeterThread: Stop Thread seen for thread jp@gc - Stepping Thread Group 1-363, reason: org.apache.jorphan.util.JMeterStopThreadException: End of file:/Users/lisa/Documents/tools/date/tokens.csv detected for CSV DataSet:CSV 数据文件设置 configured with stopThread:true, recycle:false
2026-10-08 17:46:13,150 INFO o.a.j.t.JMeterThread: Thread finished: jp@gc - Stepping Thread Group 1-363
2026-10-08 17:46:13,200 INFO o.a.j.t.JMeterThread: Thread started: jp@gc - Stepping Thread Group 1-364
2026-10-08 17:46:13,200 INFO o.a.j.t.JMeterThread: Stop Thread seen for thread jp@gc - Stepping Thread Group 1-364, reason: org.apache.jorphan.util.JMeterStopThreadException: End of file:/Users/lisa/Documents/tools/date/tokens.csv detected for CSV DataSet:CSV 数据文件设置 configured with stopThread:true, recycle:false
2026-10-08 17:46:13,200 INFO o.a.j.t.JMeterThread: Thread finished: jp@gc - Stepping Thread Group 1-364
2026-10-08 17:46:13,248 INFO o.a.j.t.JMeterThread: Thread started: jp@gc - Stepping Thread Group 1-365
2026-10-08 17:46:13,248 INFO o.a.j.t.JMeterThread: Stop Thread seen for thread jp@gc - Stepping Thread Group 1-365, reason: org.apache.jorphan.util.JMeterStopThreadException: End of file:/Users/lisa/Documents/tools/date/tokens.csv detected for CSV DataSet:CSV 数据文件设置 configured with stopThread:true, recycle:false
2026-10-08 17:46:13,248 INFO o.a.j.t.JMeterThread: Thread finished: jp@gc - Stepping Thread Group 1-365
2026-10-08 17:46:13,300 INFO o.a.j.t.JMeterThread: Thread started: jp@gc - Stepping Thread Group 1-366
2026-10-08 17:46:13,300 INFO o.a.j.t.JMeterThread: Stop Thread seen for thread jp@gc - Stepping Thread Group 1-366, reason: org.apache.jorphan.util.JMeterStopThreadException: End of file:/Users/lisa/Documents/tools/date/tokens.csv detected for CSV DataSet:CSV 数据文件设置 configured with stopThread:true, recycle:false
2026-10-08 17:46:13,300 INFO o.a.j.t.JMeterThread: Thread finished: jp@gc - Stepping Thread Group 1-366
2026-10-08 17:46:13,345 INFO o.a.j.t.JMeterThread: Thread started: jp@gc - Stepping Thread Group 1-367
2026-10-08 17:46:13,346 INFO o.a.j.t.JMeterThread: Stop Thread seen for thread jp@gc - Stepping Thread Group 1-367, reason: org.apache.jorphan.util.JMeterStopThreadException: End of file:/Users/lisa/Documents/tools/date/tokens.csv detected for CSV DataSet:CSV 数据文件设置 configured with stopThread:true, recycle:false
2026-10-08 17:46:13,346 INFO o.a.j.t.JMeterThread: Thread finished: jp@gc - Stepping Thread Group 1-367
2026-10-08 17:46:13,400 INFO o.a.j.t.JMeterThread: Thread started: jp@gc - Stepping Thread Group 1-368
2026-10-08 17:46:13,401 INFO o.a.j.t.JMeterThread: Stop Thread seen for thread jp@gc - Stepping Thread Group 1-368, reason: org.apache.jorphan.util.JMeterStopThreadException: End of file:/Users/lisa/Documents/tools/date/tokens.csv detected for CSV DataSet:CSV 数据文件设置 configured with stopThread:true, recycle:false
2026-10-08 17:46:13,401 INFO o.a.j.t.JMeterThread: Thread finished: jp@gc - Stepping Thread Group 1-368
2026-10-08 17:46:13,447 INFO o.a.j.t.JMeterThread: Thread started: jp@gc - Stepping Thread Group 1-369
2026-10-08 17:46:13,447 INFO o.a.j.t.JMeterThread: Stop Thread seen for thread jp@gc - Stepping Thread Group 1-369, reason: org.apache.jorphan.util.JMeterStopThreadException: End of file:/Users/lisa/Documents/tools/date/tokens.csv detected for CSV DataSet:CSV 数据文件设置 configured with stopThread:true, recycle:false
2026-10-08 17:46:13,447 INFO o.a.j.t.JMeterThread: Thread finished: jp@gc - Stepping Thread Group 1-369
2026-10-08 17:46:13,500 INFO o.a.j.t.JMeterThread: Thread started: jp@gc - Stepping Thread Group 1-370
2026-10-08 17:46:13,501 INFO o.a.j.t.JMeterThread: Stop Thread seen for thread jp@gc - Stepping Thread Group 1-370, reason: org.apache.jorphan.util.JMeterStopThreadException: End of file:/Users/lisa/Documents/tools/date/tokens.csv detected for CSV DataSet:CSV 数据文件设置 configured with stopThread:true, recycle:false
2026-10-08 17:46:13,501 INFO o.a.j.t.JMeterThread: Thread finished: jp@gc - Stepping Thread Group 1-370
2026-10-08 17:46:13,545 INFO o.a.j.t.JMeterThread: Thread started: jp@gc - Stepping Thread Group 1-371
2026-10-08 17:46:13,546 INFO o.a.j.t.JMeterThread: Stop Thread seen for thread jp@gc - Stepping Thread Group 1-371, reason: org.apache.jorphan.util.JMeterStopThreadException: End of file:/Users/lisa/Documents/tools/date/tokens.csv detected for CSV DataSet:CSV 数据文件设置 configured with stopThread:true, recycle:false
2026-10-08 17:46:13,546 INFO o.a.j.t.JMeterThread: Thread finished: jp@gc - Stepping Thread Group 1-371
2026-10-08 17:46:13,600 INFO o.a.j.t.JMeterThread: Thread started: jp@gc - Stepping Thread Group 1-372
2026-10-08 17:46:13,601 INFO o.a.j.t.JMeterThread: Stop Thread seen for thread jp@gc - Stepping Thread Group 1-372, reason: org.apache.jorphan.util.JMeterStopThreadException: End of file:/Users/lisa/Documents/tools/date/tokens.csv detected for CSV DataSet:CSV 数据文件设置 configured with stopThread:true, recycle:false
2026-10-08 17:46:13,601 INFO o.a.j.t.JMeterThread: Thread finished: jp@gc - Stepping Thread Group 1-372
2026-10-08 17:46:13,650 INFO o.a.j.t.JMeterThread: Thread started: jp@gc - Stepping Thread Group 1-373
2026-10-08 17:46:13,650 INFO o.a.j.t.JMeterThread: Stop Thread seen for thread jp@gc - Stepping Thread Group 1-373, reason: org.apache.jorphan.util.JMeterStopThreadException: End of file:/Users/lisa/Documents/tools/date/tokens.csv detected for CSV DataSet:CSV 数据文件设置 configured with stopThread:true, recycle:false
2026-10-08 17:46:13,650 INFO o.a.j.t.JMeterThread: Thread finished: jp@gc - Stepping Thread Group 1-373
2026-10-08 17:46:13,700 INFO o.a.j.t.JMeterThread: Thread started: jp@gc - Stepping Thread Group 1-374
2026-10-08 17:46:13,700 INFO o.a.j.t.JMeterThread: Stop Thread seen for thread jp@gc - Stepping Thread Group 1-374, reason: org.apache.jorphan.util.JMeterStopThreadException: End of file:/Users/lisa/Documents/tools/date/tokens.csv detected for CSV DataSet:CSV 数据文件设置 configured with stopThread:true, recycle:false
2026-10-08 17:46:13,700 INFO o.a.j.t.JMeterThread: Thread finished: jp@gc - Stepping Thread Group 1-374
2026-10-08 17:46:13,750 INFO o.a.j.t.JMeterThread: Thread started: jp@gc - Stepping Thread Group 1-375
2026-10-08 17:46:13,751 INFO o.a.j.t.JMeterThread: Stop Thread seen for thread jp@gc - Stepping Thread Group 1-375, reason: org.apache.jorphan.util.JMeterStopThreadException: End of file:/Users/lisa/Documents/tools/date/tokens.csv detected for CSV DataSet:CSV 数据文件设置 configured with stopThread:true, recycle:false
2026-10-08 17:46:13,751 INFO o.a.j.t.JMeterThread: Thread finished: jp@gc - Stepping Thread Group 1-375
2026-10-08 17:46:13,795 INFO o.a.j.t.JMeterThread: Thread started: jp@gc - Stepping Thread Group 1-376
2026-10-08 17:46:13,796 INFO o.a.j.t.JMeterThread: Stop Thread seen for thread jp@gc - Stepping Thread Group 1-376, reason: org.apache.jorphan.util.JMeterStopThreadException: End of file:/Users/lisa/Documents/tools/date/tokens.csv detected for CSV DataSet:CSV 数据文件设置 configured with stopThread:true, recycle:false
2026-10-08 17:46:13,796 INFO o.a.j.t.JMeterThread: Thread finished: jp@gc - Stepping Thread Group 1-376
2026-10-08 17:46:13,849 INFO o.a.j.t.JMeterThread: Thread started: jp@gc - Stepping Thread Group 1-377
2026-10-08 17:46:13,850 INFO o.a.j.t.JMeterThread: Stop Thread seen for thread jp@gc - Stepping Thread Group 1-377, reason: org.apache.jorphan.util.JMeterStopThreadException: End of file:/Users/lisa/Documents/tools/date/tokens.csv detected for CSV DataSet:CSV 数据文件设置 configured with stopThread:true, recycle:false
2026-10-08 17:46:13,850 INFO o.a.j.t.JMeterThread: Thread finished: jp@gc - Stepping Thread Group 1-377
2026-10-08 17:46:13,896 INFO o.a.j.t.JMeterThread: Thread started: jp@gc - Stepping Thread Group 1-378
2026-10-08 17:46:13,897 INFO o.a.j.t.JMeterThread: Stop Thread seen for thread jp@gc - Stepping Thread Group 1-378, reason: org.apache.jorphan.util.JMeterStopThreadException: End of file:/Users/lisa/Documents/tools/date/tokens.csv detected for CSV DataSet:CSV 数据文件设置 configured with stopThread:true, recycle:false
2026-10-08 17:46:13,897 INFO o.a.j.t.JMeterThread: Thread finished: jp@gc - Stepping Thread Group 1-378
2026-10-08 17:46:13,950 INFO o.a.j.t.JMeterThread: Thread started: jp@gc - Stepping Thread Group 1-379
2026-10-08 17:46:13,951 INFO o.a.j.t.JMeterThread: Stop Thread seen for thread jp@gc - Stepping Thread Group 1-379, reason: org.apache.jorphan.util.JMeterStopThreadException: End of file:/Users/lisa/Documents/tools/date/tokens.csv detected for CSV DataSet:CSV 数据文件设置 configured with stopThread:true, recycle:false
2026-10-08 17:46:13,951 INFO o.a.j.t.JMeterThread: Thread finished: jp@gc - Stepping Thread Group 1-379
2026-10-08 17:46:14,001 INFO o.a.j.t.JMeterThread: Thread started: jp@gc - Stepping Thread Group 1-380
2026-10-08 17:46:14,001 INFO o.a.j.t.JMeterThread: Stop Thread seen for thread jp@gc - Stepping Thread Group 1-380, reason: org.apache.jorphan.util.JMeterStopThreadException: End of file:/Users/lisa/Documents/tools/date/tokens.csv detected for CSV DataSet:CSV 数据文件设置 configured with stopThread:true, recycle:false
2026-10-08 17:46:14,001 INFO o.a.j.t.JMeterThread: Thread finished: jp@gc - Stepping Thread Group 1-380
2026-10-08 17:46:14,051 INFO o.a.j.t.JMeterThread: Thread started: jp@gc - Stepping Thread Group 1-381
2026-10-08 17:46:14,051 INFO o.a.j.t.JMeterThread: Stop Thread seen for thread jp@gc - Stepping Thread Group 1-381, reason: org.apache.jorphan.util.JMeterStopThreadException: End of file:/Users/lisa/Documents/tools/date/tokens.csv detected for CSV DataSet:CSV 数据文件设置 configured with stopThread:true, recycle:false
2026-10-08 17:46:14,051 INFO o.a.j.t.JMeterThread: Thread finished: jp@gc - Stepping Thread Group 1-381
2026-10-08 17:46:14,095 INFO o.a.j.t.JMeterThread: Thread started: jp@gc - Stepping Thread Group 1-382
2026-10-08 17:46:14,096 INFO o.a.j.t.JMeterThread: Stop Thread seen for thread jp@gc - Stepping Thread Group 1-382, reason: org.apache.jorphan.util.JMeterStopThreadException: End of file:/Users/lisa/Documents/tools/date/tokens.csv detected for CSV DataSet:CSV 数据文件设置 configured with stopThread:true, recycle:false
2026-10-08 17:46:14,096 INFO o.a.j.t.JMeterThread: Thread finished: jp@gc - Stepping Thread Group 1-382
2026-10-08 17:46:14,150 INFO o.a.j.t.JMeterThread: Thread started: jp@gc - Stepping Thread Group 1-383
2026-10-08 17:46:14,151 INFO o.a.j.t.JMeterThread: Stop Thread seen for thread jp@gc - Stepping Thread Group 1-383, reason: org.apache.jorphan.util.JMeterStopThreadException: End of file:/Users/lisa/Documents/tools/date/tokens.csv detected for CSV DataSet:CSV 数据文件设置 configured with stopThread:true, recycle:false
2026-10-08 17:46:14,151 INFO o.a.j.t.JMeterThread: Thread finished: jp@gc - Stepping Thread Group 1-383
2026-10-08 17:46:14,200 INFO o.a.j.t.JMeterThread: Thread started: jp@gc - Stepping Thread Group 1-384
2026-10-08 17:46:14,200 INFO o.a.j.t.JMeterThread: Stop Thread seen for thread jp@gc - Stepping Thread Group 1-384, reason: org.apache.jorphan.util.JMeterStopThreadException: End of file:/Users/lisa/Documents/tools/date/tokens.csv detected for CSV DataSet:CSV 数据文件设置 configured with stopThread:true, recycle:false
2026-10-08 17:46:14,200 INFO o.a.j.t.JMeterThread: Thread finished: jp@gc - Stepping Thread Group 1-384
2026-10-08 17:46:14,248 INFO o.a.j.t.JMeterThread: Thread started: jp@gc - Stepping Thread Group 1-385
2026-10-08 17:46:14,248 INFO o.a.j.t.JMeterThread: Stop Thread seen for thread jp@gc - Stepping Thread Group 1-385, reason: org.apache.jorphan.util.JMeterStopThreadException: End of file:/Users/lisa/Documents/tools/date/tokens.csv detected for CSV DataSet:CSV 数据文件设置 configured with stopThread:true, recycle:false
2026-10-08 17:46:14,249 INFO o.a.j.t.JMeterThread: Thread finished: jp@gc - Stepping Thread Group 1-385
2026-10-08 17:46:14,301 INFO o.a.j.t.JMeterThread: Thread started: jp@gc - Stepping Thread Group 1-386
2026-10-08 17:46:14,301 INFO o.a.j.t.JMeterThread: Stop Thread seen for thread jp@gc - Stepping Thread Group 1-386, reason: org.apache.jorphan.util.JMeterStopThreadException: End of file:/Users/lisa/Documents/tools/date/tokens.csv detected for CSV DataSet:CSV 数据文件设置 configured with stopThread:true, recycle:false
2026-10-08 17:46:14,301 INFO o.a.j.t.JMeterThread: Thread finished: jp@gc - Stepping Thread Group 1-386
2026-10-08 17:46:14,348 INFO o.a.j.t.JMeterThread: Thread started: jp@gc - Stepping Thread Group 1-387
2026-10-08 17:46:14,349 INFO o.a.j.t.JMeterThread: Stop Thread seen for thread jp@gc - Stepping Thread Group 1-387, reason: org.apache.jorphan.util.JMeterStopThreadException: End of file:/Users/lisa/Documents/tools/date/tokens.csv detected for CSV DataSet:CSV 数据文件设置 configured with stopThread:true, recycle:false
2026-10-08 17:46:14,349 INFO o.a.j.t.JMeterThread: Thread finished: jp@gc - Stepping Thread Group 1-387
2026-10-08 17:46:14,399 INFO o.a.j.t.JMeterThread: Thread started: jp@gc - Stepping Thread Group 1-388
2026-10-08 17:46:14,400 INFO o.a.j.t.JMeterThread: Stop Thread seen for thread jp@gc - Stepping Thread Group 1-388, reason: org.apache.jorphan.util.JMeterStopThreadException: End of file:/Users/lisa/Documents/tools/date/tokens.csv detected for CSV DataSet:CSV 数据文件设置 configured with stopThread:true, recycle:false
2026-10-08 17:46:14,400 INFO o.a.j.t.JMeterThread: Thread finished: jp@gc - Stepping Thread Group 1-388
2026-10-08 17:46:14,445 INFO o.a.j.t.JMeterThread: Thread started: jp@gc - Stepping Thread Group 1-389
2026-10-08 17:46:14,446 INFO o.a.j.t.JMeterThread: Stop Thread seen for thread jp@gc - Stepping Thread Group 1-389, reason: org.apache.jorphan.util.JMeterStopThreadException: End of file:/Users/lisa/Documents/tools/date/tokens.csv detected for CSV DataSet:CSV 数据文件设置 configured with stopThread:true, recycle:false
2026-10-08 17:46:14,446 INFO o.a.j.t.JMeterThread: Thread finished: jp@gc - Stepping Thread Group 1-389
2026-10-08 17:46:14,495 INFO o.a.j.t.JMeterThread: Thread started: jp@gc - Stepping Thread Group 1-390
2026-10-08 17:46:14,496 INFO o.a.j.t.JMeterThread: Stop Thread seen for thread jp@gc - Stepping Thread Group 1-390, reason: org.apache.jorphan.util.JMeterStopThreadException: End of file:/Users/lisa/Documents/tools/date/tokens.csv detected for CSV DataSet:CSV 数据文件设置 configured with stopThread:true, recycle:false
2026-10-08 17:46:14,496 INFO o.a.j.t.JMeterThread: Thread finished: jp@gc - Stepping Thread Group 1-390
2026-10-08 17:46:14,546 INFO o.a.j.t.JMeterThread: Thread started: jp@gc - Stepping Thread Group 1-391
2026-10-08 17:46:14,546 INFO o.a.j.t.JMeterThread: Stop Thread seen for thread jp@gc - Stepping Thread Group 1-391, reason: org.apache.jorphan.util.JMeterStopThreadException: End of file:/Users/lisa/Documents/tools/date/tokens.csv detected for CSV DataSet:CSV 数据文件设置 configured with stopThread:true, recycle:false
2026-10-08 17:46:14,546 INFO o.a.j.t.JMeterThread: Thread finished: jp@gc - Stepping Thread Group 1-391
2026-10-08 17:46:14,600 INFO o.a.j.t.JMeterThread: Thread started: jp@gc - Stepping Thread Group 1-392
2026-10-08 17:46:14,600 INFO o.a.j.t.JMeterThread: Stop Thread seen for thread jp@gc - Stepping Thread Group 1-392, reason: org.apache.jorphan.util.JMeterStopThreadException: End of file:/Users/lisa/Documents/tools/date/tokens.csv detected for CSV DataSet:CSV 数据文件设置 configured with stopThread:true, recycle:false
2026-10-08 17:46:14,600 INFO o.a.j.t.JMeterThread: Thread finished: jp@gc - Stepping Thread Group 1-392
2026-10-08 17:46:14,650 INFO o.a.j.t.JMeterThread: Thread started: jp@gc - Stepping Thread Group 1-393
2026-10-08 17:46:14,651 INFO o.a.j.t.JMeterThread: Stop Thread seen for thread jp@gc - Stepping Thread Group 1-393, reason: org.apache.jorphan.util.JMeterStopThreadException: End of file:/Users/lisa/Documents/tools/date/tokens.csv detected for CSV DataSet:CSV 数据文件设置 configured with stopThread:true, recycle:false
2026-10-08 17:46:14,651 INFO o.a.j.t.JMeterThread: Thread finished: jp@gc - Stepping Thread Group 1-393
2026-10-08 17:46:14,698 INFO o.a.j.t.JMeterThread: Thread started: jp@gc - Stepping Thread Group 1-394
2026-10-08 17:46:14,699 INFO o.a.j.t.JMeterThread: Stop Thread seen for thread jp@gc - Stepping Thread Group 1-394, reason: org.apache.jorphan.util.JMeterStopThreadException: End of file:/Users/lisa/Documents/tools/date/tokens.csv detected for CSV DataSet:CSV 数据文件设置 configured with stopThread:true, recycle:false
2026-10-08 17:46:14,699 INFO o.a.j.t.JMeterThread: Thread finished: jp@gc - Stepping Thread Group 1-394
2026-10-08 17:46:14,748 INFO o.a.j.t.JMeterThread: Thread started: jp@gc - Stepping Thread Group 1-395
2026-10-08 17:46:14,749 INFO o.a.j.t.JMeterThread: Stop Thread seen for thread jp@gc - Stepping Thread Group 1-395, reason: org.apache.jorphan.util.JMeterStopThreadException: End of file:/Users/lisa/Documents/tools/date/tokens.csv detected for CSV DataSet:CSV 数据文件设置 configured with stopThread:true, recycle:false
2026-10-08 17:46:14,749 INFO o.a.j.t.JMeterThread: Thread finished: jp@gc - Stepping Thread Group 1-395
2026-10-08 17:46:14,800 INFO o.a.j.t.JMeterThread: Thread started: jp@gc - Stepping Thread Group 1-396
2026-10-08 17:46:14,801 INFO o.a.j.t.JMeterThread: Stop Thread seen for thread jp@gc - Stepping Thread Group 1-396, reason: org.apache.jorphan.util.JMeterStopThreadException: End of file:/Users/lisa/Documents/tools/date/tokens.csv detected for CSV DataSet:CSV 数据文件设置 configured with stopThread:true, recycle:false
2026-10-08 17:46:14,801 INFO o.a.j.t.JMeterThread: Thread finished: jp@gc - Stepping Thread Group 1-396
2026-10-08 17:46:14,848 INFO o.a.j.t.JMeterThread: Thread started: jp@gc - Stepping Thread Group 1-397
2026-10-08 17:46:14,849 INFO o.a.j.t.JMeterThread: Stop Thread seen for thread jp@gc - Stepping Thread Group 1-397, reason: org.apache.jorphan.util.JMeterStopThreadException: End of file:/Users/lisa/Documents/tools/date/tokens.csv detected for CSV DataSet:CSV 数据文件设置 configured with stopThread:true, recycle:false
2026-10-08 17:46:14,849 INFO o.a.j.t.JMeterThread: Thread finished: jp@gc - Stepping Thread Group 1-397
2026-10-08 17:46:14,897 INFO o.a.j.t.JMeterThread: Thread started: jp@gc - Stepping Thread Group 1-398
2026-10-08 17:46:14,898 INFO o.a.j.t.JMeterThread: Stop Thread seen for thread jp@gc - Stepping Thread Group 1-398, reason: org.apache.jorphan.util.JMeterStopThreadException: End of file:/Users/lisa/Documents/tools/date/tokens.csv detected for CSV DataSet:CSV 数据文件设置 configured with stopThread:true, recycle:false
2026-10-08 17:46:14,898 INFO o.a.j.t.JMeterThread: Thread finished: jp@gc - Stepping Thread Group 1-398
2026-10-08 17:46:14,949 INFO o.a.j.t.JMeterThread: Thread started: jp@gc - Stepping Thread Group 1-399
2026-10-08 17:46:14,950 INFO o.a.j.t.JMeterThread: Stop Thread seen for thread jp@gc - Stepping Thread Group 1-399, reason: org.apache.jorphan.util.JMeterStopThreadException: End of file:/Users/lisa/Documents/tools/date/tokens.csv detected for CSV DataSet:CSV 数据文件设置 configured with stopThread:true, recycle:false
2026-10-08 17:46:14,950 INFO o.a.j.t.JMeterThread: Thread finished: jp@gc - Stepping Thread Group 1-399
2026-10-08 17:46:15,000 INFO o.a.j.t.JMeterThread: Thread started: jp@gc - Stepping Thread Group 1-400
2026-10-08 17:46:15,000 INFO o.a.j.t.JMeterThread: Stop Thread seen for thread jp@gc - Stepping Thread Group 1-400, reason: org.apache.jorphan.util.JMeterStopThreadException: End of file:/Users/lisa/Documents/tools/date/tokens.csv detected for CSV DataSet:CSV 数据文件设置 configured with stopThread:true, recycle:false
2026-10-08 17:46:15,000 INFO o.a.j.t.JMeterThread: Thread finished: jp@gc - Stepping Thread Group 1-400
2026-10-08 17:46:21,046 INFO o.a.j.t.JMeterThread: Thread started: jp@gc - Stepping Thread Group 1-401
2026-10-08 17:46:21,047 INFO o.a.j.t.JMeterThread: Stop Thread seen for thread jp@gc - Stepping Thread Group 1-401, reason: org.apache.jorphan.util.JMeterStopThreadException: End of file:/Users/lisa/Documents/tools/date/tokens.csv detected for CSV DataSet:CSV 数据文件设置 configured with stopThread:true, recycle:false
2026-10-08 17:46:21,047 INFO o.a.j.t.JMeterThread: Thread finished: jp@gc - Stepping Thread Group 1-401
2026-10-08 17:46:21,100 INFO o.a.j.t.JMeterThread: Thread started: jp@gc - Stepping Thread Group 1-402
2026-10-08 17:46:21,101 INFO o.a.j.t.JMeterThread: Stop Thread seen for thread jp@gc - Stepping Thread Group 1-402, reason: org.apache.jorphan.util.JMeterStopThreadException: End of file:/Users/lisa/Documents/tools/date/tokens.csv detected for CSV DataSet:CSV 数据文件设置 configured with stopThread:true, recycle:false
2026-10-08 17:46:21,101 INFO o.a.j.t.JMeterThread: Thread finished: jp@gc - Stepping Thread Group 1-402
2026-10-08 17:46:21,149 INFO o.a.j.t.JMeterThread: Thread started: jp@gc - Stepping Thread Group 1-403
2026-10-08 17:46:21,149 INFO o.a.j.t.JMeterThread: Stop Thread seen for thread jp@gc - Stepping Thread Group 1-403, reason: org.apache.jorphan.util.JMeterStopThreadException: End of file:/Users/lisa/Documents/tools/date/tokens.csv detected for CSV DataSet:CSV 数据文件设置 configured with stopThread:true, recycle:false
2026-10-08 17:46:21,149 INFO o.a.j.t.JMeterThread: Thread finished: jp@gc - Stepping Thread Group 1-403
2026-10-08 17:46:21,197 INFO o.a.j.t.JMeterThread: Thread started: jp@gc - Stepping Thread Group 1-404
2026-10-08 17:46:21,198 INFO o.a.j.t.JMeterThread: Stop Thread seen for thread jp@gc - Stepping Thread Group 1-404, reason: org.apache.jorphan.util.JMeterStopThreadException: End of file:/Users/lisa/Documents/tools/date/tokens.csv detected for CSV DataSet:CSV 数据文件设置 configured with stopThread:true, recycle:false
2026-10-08 17:46:21,198 INFO o.a.j.t.JMeterThread: Thread finished: jp@gc - Stepping Thread Group 1-404
2026-10-08 17:46:21,247 INFO o.a.j.t.JMeterThread: Thread started: jp@gc - Stepping Thread Group 1-405
2026-10-08 17:46:21,247 INFO o.a.j.t.JMeterThread: Stop Thread seen for thread jp@gc - Stepping Thread Group 1-405, reason: org.apache.jorphan.util.JMeterStopThreadException: End of file:/Users/lisa/Documents/tools/date/tokens.csv detected for CSV DataSet:CSV 数据文件设置 configured with stopThread:true, recycle:false
2026-10-08 17:46:21,247 INFO o.a.j.t.JMeterThread: Thread finished: jp@gc - Stepping Thread Group 1-405
2026-10-08 17:46:21,297 INFO o.a.j.t.JMeterThread: Thread started: jp@gc - Stepping Thread Group 1-406
2026-10-08 17:46:21,298 INFO o.a.j.t.JMeterThread: Stop Thread seen for thread jp@gc - Stepping Thread Group 1-406, reason: org.apache.jorphan.util.JMeterStopThreadException: End of file:/Users/lisa/Documents/tools/date/tokens.csv detected for CSV DataSet:CSV 数据文件设置 configured with stopThread:true, recycle:false
2026-10-08 17:46:21,298 INFO o.a.j.t.JMeterThread: Thread finished: jp@gc - Stepping Thread Group 1-406
2026-10-08 17:46:21,350 INFO o.a.j.t.JMeterThread: Thread started: jp@gc - Stepping Thread Group 1-407
2026-10-08 17:46:21,351 INFO o.a.j.t.JMeterThread: Stop Thread seen for thread jp@gc - Stepping Thread Group 1-407, reason: org.apache.jorphan.util.JMeterStopThreadException: End of file:/Users/lisa/Documents/tools/date/tokens.csv detected for CSV DataSet:CSV 数据文件设置 configured with stopThread:true, recycle:false
2026-10-08 17:46:21,351 INFO o.a.j.t.JMeterThread: Thread finished: jp@gc - Stepping Thread Group 1-407
2026-10-08 17:46:21,400 INFO o.a.j.t.JMeterThread: Thread started: jp@gc - Stepping Thread Group 1-408
2026-10-08 17:46:21,401 INFO o.a.j.t.JMeterThread: Stop Thread seen for thread jp@gc - Stepping Thread Group 1-408, reason: org.apache.jorphan.util.JMeterStopThreadException: End of file:/Users/lisa/Documents/tools/date/tokens.csv detected for CSV DataSet:CSV 数据文件设置 configured with stopThread:true, recycle:false
2026-10-08 17:46:21,401 INFO o.a.j.t.JMeterThread: Thread finished: jp@gc - Stepping Thread Group 1-408
2026-10-08 17:46:21,449 INFO o.a.j.t.JMeterThread: Thread started: jp@gc - Stepping Thread Group 1-409
2026-10-08 17:46:21,450 INFO o.a.j.t.JMeterThread: Stop Thread seen for thread jp@gc - Stepping Thread Group 1-409, reason: org.apache.jorphan.util.JMeterStopThreadException: End of file:/Users/lisa/Documents/tools/date/tokens.csv detected for CSV DataSet:CSV 数据文件设置 configured with stopThread:true, recycle:false
2026-10-08 17:46:21,450 INFO o.a.j.t.JMeterThread: Thread finished: jp@gc - Stepping Thread Group 1-409
2026-10-08 17:46:21,495 INFO o.a.j.t.JMeterThread: Thread started: jp@gc - Stepping Thread Group 1-410
2026-10-08 17:46:21,496 INFO o.a.j.t.JMeterThread: Stop Thread seen for thread jp@gc - Stepping Thread Group 1-410, reason: org.apache.jorphan.util.JMeterStopThreadException: End of file:/Users/lisa/Documents/tools/date/tokens.csv detected for CSV DataSet:CSV 数据文件设置 configured with stopThread:true, recycle:false
2026-10-08 17:46:21,496 INFO o.a.j.t.JMeterThread: Thread finished: jp@gc - Stepping Thread Group 1-410
2026-10-08 17:46:21,546 INFO o.a.j.t.JMeterThread: Thread started: jp@gc - Stepping Thread Group 1-411
2026-10-08 17:46:21,546 INFO o.a.j.t.JMeterThread: Stop Thread seen for thread jp@gc - Stepping Thread Group 1-411, reason: org.apache.jorphan.util.JMeterStopThreadException: End of file:/Users/lisa/Documents/tools/date/tokens.csv detected for CSV DataSet:CSV 数据文件设置 configured with stopThread:true, recycle:false
2026-10-08 17:46:21,546 INFO o.a.j.t.JMeterThread: Thread finished: jp@gc - Stepping Thread Group 1-411
2026-10-08 17:46:21,600 INFO o.a.j.t.JMeterThread: Thread started: jp@gc - Stepping Thread Group 1-412
2026-10-08 17:46:21,601 INFO o.a.j.t.JMeterThread: Stop Thread seen for thread jp@gc - Stepping Thread Group 1-412, reason: org.apache.jorphan.util.JMeterStopThreadException: End of file:/Users/lisa/Documents/tools/date/tokens.csv detected for CSV DataSet:CSV 数据文件设置 configured with stopThread:true, recycle:false
2026-10-08 17:46:21,601 INFO o.a.j.t.JMeterThread: Thread finished: jp@gc - Stepping Thread Group 1-412
2026-10-08 17:46:21,647 INFO o.a.j.t.JMeterThread: Thread started: jp@gc - Stepping Thread Group 1-413
2026-10-08 17:46:21,647 INFO o.a.j.t.JMeterThread: Stop Thread seen for thread jp@gc - Stepping Thread Group 1-413, reason: org.apache.jorphan.util.JMeterStopThreadException: End of file:/Users/lisa/Documents/tools/date/tokens.csv detected for CSV DataSet:CSV 数据文件设置 configured with stopThread:true, recycle:false
2026-10-08 17:46:21,647 INFO o.a.j.t.JMeterThread: Thread finished: jp@gc - Stepping Thread Group 1-413
2026-10-08 17:46:21,699 INFO o.a.j.t.JMeterThread: Thread started: jp@gc - Stepping Thread Group 1-414
2026-10-08 17:46:21,699 INFO o.a.j.t.JMeterThread: Stop Thread seen for thread jp@gc - Stepping Thread Group 1-414, reason: org.apache.jorphan.util.JMeterStopThreadException: End of file:/Users/lisa/Documents/tools/date/tokens.csv detected for CSV DataSet:CSV 数据文件设置 configured with stopThread:true, recycle:false
2026-10-08 17:46:21,699 INFO o.a.j.t.JMeterThread: Thread finished: jp@gc - Stepping Thread Group 1-414
2026-10-08 17:46:21,749 INFO o.a.j.t.JMeterThread: Thread started: jp@gc - Stepping Thread Group 1-415
2026-10-08 17:46:21,750 INFO o.a.j.t.JMeterThread: Stop Thread seen for thread jp@gc - Stepping Thread Group 1-415, reason: org.apache.jorphan.util.JMeterStopThreadException: End of file:/Users/lisa/Documents/tools/date/tokens.csv detected for CSV DataSet:CSV 数据文件设置 configured with stopThread:true, recycle:false
2026-10-08 17:46:21,750 INFO o.a.j.t.JMeterThread: Thread finished: jp@gc - Stepping Thread Group 1-415
2026-10-08 17:46:21,798 INFO o.a.j.t.JMeterThread: Thread started: jp@gc - Stepping Thread Group 1-416
2026-10-08 17:46:21,798 INFO o.a.j.t.JMeterThread: Stop Thread seen for thread jp@gc - Stepping Thread Group 1-416, reason: org.apache.jorphan.util.JMeterStopThreadException: End of file:/Users/lisa/Documents/tools/date/tokens.csv detected for CSV DataSet:CSV 数据文件设置 configured with stopThread:true, recycle:false
2026-10-08 17:46:21,798 INFO o.a.j.t.JMeterThread: Thread finished: jp@gc - Stepping Thread Group 1-416
2026-10-08 17:46:21,846 INFO o.a.j.t.JMeterThread: Thread started: jp@gc - Stepping Thread Group 1-417
2026-10-08 17:46:21,847 INFO o.a.j.t.JMeterThread: Stop Thread seen for thread jp@gc - Stepping Thread Group 1-417, reason: org.apache.jorphan.util.JMeterStopThreadException: End of file:/Users/lisa/Documents/tools/date/tokens.csv detected for CSV DataSet:CSV 数据文件设置 configured with stopThread:true, recycle:false
2026-10-08 17:46:21,847 INFO o.a.j.t.JMeterThread: Thread finished: jp@gc - Stepping Thread Group 1-417
2026-10-08 17:46:21,900 INFO o.a.j.t.JMeterThread: Thread started: jp@gc - Stepping Thread Group 1-418
2026-10-08 17:46:21,900 INFO o.a.j.t.JMeterThread: Stop Thread seen for thread jp@gc - Stepping Thread Group 1-418, reason: org.apache.jorphan.util.JMeterStopThreadException: End of file:/Users/lisa/Documents/tools/date/tokens.csv detected for CSV DataSet:CSV 数据文件设置 configured with stopThread:true, recycle:false
2026-10-08 17:46:21,900 INFO o.a.j.t.JMeterThread: Thread finished: jp@gc - Stepping Thread Group 1-418
2026-10-08 17:46:21,946 INFO o.a.j.t.JMeterThread: Thread started: jp@gc - Stepping Thread Group 1-419
2026-10-08 17:46:21,947 INFO o.a.j.t.JMeterThread: Stop Thread seen for thread jp@gc - Stepping Thread Group 1-419, reason: org.apache.jorphan.util.JMeterStopThreadException: End of file:/Users/lisa/Documents/tools/date/tokens.csv detected for CSV DataSet:CSV 数据文件设置 configured with stopThread:true, recycle:false
2026-10-08 17:46:21,947 INFO o.a.j.t.JMeterThread: Thread finished: jp@gc - Stepping Thread Group 1-419
2026-10-08 17:46:22,000 INFO o.a.j.t.JMeterThread: Thread started: jp@gc - Stepping Thread Group 1-420
2026-10-08 17:46:22,001 INFO o.a.j.t.JMeterThread: Stop Thread seen for thread jp@gc - Stepping Thread Group 1-420, reason: org.apache.jorphan.util.JMeterStopThreadException: End of file:/Users/lisa/Documents/tools/date/tokens.csv detected for CSV DataSet:CSV 数据文件设置 configured with stopThread:true, recycle:false
2026-10-08 17:46:22,001 INFO o.a.j.t.JMeterThread: Thread finished: jp@gc - Stepping Thread Group 1-420
2026-10-08 17:46:22,046 INFO o.a.j.t.JMeterThread: Thread started: jp@gc - Stepping Thread Group 1-421
2026-10-08 17:46:22,047 INFO o.a.j.t.JMeterThread: Stop Thread seen for thread jp@gc - Stepping Thread Group 1-421, reason: org.apache.jorphan.util.JMeterStopThreadException: End of file:/Users/lisa/Documents/tools/date/tokens.csv detected for CSV DataSet:CSV 数据文件设置 configured with stopThread:true, recycle:false
2026-10-08 17:46:22,047 INFO o.a.j.t.JMeterThread: Thread finished: jp@gc - Stepping Thread Group 1-421
2026-10-08 17:46:22,100 INFO o.a.j.t.JMeterThread: Thread started: jp@gc - Stepping Thread Group 1-422
2026-10-08 17:46:22,100 INFO o.a.j.t.JMeterThread: Stop Thread seen for thread jp@gc - Stepping Thread Group 1-422, reason: org.apache.jorphan.util.JMeterStopThreadException: End of file:/Users/lisa/Documents/tools/date/tokens.csv detected for CSV DataSet:CSV 数据文件设置 configured with stopThread:true, recycle:false
2026-10-08 17:46:22,100 INFO o.a.j.t.JMeterThread: Thread finished: jp@gc - Stepping Thread Group 1-422
2026-10-08 17:46:22,148 INFO o.a.j.t.JMeterThread: Thread started: jp@gc - Stepping Thread Group 1-423
2026-10-08 17:46:22,148 INFO o.a.j.t.JMeterThread: Stop Thread seen for thread jp@gc - Stepping Thread Group 1-423, reason: org.apache.jorphan.util.JMeterStopThreadException: End of file:/Users/lisa/Documents/tools/date/tokens.csv detected for CSV DataSet:CSV 数据文件设置 configured with stopThread:true, recycle:false
2026-10-08 17:46:22,148 INFO o.a.j.t.JMeterThread: Thread finished: jp@gc - Stepping Thread Group 1-423
2026-10-08 17:46:22,196 INFO o.a.j.t.JMeterThread: Thread started: jp@gc - Stepping Thread Group 1-424
2026-10-08 17:46:22,197 INFO o.a.j.t.JMeterThread: Stop Thread seen for thread jp@gc - Stepping Thread Group 1-424, reason: org.apache.jorphan.util.JMeterStopThreadException: End of file:/Users/lisa/Documents/tools/date/tokens.csv detected for CSV DataSet:CSV 数据文件设置 configured with stopThread:true, recycle:false
2026-10-08 17:46:22,197 INFO o.a.j.t.JMeterThread: Thread finished: jp@gc - Stepping Thread Group 1-424
2026-10-08 17:46:22,250 INFO o.a.j.t.JMeterThread: Thread started: jp@gc - Stepping Thread Group 1-425
2026-10-08 17:46:22,251 INFO o.a.j.t.JMeterThread: Stop Thread seen for thread jp@gc - Stepping Thread Group 1-425, reason: org.apache.jorphan.util.JMeterStopThreadException: End of file:/Users/lisa/Documents/tools/date/tokens.csv detected for CSV DataSet:CSV 数据文件设置 configured with stopThread:true, recycle:false
2026-10-08 17:46:22,251 INFO o.a.j.t.JMeterThread: Thread finished: jp@gc - Stepping Thread Group 1-425
2026-10-08 17:46:22,300 INFO o.a.j.t.JMeterThread: Thread started: jp@gc - Stepping Thread Group 1-426
2026-10-08 17:46:22,300 INFO o.a.j.t.JMeterThread: Stop Thread seen for thread jp@gc - Stepping Thread Group 1-426, reason: org.apache.jorphan.util.JMeterStopThreadException: End of file:/Users/lisa/Documents/tools/date/tokens.csv detected for CSV DataSet:CSV 数据文件设置 configured with stopThread:true, recycle:false
2026-10-08 17:46:22,300 INFO o.a.j.t.JMeterThread: Thread finished: jp@gc - Stepping Thread Group 1-426
2026-10-08 17:46:22,348 INFO o.a.j.t.JMeterThread: Thread started: jp@gc - Stepping Thread Group 1-427
2026-10-08 17:46:22,348 INFO o.a.j.t.JMeterThread: Stop Thread seen for thread jp@gc - Stepping Thread Group 1-427, reason: org.apache.jorphan.util.JMeterStopThreadException: End of file:/Users/lisa/Documents/tools/date/tokens.csv detected for CSV DataSet:CSV 数据文件设置 configured with stopThread:true, recycle:false
2026-10-08 17:46:22,348 INFO o.a.j.t.JMeterThread: Thread finished: jp@gc - Stepping Thread Group 1-427
2026-10-08 17:46:22,396 INFO o.a.j.t.JMeterThread: Thread started: jp@gc - Stepping Thread Group 1-428
2026-10-08 17:46:22,397 INFO o.a.j.t.JMeterThread: Stop Thread seen for thread jp@gc - Stepping Thread Group 1-428, reason: org.apache.jorphan.util.JMeterStopThreadException: End of file:/Users/lisa/Documents/tools/date/tokens.csv detected for CSV DataSet:CSV 数据文件设置 configured with stopThread:true, recycle:false
2026-10-08 17:46:22,397 INFO o.a.j.t.JMeterThread: Thread finished: jp@gc - Stepping Thread Group 1-428
2026-10-08 17:46:22,448 INFO o.a.j.t.JMeterThread: Thread started: jp@gc - Stepping Thread Group 1-429
2026-10-08 17:46:22,448 INFO o.a.j.t.JMeterThread: Stop Thread seen for thread jp@gc - Stepping Thread Group 1-429, reason: org.apache.jorphan.util.JMeterStopThreadException: End of file:/Users/lisa/Documents/tools/date/tokens.csv detected for CSV DataSet:CSV 数据文件设置 configured with stopThread:true, recycle:false
2026-10-08 17:46:22,448 INFO o.a.j.t.JMeterThread: Thread finished: jp@gc - Stepping Thread Group 1-429
2026-10-08 17:46:22,500 INFO o.a.j.t.JMeterThread: Thread started: jp@gc - Stepping Thread Group 1-430
2026-10-08 17:46:22,500 INFO o.a.j.t.JMeterThread: Stop Thread seen for thread jp@gc - Stepping Thread Group 1-430, reason: org.apache.jorphan.util.JMeterStopThreadException: End of file:/Users/lisa/Documents/tools/date/tokens.csv detected for CSV DataSet:CSV 数据文件设置 configured with stopThread:true, recycle:false
2026-10-08 17:46:22,500 INFO o.a.j.t.JMeterThread: Thread finished: jp@gc - Stepping Thread Group 1-430
2026-10-08 17:46:22,550 INFO o.a.j.t.JMeterThread: Thread started: jp@gc - Stepping Thread Group 1-431
2026-10-08 17:46:22,551 INFO o.a.j.t.JMeterThread: Stop Thread seen for thread jp@gc - Stepping Thread Group 1-431, reason: org.apache.jorphan.util.JMeterStopThreadException: End of file:/Users/lisa/Documents/tools/date/tokens.csv detected for CSV DataSet:CSV 数据文件设置 configured with stopThread:true, recycle:false
2026-10-08 17:46:22,551 INFO o.a.j.t.JMeterThread: Thread finished: jp@gc - Stepping Thread Group 1-431
2026-10-08 17:46:22,601 INFO o.a.j.t.JMeterThread: Thread started: jp@gc - Stepping Thread Group 1-432
2026-10-08 17:46:22,601 INFO o.a.j.t.JMeterThread: Stop Thread seen for thread jp@gc - Stepping Thread Group 1-432, reason: org.apache.jorphan.util.JMeterStopThreadException: End of file:/Users/lisa/Documents/tools/date/tokens.csv detected for CSV DataSet:CSV 数据文件设置 configured with stopThread:true, recycle:false
2026-10-08 17:46:22,601 INFO o.a.j.t.JMeterThread: Thread finished: jp@gc - Stepping Thread Group 1-432
2026-10-08 17:46:22,650 INFO o.a.j.t.JMeterThread: Thread started: jp@gc - Stepping Thread Group 1-433
2026-10-08 17:46:22,651 INFO o.a.j.t.JMeterThread: Stop Thread seen for thread jp@gc - Stepping Thread Group 1-433, reason: org.apache.jorphan.util.JMeterStopThreadException: End of file:/Users/lisa/Documents/tools/date/tokens.csv detected for CSV DataSet:CSV 数据文件设置 configured with stopThread:true, recycle:false
2026-10-08 17:46:22,651 INFO o.a.j.t.JMeterThread: Thread finished: jp@gc - Stepping Thread Group 1-433
2026-10-08 17:46:22,695 INFO o.a.j.t.JMeterThread: Thread started: jp@gc - Stepping Thread Group 1-434
2026-10-08 17:46:22,696 INFO o.a.j.t.JMeterThread: Stop Thread seen for thread jp@gc - Stepping Thread Group 1-434, reason: org.apache.jorphan.util.JMeterStopThreadException: End of file:/Users/lisa/Documents/tools/date/tokens.csv detected for CSV DataSet:CSV 数据文件设置 configured with stopThread:true, recycle:false
2026-10-08 17:46:22,696 INFO o.a.j.t.JMeterThread: Thread finished: jp@gc - Stepping Thread Group 1-434
2026-10-08 17:46:22,751 INFO o.a.j.t.JMeterThread: Thread started: jp@gc - Stepping Thread Group 1-435
2026-10-08 17:46:22,751 INFO o.a.j.t.JMeterThread: Stop Thread seen for thread jp@gc - Stepping Thread Group 1-435, reason: org.apache.jorphan.util.JMeterStopThreadException: End of file:/Users/lisa/Documents/tools/date/tokens.csv detected for CSV DataSet:CSV 数据文件设置 configured with stopThread:true, recycle:false
2026-10-08 17:46:22,751 INFO o.a.j.t.JMeterThread: Thread finished: jp@gc - Stepping Thread Group 1-435
2026-10-08 17:46:22,801 INFO o.a.j.t.JMeterThread: Thread started: jp@gc - Stepping Thread Group 1-436
2026-10-08 17:46:22,801 INFO o.a.j.t.JMeterThread: Stop Thread seen for thread jp@gc - Stepping Thread Group 1-436, reason: org.apache.jorphan.util.JMeterStopThreadException: End of file:/Users/lisa/Documents/tools/date/tokens.csv detected for CSV DataSet:CSV 数据文件设置 configured with stopThread:true, recycle:false
2026-10-08 17:46:22,801 INFO o.a.j.t.JMeterThread: Thread finished: jp@gc - Stepping Thread Group 1-436
2026-10-08 17:46:22,849 INFO o.a.j.t.JMeterThread: Thread started: jp@gc - Stepping Thread Group 1-437
2026-10-08 17:46:22,850 INFO o.a.j.t.JMeterThread: Stop Thread seen for thread jp@gc - Stepping Thread Group 1-437, reason: org.apache.jorphan.util.JMeterStopThreadException: End of file:/Users/lisa/Documents/tools/date/tokens.csv detected for CSV DataSet:CSV 数据文件设置 configured with stopThread:true, recycle:false
2026-10-08 17:46:22,850 INFO o.a.j.t.JMeterThread: Thread finished: jp@gc - Stepping Thread Group 1-437
2026-10-08 17:46:22,900 INFO o.a.j.t.JMeterThread: Thread started: jp@gc - Stepping Thread Group 1-438
2026-10-08 17:46:22,901 INFO o.a.j.t.JMeterThread: Stop Thread seen for thread jp@gc - Stepping Thread Group 1-438, reason: org.apache.jorphan.util.JMeterStopThreadException: End of file:/Users/lisa/Documents/tools/date/tokens.csv detected for CSV DataSet:CSV 数据文件设置 configured with stopThread:true, recycle:false
2026-10-08 17:46:22,901 INFO o.a.j.t.JMeterThread: Thread finished: jp@gc - Stepping Thread Group 1-438
2026-10-08 17:46:22,950 INFO o.a.j.t.JMeterThread: Thread started: jp@gc - Stepping Thread Group 1-439
2026-10-08 17:46:22,951 INFO o.a.j.t.JMeterThread: Stop Thread seen for thread jp@gc - Stepping Thread Group 1-439, reason: org.apache.jorphan.util.JMeterStopThreadException: End of file:/Users/lisa/Documents/tools/date/tokens.csv detected for CSV DataSet:CSV 数据文件设置 configured with stopThread:true, recycle:false
2026-10-08 17:46:22,951 INFO o.a.j.t.JMeterThread: Thread finished: jp@gc - Stepping Thread Group 1-439
2026-10-08 17:46:23,001 INFO o.a.j.t.JMeterThread: Thread started: jp@gc - Stepping Thread Group 1-440
2026-10-08 17:46:23,001 INFO o.a.j.t.JMeterThread: Stop Thread seen for thread jp@gc - Stepping Thread Group 1-440, reason: org.apache.jorphan.util.JMeterStopThreadException: End of file:/Users/lisa/Documents/tools/date/tokens.csv detected for CSV DataSet:CSV 数据文件设置 configured with stopThread:true, recycle:false
2026-10-08 17:46:23,001 INFO o.a.j.t.JMeterThread: Thread finished: jp@gc - Stepping Thread Group 1-440
2026-10-08 17:46:23,050 INFO o.a.j.t.JMeterThread: Thread started: jp@gc - Stepping Thread Group 1-441
2026-10-08 17:46:23,050 INFO o.a.j.t.JMeterThread: Stop Thread seen for thread jp@gc - Stepping Thread Group 1-441, reason: org.apache.jorphan.util.JMeterStopThreadException: End of file:/Users/lisa/Documents/tools/date/tokens.csv detected for CSV DataSet:CSV 数据文件设置 configured with stopThread:true, recycle:false
2026-10-08 17:46:23,050 INFO o.a.j.t.JMeterThread: Thread finished: jp@gc - Stepping Thread Group 1-441
2026-10-08 17:46:23,100 INFO o.a.j.t.JMeterThread: Thread started: jp@gc - Stepping Thread Group 1-442
2026-10-08 17:46:23,101 INFO o.a.j.t.JMeterThread: Stop Thread seen for thread jp@gc - Stepping Thread Group 1-442, reason: org.apache.jorphan.util.JMeterStopThreadException: End of file:/Users/lisa/Documents/tools/date/tokens.csv detected for CSV DataSet:CSV 数据文件设置 configured with stopThread:true, recycle:false
2026-10-08 17:46:23,101 INFO o.a.j.t.JMeterThread: Thread finished: jp@gc - Stepping Thread Group 1-442
2026-10-08 17:46:23,149 INFO o.a.j.t.JMeterThread: Thread started: jp@gc - Stepping Thread Group 1-443
2026-10-08 17:46:23,150 INFO o.a.j.t.JMeterThread: Stop Thread seen for thread jp@gc - Stepping Thread Group 1-443, reason: org.apache.jorphan.util.JMeterStopThreadException: End of file:/Users/lisa/Documents/tools/date/tokens.csv detected for CSV DataSet:CSV 数据文件设置 configured with stopThread:true, recycle:false
2026-10-08 17:46:23,150 INFO o.a.j.t.JMeterThread: Thread finished: jp@gc - Stepping Thread Group 1-443
2026-10-08 17:46:23,201 INFO o.a.j.t.JMeterThread: Thread started: jp@gc - Stepping Thread Group 1-444
2026-10-08 17:46:23,201 INFO o.a.j.t.JMeterThread: Stop Thread seen for thread jp@gc - Stepping Thread Group 1-444, reason: org.apache.jorphan.util.JMeterStopThreadException: End of file:/Users/lisa/Documents/tools/date/tokens.csv detected for CSV DataSet:CSV 数据文件设置 configured with stopThread:true, recycle:false
2026-10-08 17:46:23,201 INFO o.a.j.t.JMeterThread: Thread finished: jp@gc - Stepping Thread Group 1-444
2026-10-08 17:46:23,249 INFO o.a.j.t.JMeterThread: Thread started: jp@gc - Stepping Thread Group 1-445
2026-10-08 17:46:23,250 INFO o.a.j.t.JMeterThread: Stop Thread seen for thread jp@gc - Stepping Thread Group 1-445, reason: org.apache.jorphan.util.JMeterStopThreadException: End of file:/Users/lisa/Documents/tools/date/tokens.csv detected for CSV DataSet:CSV 数据文件设置 configured with stopThread:true, recycle:false
2026-10-08 17:46:23,250 INFO o.a.j.t.JMeterThread: Thread finished: jp@gc - Stepping Thread Group 1-445
2026-10-08 17:46:23,299 INFO o.a.j.t.JMeterThread: Thread started: jp@gc - Stepping Thread Group 1-446
2026-10-08 17:46:23,299 INFO o.a.j.t.JMeterThread: Stop Thread seen for thread jp@gc - Stepping Thread Group 1-446, reason: org.apache.jorphan.util.JMeterStopThreadException: End of file:/Users/lisa/Documents/tools/date/tokens.csv detected for CSV DataSet:CSV 数据文件设置 configured with stopThread:true, recycle:false
2026-10-08 17:46:23,299 INFO o.a.j.t.JMeterThread: Thread finished: jp@gc - Stepping Thread Group 1-446
2026-10-08 17:46:23,346 INFO o.a.j.t.JMeterThread: Thread started: jp@gc - Stepping Thread Group 1-447
2026-10-08 17:46:23,346 INFO o.a.j.t.JMeterThread: Stop Thread seen for thread jp@gc - Stepping Thread Group 1-447, reason: org.apache.jorphan.util.JMeterStopThreadException: End of file:/Users/lisa/Documents/tools/date/tokens.csv detected for CSV DataSet:CSV 数据文件设置 configured with stopThread:true, recycle:false
2026-10-08 17:46:23,346 INFO o.a.j.t.JMeterThread: Thread finished: jp@gc - Stepping Thread Group 1-447
2026-10-08 17:46:23,401 INFO o.a.j.t.JMeterThread: Thread started: jp@gc - Stepping Thread Group 1-448
2026-10-08 17:46:23,401 INFO o.a.j.t.JMeterThread: Stop Thread seen for thread jp@gc - Stepping Thread Group 1-448, reason: org.apache.jorphan.util.JMeterStopThreadException: End of file:/Users/lisa/Documents/tools/date/tokens.csv detected for CSV DataSet:CSV 数据文件设置 configured with stopThread:true, recycle:false
2026-10-08 17:46:23,401 INFO o.a.j.t.JMeterThread: Thread finished: jp@gc - Stepping Thread Group 1-448
2026-10-08 17:46:23,450 INFO o.a.j.t.JMeterThread: Thread started: jp@gc - Stepping Thread Group 1-449
2026-10-08 17:46:23,451 INFO o.a.j.t.JMeterThread: Stop Thread seen for thread jp@gc - Stepping Thread Group 1-449, reason: org.apache.jorphan.util.JMeterStopThreadException: End of file:/Users/lisa/Documents/tools/date/tokens.csv detected for CSV DataSet:CSV 数据文件设置 configured with stopThread:true, recycle:false
2026-10-08 17:46:23,451 INFO o.a.j.t.JMeterThread: Thread finished: jp@gc - Stepping Thread Group 1-449
2026-10-08 17:46:23,501 INFO o.a.j.t.JMeterThread: Thread started: jp@gc - Stepping Thread Group 1-450
2026-10-08 17:46:23,501 INFO o.a.j.t.JMeterThread: Stop Thread seen for thread jp@gc - Stepping Thread Group 1-450, reason: org.apache.jorphan.util.JMeterStopThreadException: End of file:/Users/lisa/Documents/tools/date/tokens.csv detected for CSV DataSet:CSV 数据文件设置 configured with stopThread:true, recycle:false
2026-10-08 17:46:23,501 INFO o.a.j.t.JMeterThread: Thread finished: jp@gc - Stepping Thread Group 1-450
2026-10-08 17:46:23,549 INFO o.a.j.t.JMeterThread: Thread started: jp@gc - Stepping Thread Group 1-451
2026-10-08 17:46:23,550 INFO o.a.j.t.JMeterThread: Stop Thread seen for thread jp@gc - Stepping Thread Group 1-451, reason: org.apache.jorphan.util.JMeterStopThreadException: End of file:/Users/lisa/Documents/tools/date/tokens.csv detected for CSV DataSet:CSV 数据文件设置 configured with stopThread:true, recycle:false
2026-10-08 17:46:23,550 INFO o.a.j.t.JMeterThread: Thread finished: jp@gc - Stepping Thread Group 1-451
2026-10-08 17:46:23,600 INFO o.a.j.t.JMeterThread: Thread started: jp@gc - Stepping Thread Group 1-452
2026-10-08 17:46:23,600 INFO o.a.j.t.JMeterThread: Stop Thread seen for thread jp@gc - Stepping Thread Group 1-452, reason: org.apache.jorphan.util.JMeterStopThreadException: End of file:/Users/lisa/Documents/tools/date/tokens.csv detected for CSV DataSet:CSV 数据文件设置 configured with stopThread:true, recycle:false
2026-10-08 17:46:23,601 INFO o.a.j.t.JMeterThread: Thread finished: jp@gc - Stepping Thread Group 1-452
2026-10-08 17:46:23,650 INFO o.a.j.t.JMeterThread: Thread started: jp@gc - Stepping Thread Group 1-453
2026-10-08 17:46:23,651 INFO o.a.j.t.JMeterThread: Stop Thread seen for thread jp@gc - Stepping Thread Group 1-453, reason: org.apache.jorphan.util.JMeterStopThreadException: End of file:/Users/lisa/Documents/tools/date/tokens.csv detected for CSV DataSet:CSV 数据文件设置 configured with stopThread:true, recycle:false
2026-10-08 17:46:23,651 INFO o.a.j.t.JMeterThread: Thread finished: jp@gc - Stepping Thread Group 1-453
2026-10-08 17:46:23,701 INFO o.a.j.t.JMeterThread: Thread started: jp@gc - Stepping Thread Group 1-454
2026-10-08 17:46:23,701 INFO o.a.j.t.JMeterThread: Stop Thread seen for thread jp@gc - Stepping Thread Group 1-454, reason: org.apache.jorphan.util.JMeterStopThreadException: End of file:/Users/lisa/Documents/tools/date/tokens.csv detected for CSV DataSet:CSV 数据文件设置 configured with stopThread:true, recycle:false
2026-10-08 17:46:23,701 INFO o.a.j.t.JMeterThread: Thread finished: jp@gc - Stepping Thread Group 1-454
2026-10-08 17:46:23,750 INFO o.a.j.t.JMeterThread: Thread started: jp@gc - Stepping Thread Group 1-455
2026-10-08 17:46:23,751 INFO o.a.j.t.JMeterThread: Stop Thread seen for thread jp@gc - Stepping Thread Group 1-455, reason: org.apache.jorphan.util.JMeterStopThreadException: End of file:/Users/lisa/Documents/tools/date/tokens.csv detected for CSV DataSet:CSV 数据文件设置 configured with stopThread:true, recycle:false
2026-10-08 17:46:23,751 INFO o.a.j.t.JMeterThread: Thread finished: jp@gc - Stepping Thread Group 1-455
2026-10-08 17:46:23,795 INFO o.a.j.t.JMeterThread: Thread started: jp@gc - Stepping Thread Group 1-456
2026-10-08 17:46:23,795 INFO o.a.j.t.JMeterThread: Stop Thread seen for thread jp@gc - Stepping Thread Group 1-456, reason: org.apache.jorphan.util.JMeterStopThreadException: End of file:/Users/lisa/Documents/tools/date/tokens.csv detected for CSV DataSet:CSV 数据文件设置 configured with stopThread:true, recycle:false
2026-10-08 17:46:23,795 INFO o.a.j.t.JMeterThread: Thread finished: jp@gc - Stepping Thread Group 1-456
2026-10-08 17:46:23,851 INFO o.a.j.t.JMeterThread: Thread started: jp@gc - Stepping Thread Group 1-457
2026-10-08 17:46:23,851 INFO o.a.j.t.JMeterThread: Stop Thread seen for thread jp@gc - Stepping Thread Group 1-457, reason: org.apache.jorphan.util.JMeterStopThreadException: End of file:/Users/lisa/Documents/tools/date/tokens.csv detected for CSV DataSet:CSV 数据文件设置 configured with stopThread:true, recycle:false
2026-10-08 17:46:23,851 INFO o.a.j.t.JMeterThread: Thread finished: jp@gc - Stepping Thread Group 1-457
2026-10-08 17:46:23,896 INFO o.a.j.t.JMeterThread: Thread started: jp@gc - Stepping Thread Group 1-458
2026-10-08 17:46:23,897 INFO o.a.j.t.JMeterThread: Stop Thread seen for thread jp@gc - Stepping Thread Group 1-458, reason: org.apache.jorphan.util.JMeterStopThreadException: End of file:/Users/lisa/Documents/tools/date/tokens.csv detected for CSV DataSet:CSV 数据文件设置 configured with stopThread:true, recycle:false
2026-10-08 17:46:23,897 INFO o.a.j.t.JMeterThread: Thread finished: jp@gc - Stepping Thread Group 1-458
2026-10-08 17:46:23,950 INFO o.a.j.t.JMeterThread: Thread started: jp@gc - Stepping Thread Group 1-459
2026-10-08 17:46:23,950 INFO o.a.j.t.JMeterThread: Stop Thread seen for thread jp@gc - Stepping Thread Group 1-459, reason: org.apache.jorphan.util.JMeterStopThreadException: End of file:/Users/lisa/Documents/tools/date/tokens.csv detected for CSV DataSet:CSV 数据文件设置 configured with stopThread:true, recycle:false
2026-10-08 17:46:23,950 INFO o.a.j.t.JMeterThread: Thread finished: jp@gc - Stepping Thread Group 1-459
2026-10-08 17:46:23,996 INFO o.a.j.t.JMeterThread: Thread started: jp@gc - Stepping Thread Group 1-460
2026-10-08 17:46:23,997 INFO o.a.j.t.JMeterThread: Stop Thread seen for thread jp@gc - Stepping Thread Group 1-460, reason: org.apache.jorphan.util.JMeterStopThreadException: End of file:/Users/lisa/Documents/tools/date/tokens.csv detected for CSV DataSet:CSV 数据文件设置 configured with stopThread:true, recycle:false
2026-10-08 17:46:23,997 INFO o.a.j.t.JMeterThread: Thread finished: jp@gc - Stepping Thread Group 1-460
2026-10-08 17:46:24,050 INFO o.a.j.t.JMeterThread: Thread started: jp@gc - Stepping Thread Group 1-461
2026-10-08 17:46:24,051 INFO o.a.j.t.JMeterThread: Stop Thread seen for thread jp@gc - Stepping Thread Group 1-461, reason: org.apache.jorphan.util.JMeterStopThreadException: End of file:/Users/lisa/Documents/tools/date/tokens.csv detected for CSV DataSet:CSV 数据文件设置 configured with stopThread:true, recycle:false
2026-10-08 17:46:24,051 INFO o.a.j.t.JMeterThread: Thread finished: jp@gc - Stepping Thread Group 1-461
2026-10-08 17:46:24,101 INFO o.a.j.t.JMeterThread: Thread started: jp@gc - Stepping Thread Group 1-462
2026-10-08 17:46:24,101 INFO o.a.j.t.JMeterThread: Stop Thread seen for thread jp@gc - Stepping Thread Group 1-462, reason: org.apache.jorphan.util.JMeterStopThreadException: End of file:/Users/lisa/Documents/tools/date/tokens.csv detected for CSV DataSet:CSV 数据文件设置 configured with stopThread:true, recycle:false
2026-10-08 17:46:24,101 INFO o.a.j.t.JMeterThread: Thread finished: jp@gc - Stepping Thread Group 1-462
2026-10-08 17:46:24,150 INFO o.a.j.t.JMeterThread: Thread started: jp@gc - Stepping Thread Group 1-463
2026-10-08 17:46:24,150 INFO o.a.j.t.JMeterThread: Stop Thread seen for thread jp@gc - Stepping Thread Group 1-463, reason: org.apache.jorphan.util.JMeterStopThreadException: End of file:/Users/lisa/Documents/tools/date/tokens.csv detected for CSV DataSet:CSV 数据文件设置 configured with stopThread:true, recycle:false
2026-10-08 17:46:24,150 INFO o.a.j.t.JMeterThread: Thread finished: jp@gc - Stepping Thread Group 1-463
2026-10-08 17:46:24,200 INFO o.a.j.t.JMeterThread: Thread started: jp@gc - Stepping Thread Group 1-464
2026-10-08 17:46:24,201 INFO o.a.j.t.JMeterThread: Stop Thread seen for thread jp@gc - Stepping Thread Group 1-464, reason: org.apache.jorphan.util.JMeterStopThreadException: End of file:/Users/lisa/Documents/tools/date/tokens.csv detected for CSV DataSet:CSV 数据文件设置 configured with stopThread:true, recycle:false
2026-10-08 17:46:24,201 INFO o.a.j.t.JMeterThread: Thread finished: jp@gc - Stepping Thread Group 1-464
2026-10-08 17:46:24,246 INFO o.a.j.t.JMeterThread: Thread started: jp@gc - Stepping Thread Group 1-465
2026-10-08 17:46:24,247 INFO o.a.j.t.JMeterThread: Stop Thread seen for thread jp@gc - Stepping Thread Group 1-465, reason: org.apache.jorphan.util.JMeterStopThreadException: End of file:/Users/lisa/Documents/tools/date/tokens.csv detected for CSV DataSet:CSV 数据文件设置 configured with stopThread:true, recycle:false
2026-10-08 17:46:24,247 INFO o.a.j.t.JMeterThread: Thread finished: jp@gc - Stepping Thread Group 1-465
2026-10-08 17:46:24,298 INFO o.a.j.t.JMeterThread: Thread started: jp@gc - Stepping Thread Group 1-466
2026-10-08 17:46:24,299 INFO o.a.j.t.JMeterThread: Stop Thread seen for thread jp@gc - Stepping Thread Group 1-466, reason: org.apache.jorphan.util.JMeterStopThreadException: End of file:/Users/lisa/Documents/tools/date/tokens.csv detected for CSV DataSet:CSV 数据文件设置 configured with stopThread:true, recycle:false
2026-10-08 17:46:24,299 INFO o.a.j.t.JMeterThread: Thread finished: jp@gc - Stepping Thread Group 1-466
2026-10-08 17:46:24,346 INFO o.a.j.t.JMeterThread: Thread started: jp@gc - Stepping Thread Group 1-467
2026-10-08 17:46:24,346 INFO o.a.j.t.JMeterThread: Stop Thread seen for thread jp@gc - Stepping Thread Group 1-467, reason: org.apache.jorphan.util.JMeterStopThreadException: End of file:/Users/lisa/Documents/tools/date/tokens.csv detected for CSV DataSet:CSV 数据文件设置 configured with stopThread:true, recycle:false
2026-10-08 17:46:24,346 INFO o.a.j.t.JMeterThread: Thread finished: jp@gc - Stepping Thread Group 1-467
2026-10-08 17:46:24,400 INFO o.a.j.t.JMeterThread: Thread started: jp@gc - Stepping Thread Group 1-468
2026-10-08 17:46:24,401 INFO o.a.j.t.JMeterThread: Stop Thread seen for thread jp@gc - Stepping Thread Group 1-468, reason: org.apache.jorphan.util.JMeterStopThreadException: End of file:/Users/lisa/Documents/tools/date/tokens.csv detected for CSV DataSet:CSV 数据文件设置 configured with stopThread:true, recycle:false
2026-10-08 17:46:24,401 INFO o.a.j.t.JMeterThread: Thread finished: jp@gc - Stepping Thread Group 1-468
2026-10-08 17:46:24,450 INFO o.a.j.t.JMeterThread: Thread started: jp@gc - Stepping Thread Group 1-469
2026-10-08 17:46:24,450 INFO o.a.j.t.JMeterThread: Stop Thread seen for thread jp@gc - Stepping Thread Group 1-469, reason: org.apache.jorphan.util.JMeterStopThreadException: End of file:/Users/lisa/Documents/tools/date/tokens.csv detected for CSV DataSet:CSV 数据文件设置 configured with stopThread:true, recycle:false
2026-10-08 17:46:24,450 INFO o.a.j.t.JMeterThread: Thread finished: jp@gc - Stepping Thread Group 1-469
2026-10-08 17:46:24,501 INFO o.a.j.t.JMeterThread: Thread started: jp@gc - Stepping Thread Group 1-470
2026-10-08 17:46:24,501 INFO o.a.j.t.JMeterThread: Stop Thread seen for thread jp@gc - Stepping Thread Group 1-470, reason: org.apache.jorphan.util.JMeterStopThreadException: End of file:/Users/lisa/Documents/tools/date/tokens.csv detected for CSV DataSet:CSV 数据文件设置 configured with stopThread:true, recycle:false
2026-10-08 17:46:24,501 INFO o.a.j.t.JMeterThread: Thread finished: jp@gc - Stepping Thread Group 1-470
2026-10-08 17:46:24,550 INFO o.a.j.t.JMeterThread: Thread started: jp@gc - Stepping Thread Group 1-471
2026-10-08 17:46:24,551 INFO o.a.j.t.JMeterThread: Stop Thread seen for thread jp@gc - Stepping Thread Group 1-471, reason: org.apache.jorphan.util.JMeterStopThreadException: End of file:/Users/lisa/Documents/tools/date/tokens.csv detected for CSV DataSet:CSV 数据文件设置 configured with stopThread:true, recycle:false
2026-10-08 17:46:24,551 INFO o.a.j.t.JMeterThread: Thread finished: jp@gc - Stepping Thread Group 1-471
2026-10-08 17:46:24,599 INFO o.a.j.t.JMeterThread: Thread started: jp@gc - Stepping Thread Group 1-472
2026-10-08 17:46:24,600 INFO o.a.j.t.JMeterThread: Stop Thread seen for thread jp@gc - Stepping Thread Group 1-472, reason: org.apache.jorphan.util.JMeterStopThreadException: End of file:/Users/lisa/Documents/tools/date/tokens.csv detected for CSV DataSet:CSV 数据文件设置 configured with stopThread:true, recycle:false
2026-10-08 17:46:24,600 INFO o.a.j.t.JMeterThread: Thread finished: jp@gc - Stepping Thread Group 1-472
2026-10-08 17:46:24,648 INFO o.a.j.t.JMeterThread: Thread started: jp@gc - Stepping Thread Group 1-473
2026-10-08 17:46:24,648 INFO o.a.j.t.JMeterThread: Stop Thread seen for thread jp@gc - Stepping Thread Group 1-473, reason: org.apache.jorphan.util.JMeterStopThreadException: End of file:/Users/lisa/Documents/tools/date/tokens.csv detected for CSV DataSet:CSV 数据文件设置 configured with stopThread:true, recycle:false
2026-10-08 17:46:24,648 INFO o.a.j.t.JMeterThread: Thread finished: jp@gc - Stepping Thread Group 1-473
2026-10-08 17:46:24,700 INFO o.a.j.t.JMeterThread: Thread started: jp@gc - Stepping Thread Group 1-474
2026-10-08 17:46:24,701 INFO o.a.j.t.JMeterThread: Stop Thread seen for thread jp@gc - Stepping Thread Group 1-474, reason: org.apache.jorphan.util.JMeterStopThreadException: End of file:/Users/lisa/Documents/tools/date/tokens.csv detected for CSV DataSet:CSV 数据文件设置 configured with stopThread:true, recycle:false
2026-10-08 17:46:24,701 INFO o.a.j.t.JMeterThread: Thread finished: jp@gc - Stepping Thread Group 1-474
2026-10-08 17:46:24,750 INFO o.a.j.t.JMeterThread: Thread started: jp@gc - Stepping Thread Group 1-475
2026-10-08 17:46:24,751 INFO o.a.j.t.JMeterThread: Stop Thread seen for thread jp@gc - Stepping Thread Group 1-475, reason: org.apache.jorphan.util.JMeterStopThreadException: End of file:/Users/lisa/Documents/tools/date/tokens.csv detected for CSV DataSet:CSV 数据文件设置 configured with stopThread:true, recycle:false
2026-10-08 17:46:24,751 INFO o.a.j.t.JMeterThread: Thread finished: jp@gc - Stepping Thread Group 1-475
2026-10-08 17:46:24,800 INFO o.a.j.t.JMeterThread: Thread started: jp@gc - Stepping Thread Group 1-476
2026-10-08 17:46:24,801 INFO o.a.j.t.JMeterThread: Stop Thread seen for thread jp@gc - Stepping Thread Group 1-476, reason: org.apache.jorphan.util.JMeterStopThreadException: End of file:/Users/lisa/Documents/tools/date/tokens.csv detected for CSV DataSet:CSV 数据文件设置 configured with stopThread:true, recycle:false
2026-10-08 17:46:24,801 INFO o.a.j.t.JMeterThread: Thread finished: jp@gc - Stepping Thread Group 1-476
2026-10-08 17:46:24,850 INFO o.a.j.t.JMeterThread: Thread started: jp@gc - Stepping Thread Group 1-477
2026-10-08 17:46:24,850 INFO o.a.j.t.JMeterThread: Stop Thread seen for thread jp@gc - Stepping Thread Group 1-477, reason: org.apache.jorphan.util.JMeterStopThreadException: End of file:/Users/lisa/Documents/tools/date/tokens.csv detected for CSV DataSet:CSV 数据文件设置 configured with stopThread:true, recycle:false
2026-10-08 17:46:24,850 INFO o.a.j.t.JMeterThread: Thread finished: jp@gc - Stepping Thread Group 1-477
2026-10-08 17:46:24,900 INFO o.a.j.t.JMeterThread: Thread started: jp@gc - Stepping Thread Group 1-478
2026-10-08 17:46:24,901 INFO o.a.j.t.JMeterThread: Stop Thread seen for thread jp@gc - Stepping Thread Group 1-478, reason: org.apache.jorphan.util.JMeterStopThreadException: End of file:/Users/lisa/Documents/tools/date/tokens.csv detected for CSV DataSet:CSV 数据文件设置 configured with stopThread:true, recycle:false
2026-10-08 17:46:24,901 INFO o.a.j.t.JMeterThread: Thread finished: jp@gc - Stepping Thread Group 1-478
2026-10-08 17:46:24,949 INFO o.a.j.t.JMeterThread: Thread started: jp@gc - Stepping Thread Group 1-479
2026-10-08 17:46:24,950 INFO o.a.j.t.JMeterThread: Stop Thread seen for thread jp@gc - Stepping Thread Group 1-479, reason: org.apache.jorphan.util.JMeterStopThreadException: End of file:/Users/lisa/Documents/tools/date/tokens.csv detected for CSV DataSet:CSV 数据文件设置 configured with stopThread:true, recycle:false
2026-10-08 17:46:24,950 INFO o.a.j.t.JMeterThread: Thread finished: jp@gc - Stepping Thread Group 1-479
2026-10-08 17:46:24,998 INFO o.a.j.t.JMeterThread: Thread started: jp@gc - Stepping Thread Group 1-480
2026-10-08 17:46:24,999 INFO o.a.j.t.JMeterThread: Stop Thread seen for thread jp@gc - Stepping Thread Group 1-480, reason: org.apache.jorphan.util.JMeterStopThreadException: End of file:/Users/lisa/Documents/tools/date/tokens.csv detected for CSV DataSet:CSV 数据文件设置 configured with stopThread:true, recycle:false
2026-10-08 17:46:24,999 INFO o.a.j.t.JMeterThread: Thread finished: jp@gc - Stepping Thread Group 1-480
2026-10-08 17:46:25,051 INFO o.a.j.t.JMeterThread: Thread started: jp@gc - Stepping Thread Group 1-481
2026-10-08 17:46:25,051 INFO o.a.j.t.JMeterThread: Stop Thread seen for thread jp@gc - Stepping Thread Group 1-481, reason: org.apache.jorphan.util.JMeterStopThreadException: End of file:/Users/lisa/Documents/tools/date/tokens.csv detected for CSV DataSet:CSV 数据文件设置 configured with stopThread:true, recycle:false
2026-10-08 17:46:25,051 INFO o.a.j.t.JMeterThread: Thread finished: jp@gc - Stepping Thread Group 1-481
2026-10-08 17:46:25,096 INFO o.a.j.t.JMeterThread: Thread started: jp@gc - Stepping Thread Group 1-482
2026-10-08 17:46:25,097 INFO o.a.j.t.JMeterThread: Stop Thread seen for thread jp@gc - Stepping Thread Group 1-482, reason: org.apache.jorphan.util.JMeterStopThreadException: End of file:/Users/lisa/Documents/tools/date/tokens.csv detected for CSV DataSet:CSV 数据文件设置 configured with stopThread:true, recycle:false
2026-10-08 17:46:25,097 INFO o.a.j.t.JMeterThread: Thread finished: jp@gc - Stepping Thread Group 1-482
2026-10-08 17:46:25,150 INFO o.a.j.t.JMeterThread: Thread started: jp@gc - Stepping Thread Group 1-483
2026-10-08 17:46:25,151 INFO o.a.j.t.JMeterThread: Stop Thread seen for thread jp@gc - Stepping Thread Group 1-483, reason: org.apache.jorphan.util.JMeterStopThreadException: End of file:/Users/lisa/Documents/tools/date/tokens.csv detected for CSV DataSet:CSV 数据文件设置 configured with stopThread:true, recycle:false
2026-10-08 17:46:25,151 INFO o.a.j.t.JMeterThread: Thread finished: jp@gc - Stepping Thread Group 1-483
2026-10-08 17:46:25,196 INFO o.a.j.t.JMeterThread: Thread started: jp@gc - Stepping Thread Group 1-484
2026-10-08 17:46:25,197 INFO o.a.j.t.JMeterThread: Stop Thread seen for thread jp@gc - Stepping Thread Group 1-484, reason: org.apache.jorphan.util.JMeterStopThreadException: End of file:/Users/lisa/Documents/tools/date/tokens.csv detected for CSV DataSet:CSV 数据文件设置 configured with stopThread:true, recycle:false
2026-10-08 17:46:25,197 INFO o.a.j.t.JMeterThread: Thread finished: jp@gc - Stepping Thread Group 1-484
2026-10-08 17:46:25,246 INFO o.a.j.t.JMeterThread: Thread started: jp@gc - Stepping Thread Group 1-485
2026-10-08 17:46:25,247 INFO o.a.j.t.JMeterThread: Stop Thread seen for thread jp@gc - Stepping Thread Group 1-485, reason: org.apache.jorphan.util.JMeterStopThreadException: End of file:/Users/lisa/Documents/tools/date/tokens.csv detected for CSV DataSet:CSV 数据文件设置 configured with stopThread:true, recycle:false
2026-10-08 17:46:25,247 INFO o.a.j.t.JMeterThread: Thread finished: jp@gc - Stepping Thread Group 1-485
2026-10-08 17:46:25,296 INFO o.a.j.t.JMeterThread: Thread started: jp@gc - Stepping Thread Group 1-486
2026-10-08 17:46:25,297 INFO o.a.j.t.JMeterThread: Stop Thread seen for thread jp@gc - Stepping Thread Group 1-486, reason: org.apache.jorphan.util.JMeterStopThreadException: End of file:/Users/lisa/Documents/tools/date/tokens.csv detected for CSV DataSet:CSV 数据文件设置 configured with stopThread:true, recycle:false
2026-10-08 17:46:25,297 INFO o.a.j.t.JMeterThread: Thread finished: jp@gc - Stepping Thread Group 1-486
2026-10-08 17:46:25,350 INFO o.a.j.t.JMeterThread: Thread started: jp@gc - Stepping Thread Group 1-487
2026-10-08 17:46:25,351 INFO o.a.j.t.JMeterThread: Stop Thread seen for thread jp@gc - Stepping Thread Group 1-487, reason: org.apache.jorphan.util.JMeterStopThreadException: End of file:/Users/lisa/Documents/tools/date/tokens.csv detected for CSV DataSet:CSV 数据文件设置 configured with stopThread:true, recycle:false
2026-10-08 17:46:25,351 INFO o.a.j.t.JMeterThread: Thread finished: jp@gc - Stepping Thread Group 1-487
2026-10-08 17:46:25,396 INFO o.a.j.t.JMeterThread: Thread started: jp@gc - Stepping Thread Group 1-488
2026-10-08 17:46:25,397 INFO o.a.j.t.JMeterThread: Stop Thread seen for thread jp@gc - Stepping Thread Group 1-488, reason: org.apache.jorphan.util.JMeterStopThreadException: End of file:/Users/lisa/Documents/tools/date/tokens.csv detected for CSV DataSet:CSV 数据文件设置 configured with stopThread:true, recycle:false
2026-10-08 17:46:25,397 INFO o.a.j.t.JMeterThread: Thread finished: jp@gc - Stepping Thread Group 1-488
2026-10-08 17:46:25,446 INFO o.a.j.t.JMeterThread: Thread started: jp@gc - Stepping Thread Group 1-489
2026-10-08 17:46:25,447 INFO o.a.j.t.JMeterThread: Stop Thread seen for thread jp@gc - Stepping Thread Group 1-489, reason: org.apache.jorphan.util.JMeterStopThreadException: End of file:/Users/lisa/Documents/tools/date/tokens.csv detected for CSV DataSet:CSV 数据文件设置 configured with stopThread:true, recycle:false
2026-10-08 17:46:25,447 INFO o.a.j.t.JMeterThread: Thread finished: jp@gc - Stepping Thread Group 1-489
2026-10-08 17:46:25,500 INFO o.a.j.t.JMeterThread: Thread started: jp@gc - Stepping Thread Group 1-490
2026-10-08 17:46:25,501 INFO o.a.j.t.JMeterThread: Stop Thread seen for thread jp@gc - Stepping Thread Group 1-490, reason: org.apache.jorphan.util.JMeterStopThreadException: End of file:/Users/lisa/Documents/tools/date/tokens.csv detected for CSV DataSet:CSV 数据文件设置 configured with stopThread:true, recycle:false
2026-10-08 17:46:25,501 INFO o.a.j.t.JMeterThread: Thread finished: jp@gc - Stepping Thread Group 1-490
2026-10-08 17:46:25,550 INFO o.a.j.t.JMeterThread: Thread started: jp@gc - Stepping Thread Group 1-491
2026-10-08 17:46:25,550 INFO o.a.j.t.JMeterThread: Stop Thread seen for thread jp@gc - Stepping Thread Group 1-491, reason: org.apache.jorphan.util.JMeterStopThreadException: End of file:/Users/lisa/Documents/tools/date/tokens.csv detected for CSV DataSet:CSV 数据文件设置 configured with stopThread:true, recycle:false
2026-10-08 17:46:25,550 INFO o.a.j.t.JMeterThread: Thread finished: jp@gc - Stepping Thread Group 1-491
2026-10-08 17:46:25,595 INFO o.a.j.t.JMeterThread: Thread started: jp@gc - Stepping Thread Group 1-492
2026-10-08 17:46:25,596 INFO o.a.j.t.JMeterThread: Stop Thread seen for thread jp@gc - Stepping Thread Group 1-492, reason: org.apache.jorphan.util.JMeterStopThreadException: End of file:/Users/lisa/Documents/tools/date/tokens.csv detected for CSV DataSet:CSV 数据文件设置 configured with stopThread:true, recycle:false
2026-10-08 17:46:25,596 INFO o.a.j.t.JMeterThread: Thread finished: jp@gc - Stepping Thread Group 1-492
2026-10-08 17:46:25,648 INFO o.a.j.t.JMeterThread: Thread started: jp@gc - Stepping Thread Group 1-493
2026-10-08 17:46:25,649 INFO o.a.j.t.JMeterThread: Stop Thread seen for thread jp@gc - Stepping Thread Group 1-493, reason: org.apache.jorphan.util.JMeterStopThreadException: End of file:/Users/lisa/Documents/tools/date/tokens.csv detected for CSV DataSet:CSV 数据文件设置 configured with stopThread:true, recycle:false
2026-10-08 17:46:25,649 INFO o.a.j.t.JMeterThread: Thread finished: jp@gc - Stepping Thread Group 1-493
2026-10-08 17:46:25,701 INFO o.a.j.t.JMeterThread: Thread started: jp@gc - Stepping Thread Group 1-494
2026-10-08 17:46:25,701 INFO o.a.j.t.JMeterThread: Stop Thread seen for thread jp@gc - Stepping Thread Group 1-494, reason: org.apache.jorphan.util.JMeterStopThreadException: End of file:/Users/lisa/Documents/tools/date/tokens.csv detected for CSV DataSet:CSV 数据文件设置 configured with stopThread:true, recycle:false
2026-10-08 17:46:25,701 INFO o.a.j.t.JMeterThread: Thread finished: jp@gc - Stepping Thread Group 1-494
2026-10-08 17:46:25,751 INFO o.a.j.t.JMeterThread: Thread started: jp@gc - Stepping Thread Group 1-495
2026-10-08 17:46:25,751 INFO o.a.j.t.JMeterThread: Stop Thread seen for thread jp@gc - Stepping Thread Group 1-495, reason: org.apache.jorphan.util.JMeterStopThreadException: End of file:/Users/lisa/Documents/tools/date/tokens.csv detected for CSV DataSet:CSV 数据文件设置 configured with stopThread:true, recycle:false
2026-10-08 17:46:25,751 INFO o.a.j.t.JMeterThread: Thread finished: jp@gc - Stepping Thread Group 1-495
2026-10-08 17:46:25,795 INFO o.a.j.t.JMeterThread: Thread started: jp@gc - Stepping Thread Group 1-496
2026-10-08 17:46:25,796 INFO o.a.j.t.JMeterThread: Stop Thread seen for thread jp@gc - Stepping Thread Group 1-496, reason: org.apache.jorphan.util.JMeterStopThreadException: End of file:/Users/lisa/Documents/tools/date/tokens.csv detected for CSV DataSet:CSV 数据文件设置 configured with stopThread:true, recycle:false
2026-10-08 17:46:25,796 INFO o.a.j.t.JMeterThread: Thread finished: jp@gc - Stepping Thread Group 1-496
2026-10-08 17:46:25,850 INFO o.a.j.t.JMeterThread: Thread started: jp@gc - Stepping Thread Group 1-497
2026-10-08 17:46:25,850 INFO o.a.j.t.JMeterThread: Stop Thread seen for thread jp@gc - Stepping Thread Group 1-497, reason: org.apache.jorphan.util.JMeterStopThreadException: End of file:/Users/lisa/Documents/tools/date/tokens.csv detected for CSV DataSet:CSV 数据文件设置 configured with stopThread:true, recycle:false
2026-10-08 17:46:25,851 INFO o.a.j.t.JMeterThread: Thread finished: jp@gc - Stepping Thread Group 1-497
2026-10-08 17:46:25,901 INFO o.a.j.t.JMeterThread: Thread started: jp@gc - Stepping Thread Group 1-498
2026-10-08 17:46:25,901 INFO o.a.j.t.JMeterThread: Stop Thread seen for thread jp@gc - Stepping Thread Group 1-498, reason: org.apache.jorphan.util.JMeterStopThreadException: End of file:/Users/lisa/Documents/tools/date/tokens.csv detected for CSV DataSet:CSV 数据文件设置 configured with stopThread:true, recycle:false
2026-10-08 17:46:25,901 INFO o.a.j.t.JMeterThread: Thread finished: jp@gc - Stepping Thread Group 1-498
2026-10-08 17:46:25,950 INFO o.a.j.t.JMeterThread: Thread started: jp@gc - Stepping Thread Group 1-499
2026-10-08 17:46:25,950 INFO o.a.j.t.JMeterThread: Stop Thread seen for thread jp@gc - Stepping Thread Group 1-499, reason: org.apache.jorphan.util.JMeterStopThreadException: End of file:/Users/lisa/Documents/tools/date/tokens.csv detected for CSV DataSet:CSV 数据文件设置 configured with stopThread:true, recycle:false
2026-10-08 17:46:25,950 INFO o.a.j.t.JMeterThread: Thread finished: jp@gc - Stepping Thread Group 1-499
2026-10-08 17:46:25,995 INFO o.a.j.t.JMeterThread: Thread started: jp@gc - Stepping Thread Group 1-500
2026-10-08 17:46:25,996 INFO o.a.j.t.JMeterThread: Stop Thread seen for thread jp@gc - Stepping Thread Group 1-500, reason: org.apache.jorphan.util.JMeterStopThreadException: End of file:/Users/lisa/Documents/tools/date/tokens.csv detected for CSV DataSet:CSV 数据文件设置 configured with stopThread:true, recycle:false
2026-10-08 17:46:25,996 INFO o.a.j.t.JMeterThread: Thread finished: jp@gc - Stepping Thread Group 1-500
2026-10-08 17:46:32,049 INFO o.a.j.t.JMeterThread: Thread started: jp@gc - Stepping Thread Group 1-501
2026-10-08 17:46:32,050 INFO o.a.j.t.JMeterThread: Stop Thread seen for thread jp@gc - Stepping Thread Group 1-501, reason: org.apache.jorphan.util.JMeterStopThreadException: End of file:/Users/lisa/Documents/tools/date/tokens.csv detected for CSV DataSet:CSV 数据文件设置 configured with stopThread:true, recycle:false
2026-10-08 17:46:32,050 INFO o.a.j.t.JMeterThread: Thread finished: jp@gc - Stepping Thread Group 1-501
2026-10-08 17:46:32,098 INFO o.a.j.t.JMeterThread: Thread started: jp@gc - Stepping Thread Group 1-502
2026-10-08 17:46:32,098 INFO o.a.j.t.JMeterThread: Stop Thread seen for thread jp@gc - Stepping Thread Group 1-502, reason: org.apache.jorphan.util.JMeterStopThreadException: End of file:/Users/lisa/Documents/tools/date/tokens.csv detected for CSV DataSet:CSV 数据文件设置 configured with stopThread:true, recycle:false
2026-10-08 17:46:32,098 INFO o.a.j.t.JMeterThread: Thread finished: jp@gc - Stepping Thread Group 1-502
2026-10-08 17:46:32,148 INFO o.a.j.t.JMeterThread: Thread started: jp@gc - Stepping Thread Group 1-503
2026-10-08 17:46:32,148 INFO o.a.j.t.JMeterThread: Stop Thread seen for thread jp@gc - Stepping Thread Group 1-503, reason: org.apache.jorphan.util.JMeterStopThreadException: End of file:/Users/lisa/Documents/tools/date/tokens.csv detected for CSV DataSet:CSV 数据文件设置 configured with stopThread:true, recycle:false
2026-10-08 17:46:32,148 INFO o.a.j.t.JMeterThread: Thread finished: jp@gc - Stepping Thread Group 1-503
2026-10-08 17:46:32,199 INFO o.a.j.t.JMeterThread: Thread started: jp@gc - Stepping Thread Group 1-504
2026-10-08 17:46:32,199 INFO o.a.j.t.JMeterThread: Stop Thread seen for thread jp@gc - Stepping Thread Group 1-504, reason: org.apache.jorphan.util.JMeterStopThreadException: End of file:/Users/lisa/Documents/tools/date/tokens.csv detected for CSV DataSet:CSV 数据文件设置 configured with stopThread:true, recycle:false
2026-10-08 17:46:32,200 INFO o.a.j.t.JMeterThread: Thread finished: jp@gc - Stepping Thread Group 1-504
2026-10-08 17:46:32,250 INFO o.a.j.t.JMeterThread: Thread started: jp@gc - Stepping Thread Group 1-505
2026-10-08 17:46:32,251 INFO o.a.j.t.JMeterThread: Stop Thread seen for thread jp@gc - Stepping Thread Group 1-505, reason: org.apache.jorphan.util.JMeterStopThreadException: End of file:/Users/lisa/Documents/tools/date/tokens.csv detected for CSV DataSet:CSV 数据文件设置 configured with stopThread:true, recycle:false
2026-10-08 17:46:32,251 INFO o.a.j.t.JMeterThread: Thread finished: jp@gc - Stepping Thread Group 1-505
2026-10-08 17:46:32,297 INFO o.a.j.t.JMeterThread: Thread started: jp@gc - Stepping Thread Group 1-506
2026-10-08 17:46:32,297 INFO o.a.j.t.JMeterThread: Stop Thread seen for thread jp@gc - Stepping Thread Group 1-506, reason: org.apache.jorphan.util.JMeterStopThreadException: End of file:/Users/lisa/Documents/tools/date/tokens.csv detected for CSV DataSet:CSV 数据文件设置 configured with stopThread:true, recycle:false
2026-10-08 17:46:32,297 INFO o.a.j.t.JMeterThread: Thread finished: jp@gc - Stepping Thread Group 1-506
2026-10-08 17:46:32,348 INFO o.a.j.t.JMeterThread: Thread started: jp@gc - Stepping Thread Group 1-507
2026-10-08 17:46:32,348 INFO o.a.j.t.JMeterThread: Stop Thread seen for thread jp@gc - Stepping Thread Group 1-507, reason: org.apache.jorphan.util.JMeterStopThreadException: End of file:/Users/lisa/Documents/tools/date/tokens.csv detected for CSV DataSet:CSV 数据文件设置 configured with stopThread:true, recycle:false
2026-10-08 17:46:32,348 INFO o.a.j.t.JMeterThread: Thread finished: jp@gc - Stepping Thread Group 1-507
2026-10-08 17:46:32,399 INFO o.a.j.t.JMeterThread: Thread started: jp@gc - Stepping Thread Group 1-508
2026-10-08 17:46:32,400 INFO o.a.j.t.JMeterThread: Stop Thread seen for thread jp@gc - Stepping Thread Group 1-508, reason: org.apache.jorphan.util.JMeterStopThreadException: End of file:/Users/lisa/Documents/tools/date/tokens.csv detected for CSV DataSet:CSV 数据文件设置 configured with stopThread:true, recycle:false
2026-10-08 17:46:32,400 INFO o.a.j.t.JMeterThread: Thread finished: jp@gc - Stepping Thread Group 1-508
2026-10-08 17:46:32,450 INFO o.a.j.t.JMeterThread: Thread started: jp@gc - Stepping Thread Group 1-509
2026-10-08 17:46:32,451 INFO o.a.j.t.JMeterThread: Stop Thread seen for thread jp@gc - Stepping Thread Group 1-509, reason: org.apache.jorphan.util.JMeterStopThreadException: End of file:/Users/lisa/Documents/tools/date/tokens.csv detected for CSV DataSet:CSV 数据文件设置 configured with stopThread:true, recycle:false
2026-10-08 17:46:32,451 INFO o.a.j.t.JMeterThread: Thread finished: jp@gc - Stepping Thread Group 1-509
2026-10-08 17:46:32,500 INFO o.a.j.t.JMeterThread: Thread started: jp@gc - Stepping Thread Group 1-510
2026-10-08 17:46:32,501 INFO o.a.j.t.JMeterThread: Stop Thread seen for thread jp@gc - Stepping Thread Group 1-510, reason: org.apache.jorphan.util.JMeterStopThreadException: End of file:/Users/lisa/Documents/tools/date/tokens.csv detected for CSV DataSet:CSV 数据文件设置 configured with stopThread:true, recycle:false
2026-10-08 17:46:32,501 INFO o.a.j.t.JMeterThread: Thread finished: jp@gc - Stepping Thread Group 1-510
2026-10-08 17:46:32,551 INFO o.a.j.t.JMeterThread: Thread started: jp@gc - Stepping Thread Group 1-511
2026-10-08 17:46:32,551 INFO o.a.j.t.JMeterThread: Stop Thread seen for thread jp@gc - Stepping Thread Group 1-511, reason: org.apache.jorphan.util.JMeterStopThreadException: End of file:/Users/lisa/Documents/tools/date/tokens.csv detected for CSV DataSet:CSV 数据文件设置 configured with stopThread:true, recycle:false
2026-10-08 17:46:32,551 INFO o.a.j.t.JMeterThread: Thread finished: jp@gc - Stepping Thread Group 1-511
2026-10-08 17:46:32,601 INFO o.a.j.t.JMeterThread: Thread started: jp@gc - Stepping Thread Group 1-512
2026-10-08 17:46:32,601 INFO o.a.j.t.JMeterThread: Stop Thread seen for thread jp@gc - Stepping Thread Group 1-512, reason: org.apache.jorphan.util.JMeterStopThreadException: End of file:/Users/lisa/Documents/tools/date/tokens.csv detected for CSV DataSet:CSV 数据文件设置 configured with stopThread:true, recycle:false
2026-10-08 17:46:32,601 INFO o.a.j.t.JMeterThread: Thread finished: jp@gc - Stepping Thread Group 1-512
2026-10-08 17:46:32,645 INFO o.a.j.t.JMeterThread: Thread started: jp@gc - Stepping Thread Group 1-513
2026-10-08 17:46:32,646 INFO o.a.j.t.JMeterThread: Stop Thread seen for thread jp@gc - Stepping Thread Group 1-513, reason: org.apache.jorphan.util.JMeterStopThreadException: End of file:/Users/lisa/Documents/tools/date/tokens.csv detected for CSV DataSet:CSV 数据文件设置 configured with stopThread:true, recycle:false
2026-10-08 17:46:32,646 INFO o.a.j.t.JMeterThread: Thread finished: jp@gc - Stepping Thread Group 1-513
2026-10-08 17:46:32,700 INFO o.a.j.t.JMeterThread: Thread started: jp@gc - Stepping Thread Group 1-514
2026-10-08 17:46:32,700 INFO o.a.j.t.JMeterThread: Stop Thread seen for thread jp@gc - Stepping Thread Group 1-514, reason: org.apache.jorphan.util.JMeterStopThreadException: End of file:/Users/lisa/Documents/tools/date/tokens.csv detected for CSV DataSet:CSV 数据文件设置 configured with stopThread:true, recycle:false
2026-10-08 17:46:32,700 INFO o.a.j.t.JMeterThread: Thread finished: jp@gc - Stepping Thread Group 1-514
2026-10-08 17:46:32,749 INFO o.a.j.t.JMeterThread: Thread started: jp@gc - Stepping Thread Group 1-515
2026-10-08 17:46:32,750 INFO o.a.j.t.JMeterThread: Stop Thread seen for thread jp@gc - Stepping Thread Group 1-515, reason: org.apache.jorphan.util.JMeterStopThreadException: End of file:/Users/lisa/Documents/tools/date/tokens.csv detected for CSV DataSet:CSV 数据文件设置 configured with stopThread:true, recycle:false
2026-10-08 17:46:32,750 INFO o.a.j.t.JMeterThread: Thread finished: jp@gc - Stepping Thread Group 1-515
2026-10-08 17:46:32,800 INFO o.a.j.t.JMeterThread: Thread started: jp@gc - Stepping Thread Group 1-516
2026-10-08 17:46:32,800 INFO o.a.j.t.JMeterThread: Stop Thread seen for thread jp@gc - Stepping Thread Group 1-516, reason: org.apache.jorphan.util.JMeterStopThreadException: End of file:/Users/lisa/Documents/tools/date/tokens.csv detected for CSV DataSet:CSV 数据文件设置 configured with stopThread:true, recycle:false
2026-10-08 17:46:32,800 INFO o.a.j.t.JMeterThread: Thread finished: jp@gc - Stepping Thread Group 1-516
2026-10-08 17:46:32,846 INFO o.a.j.t.JMeterThread: Thread started: jp@gc - Stepping Thread Group 1-517
2026-10-08 17:46:32,846 INFO o.a.j.t.JMeterThread: Stop Thread seen for thread jp@gc - Stepping Thread Group 1-517, reason: org.apache.jorphan.util.JMeterStopThreadException: End of file:/Users/lisa/Documents/tools/date/tokens.csv detected for CSV DataSet:CSV 数据文件设置 configured with stopThread:true, recycle:false
2026-10-08 17:46:32,846 INFO o.a.j.t.JMeterThread: Thread finished: jp@gc - Stepping Thread Group 1-517
2026-10-08 17:46:32,900 INFO o.a.j.t.JMeterThread: Thread started: jp@gc - Stepping Thread Group 1-518
2026-10-08 17:46:32,900 INFO o.a.j.t.JMeterThread: Stop Thread seen for thread jp@gc - Stepping Thread Group 1-518, reason: org.apache.jorphan.util.JMeterStopThreadException: End of file:/Users/lisa/Documents/tools/date/tokens.csv detected for CSV DataSet:CSV 数据文件设置 configured with stopThread:true, recycle:false
2026-10-08 17:46:32,900 INFO o.a.j.t.JMeterThread: Thread finished: jp@gc - Stepping Thread Group 1-518
2026-10-08 17:46:32,948 INFO o.a.j.t.JMeterThread: Thread started: jp@gc - Stepping Thread Group 1-519
2026-10-08 17:46:32,949 INFO o.a.j.t.JMeterThread: Stop Thread seen for thread jp@gc - Stepping Thread Group 1-519, reason: org.apache.jorphan.util.JMeterStopThreadException: End of file:/Users/lisa/Documents/tools/date/tokens.csv detected for CSV DataSet:CSV 数据文件设置 configured with stopThread:true, recycle:false
2026-10-08 17:46:32,949 INFO o.a.j.t.JMeterThread: Thread finished: jp@gc - Stepping Thread Group 1-519
2026-10-08 17:46:33,000 INFO o.a.j.t.JMeterThread: Thread started: jp@gc - Stepping Thread Group 1-520
2026-10-08 17:46:33,001 INFO o.a.j.t.JMeterThread: Stop Thread seen for thread jp@gc - Stepping Thread Group 1-520, reason: org.apache.jorphan.util.JMeterStopThreadException: End of file:/Users/lisa/Documents/tools/date/tokens.csv detected for CSV DataSet:CSV 数据文件设置 configured with stopThread:true, recycle:false
2026-10-08 17:46:33,001 INFO o.a.j.t.JMeterThread: Thread finished: jp@gc - Stepping Thread Group 1-520
2026-10-08 17:46:33,050 INFO o.a.j.t.JMeterThread: Thread started: jp@gc - Stepping Thread Group 1-521
2026-10-08 17:46:33,051 INFO o.a.j.t.JMeterThread: Stop Thread seen for thread jp@gc - Stepping Thread Group 1-521, reason: org.apache.jorphan.util.JMeterStopThreadException: End of file:/Users/lisa/Documents/tools/date/tokens.csv detected for CSV DataSet:CSV 数据文件设置 configured with stopThread:true, recycle:false
2026-10-08 17:46:33,051 INFO o.a.j.t.JMeterThread: Thread finished: jp@gc - Stepping Thread Group 1-521
2026-10-08 17:46:33,100 INFO o.a.j.t.JMeterThread: Thread started: jp@gc - Stepping Thread Group 1-522
2026-10-08 17:46:33,100 INFO o.a.j.t.JMeterThread: Stop Thread seen for thread jp@gc - Stepping Thread Group 1-522, reason: org.apache.jorphan.util.JMeterStopThreadException: End of file:/Users/lisa/Documents/tools/date/tokens.csv detected for CSV DataSet:CSV 数据文件设置 configured with stopThread:true, recycle:false
2026-10-08 17:46:33,100 INFO o.a.j.t.JMeterThread: Thread finished: jp@gc - Stepping Thread Group 1-522
2026-10-08 17:46:33,148 INFO o.a.j.t.JMeterThread: Thread started: jp@gc - Stepping Thread Group 1-523
2026-10-08 17:46:33,149 INFO o.a.j.t.JMeterThread: Stop Thread seen for thread jp@gc - Stepping Thread Group 1-523, reason: org.apache.jorphan.util.JMeterStopThreadException: End of file:/Users/lisa/Documents/tools/date/tokens.csv detected for CSV DataSet:CSV 数据文件设置 configured with stopThread:true, recycle:false
2026-10-08 17:46:33,149 INFO o.a.j.t.JMeterThread: Thread finished: jp@gc - Stepping Thread Group 1-523
2026-10-08 17:46:33,200 INFO o.a.j.t.JMeterThread: Thread started: jp@gc - Stepping Thread Group 1-524
2026-10-08 17:46:33,200 INFO o.a.j.t.JMeterThread: Stop Thread seen for thread jp@gc - Stepping Thread Group 1-524, reason: org.apache.jorphan.util.JMeterStopThreadException: End of file:/Users/lisa/Documents/tools/date/tokens.csv detected for CSV DataSet:CSV 数据文件设置 configured with stopThread:true, recycle:false
2026-10-08 17:46:33,200 INFO o.a.j.t.JMeterThread: Thread finished: jp@gc - Stepping Thread Group 1-524
2026-10-08 17:46:33,250 INFO o.a.j.t.JMeterThread: Thread started: jp@gc - Stepping Thread Group 1-525
2026-10-08 17:46:33,250 INFO o.a.j.t.JMeterThread: Stop Thread seen for thread jp@gc - Stepping Thread Group 1-525, reason: org.apache.jorphan.util.JMeterStopThreadException: End of file:/Users/lisa/Documents/tools/date/tokens.csv detected for CSV DataSet:CSV 数据文件设置 configured with stopThread:true, recycle:false
2026-10-08 17:46:33,250 INFO o.a.j.t.JMeterThread: Thread finished: jp@gc - Stepping Thread Group 1-525
2026-10-08 17:46:33,299 INFO o.a.j.t.JMeterThread: Thread started: jp@gc - Stepping Thread Group 1-526
2026-10-08 17:46:33,300 INFO o.a.j.t.JMeterThread: Stop Thread seen for thread jp@gc - Stepping Thread Group 1-526, reason: org.apache.jorphan.util.JMeterStopThreadException: End of file:/Users/lisa/Documents/tools/date/tokens.csv detected for CSV DataSet:CSV 数据文件设置 configured with stopThread:true, recycle:false
2026-10-08 17:46:33,300 INFO o.a.j.t.JMeterThread: Thread finished: jp@gc - Stepping Thread Group 1-526
2026-10-08 17:46:33,350 INFO o.a.j.t.JMeterThread: Thread started: jp@gc - Stepping Thread Group 1-527
2026-10-08 17:46:33,360 INFO o.a.j.t.JMeterThread: Stop Thread seen for thread jp@gc - Stepping Thread Group 1-527, reason: org.apache.jorphan.util.JMeterStopThreadException: End of file:/Users/lisa/Documents/tools/date/tokens.csv detected for CSV DataSet:CSV 数据文件设置 configured with stopThread:true, recycle:false
2026-10-08 17:46:33,360 INFO o.a.j.t.JMeterThread: Thread finished: jp@gc - Stepping Thread Group 1-527
2026-10-08 17:46:33,396 INFO o.a.j.t.JMeterThread: Thread started: jp@gc - Stepping Thread Group 1-528
2026-10-08 17:46:33,396 INFO o.a.j.t.JMeterThread: Stop Thread seen for thread jp@gc - Stepping Thread Group 1-528, reason: org.apache.jorphan.util.JMeterStopThreadException: End of file:/Users/lisa/Documents/tools/date/tokens.csv detected for CSV DataSet:CSV 数据文件设置 configured with stopThread:true, recycle:false
2026-10-08 17:46:33,396 INFO o.a.j.t.JMeterThread: Thread finished: jp@gc - Stepping Thread Group 1-528
2026-10-08 17:46:33,450 INFO o.a.j.t.JMeterThread: Thread started: jp@gc - Stepping Thread Group 1-529
2026-10-08 17:46:33,451 INFO o.a.j.t.JMeterThread: Stop Thread seen for thread jp@gc - Stepping Thread Group 1-529, reason: org.apache.jorphan.util.JMeterStopThreadException: End of file:/Users/lisa/Documents/tools/date/tokens.csv detected for CSV DataSet:CSV 数据文件设置 configured with stopThread:true, recycle:false
2026-10-08 17:46:33,451 INFO o.a.j.t.JMeterThread: Thread finished: jp@gc - Stepping Thread Group 1-529
2026-10-08 17:46:33,500 INFO o.a.j.t.JMeterThread: Thread started: jp@gc - Stepping Thread Group 1-530
2026-10-08 17:46:33,500 INFO o.a.j.t.JMeterThread: Stop Thread seen for thread jp@gc - Stepping Thread Group 1-530, reason: org.apache.jorphan.util.JMeterStopThreadException: End of file:/Users/lisa/Documents/tools/date/tokens.csv detected for CSV DataSet:CSV 数据文件设置 configured with stopThread:true, recycle:false
2026-10-08 17:46:33,500 INFO o.a.j.t.JMeterThread: Thread finished: jp@gc - Stepping Thread Group 1-530
2026-10-08 17:46:33,545 INFO o.a.j.t.JMeterThread: Thread started: jp@gc - Stepping Thread Group 1-531
2026-10-08 17:46:33,546 INFO o.a.j.t.JMeterThread: Stop Thread seen for thread jp@gc - Stepping Thread Group 1-531, reason: org.apache.jorphan.util.JMeterStopThreadException: End of file:/Users/lisa/Documents/tools/date/tokens.csv detected for CSV DataSet:CSV 数据文件设置 configured with stopThread:true, recycle:false
2026-10-08 17:46:33,546 INFO o.a.j.t.JMeterThread: Thread finished: jp@gc - Stepping Thread Group 1-531
2026-10-08 17:46:33,596 INFO o.a.j.t.JMeterThread: Thread started: jp@gc - Stepping Thread Group 1-532
2026-10-08 17:46:33,596 INFO o.a.j.t.JMeterThread: Stop Thread seen for thread jp@gc - Stepping Thread Group 1-532, reason: org.apache.jorphan.util.JMeterStopThreadException: End of file:/Users/lisa/Documents/tools/date/tokens.csv detected for CSV DataSet:CSV 数据文件设置 configured with stopThread:true, recycle:false
2026-10-08 17:46:33,596 INFO o.a.j.t.JMeterThread: Thread finished: jp@gc - Stepping Thread Group 1-532
2026-10-08 17:46:33,650 INFO o.a.j.t.JMeterThread: Thread started: jp@gc - Stepping Thread Group 1-533
2026-10-08 17:46:33,650 INFO o.a.j.t.JMeterThread: Stop Thread seen for thread jp@gc - Stepping Thread Group 1-533, reason: org.apache.jorphan.util.JMeterStopThreadException: End of file:/Users/lisa/Documents/tools/date/tokens.csv detected for CSV DataSet:CSV 数据文件设置 configured with stopThread:true, recycle:false
2026-10-08 17:46:33,650 INFO o.a.j.t.JMeterThread: Thread finished: jp@gc - Stepping Thread Group 1-533
2026-10-08 17:46:33,700 INFO o.a.j.t.JMeterThread: Thread started: jp@gc - Stepping Thread Group 1-534
2026-10-08 17:46:33,701 INFO o.a.j.t.JMeterThread: Stop Thread seen for thread jp@gc - Stepping Thread Group 1-534, reason: org.apache.jorphan.util.JMeterStopThreadException: End of file:/Users/lisa/Documents/tools/date/tokens.csv detected for CSV DataSet:CSV 数据文件设置 configured with stopThread:true, recycle:false
2026-10-08 17:46:33,701 INFO o.a.j.t.JMeterThread: Thread finished: jp@gc - Stepping Thread Group 1-534
2026-10-08 17:46:33,749 INFO o.a.j.t.JMeterThread: Thread started: jp@gc - Stepping Thread Group 1-535
2026-10-08 17:46:33,750 INFO o.a.j.t.JMeterThread: Stop Thread seen for thread jp@gc - Stepping Thread Group 1-535, reason: org.apache.jorphan.util.JMeterStopThreadException: End of file:/Users/lisa/Documents/tools/date/tokens.csv detected for CSV DataSet:CSV 数据文件设置 configured with stopThread:true, recycle:false
2026-10-08 17:46:33,750 INFO o.a.j.t.JMeterThread: Thread finished: jp@gc - Stepping Thread Group 1-535
2026-10-08 17:46:33,800 INFO o.a.j.t.JMeterThread: Thread started: jp@gc - Stepping Thread Group 1-536
2026-10-08 17:46:33,801 INFO o.a.j.t.JMeterThread: Stop Thread seen for thread jp@gc - Stepping Thread Group 1-536, reason: org.apache.jorphan.util.JMeterStopThreadException: End of file:/Users/lisa/Documents/tools/date/tokens.csv detected for CSV DataSet:CSV 数据文件设置 configured with stopThread:true, recycle:false
2026-10-08 17:46:33,801 INFO o.a.j.t.JMeterThread: Thread finished: jp@gc - Stepping Thread Group 1-536
2026-10-08 17:46:33,846 INFO o.a.j.t.JMeterThread: Thread started: jp@gc - Stepping Thread Group 1-537
2026-10-08 17:46:33,846 INFO o.a.j.t.JMeterThread: Stop Thread seen for thread jp@gc - Stepping Thread Group 1-537, reason: org.apache.jorphan.util.JMeterStopThreadException: End of file:/Users/lisa/Documents/tools/date/tokens.csv detected for CSV DataSet:CSV 数据文件设置 configured with stopThread:true, recycle:false
2026-10-08 17:46:33,846 INFO o.a.j.t.JMeterThread: Thread finished: jp@gc - Stepping Thread Group 1-537
2026-10-08 17:46:33,899 INFO o.a.j.t.JMeterThread: Thread started: jp@gc - Stepping Thread Group 1-538
2026-10-08 17:46:33,899 INFO o.a.j.t.JMeterThread: Stop Thread seen for thread jp@gc - Stepping Thread Group 1-538, reason: org.apache.jorphan.util.JMeterStopThreadException: End of file:/Users/lisa/Documents/tools/date/tokens.csv detected for CSV DataSet:CSV 数据文件设置 configured with stopThread:true, recycle:false
2026-10-08 17:46:33,899 INFO o.a.j.t.JMeterThread: Thread finished: jp@gc - Stepping Thread Group 1-538
2026-10-08 17:46:33,947 INFO o.a.j.t.JMeterThread: Thread started: jp@gc - Stepping Thread Group 1-539
2026-10-08 17:46:33,948 INFO o.a.j.t.JMeterThread: Stop Thread seen for thread jp@gc - Stepping Thread Group 1-539, reason: org.apache.jorphan.util.JMeterStopThreadException: End of file:/Users/lisa/Documents/tools/date/tokens.csv detected for CSV DataSet:CSV 数据文件设置 configured with stopThread:true, recycle:false
2026-10-08 17:46:33,948 INFO o.a.j.t.JMeterThread: Thread finished: jp@gc - Stepping Thread Group 1-539
2026-10-08 17:46:34,001 INFO o.a.j.t.JMeterThread: Thread started: jp@gc - Stepping Thread Group 1-540
2026-10-08 17:46:34,001 INFO o.a.j.t.JMeterThread: Stop Thread seen for thread jp@gc - Stepping Thread Group 1-540, reason: org.apache.jorphan.util.JMeterStopThreadException: End of file:/Users/lisa/Documents/tools/date/tokens.csv detected for CSV DataSet:CSV 数据文件设置 configured with stopThread:true, recycle:false
2026-10-08 17:46:34,001 INFO o.a.j.t.JMeterThread: Thread finished: jp@gc - Stepping Thread Group 1-540
2026-10-08 17:46:34,046 INFO o.a.j.t.JMeterThread: Thread started: jp@gc - Stepping Thread Group 1-541
2026-10-08 17:46:34,046 INFO o.a.j.t.JMeterThread: Stop Thread seen for thread jp@gc - Stepping Thread Group 1-541, reason: org.apache.jorphan.util.JMeterStopThreadException: End of file:/Users/lisa/Documents/tools/date/tokens.csv detected for CSV DataSet:CSV 数据文件设置 configured with stopThread:true, recycle:false
2026-10-08 17:46:34,047 INFO o.a.j.t.JMeterThread: Thread finished: jp@gc - Stepping Thread Group 1-541
2026-10-08 17:46:34,100 INFO o.a.j.t.JMeterThread: Thread started: jp@gc - Stepping Thread Group 1-542
2026-10-08 17:46:34,101 INFO o.a.j.t.JMeterThread: Stop Thread seen for thread jp@gc - Stepping Thread Group 1-542, reason: org.apache.jorphan.util.JMeterStopThreadException: End of file:/Users/lisa/Documents/tools/date/tokens.csv detected for CSV DataSet:CSV 数据文件设置 configured with stopThread:true, recycle:false
2026-10-08 17:46:34,101 INFO o.a.j.t.JMeterThread: Thread finished: jp@gc - Stepping Thread Group 1-542
2026-10-08 17:46:34,146 INFO o.a.j.t.JMeterThread: Thread started: jp@gc - Stepping Thread Group 1-543
2026-10-08 17:46:34,146 INFO o.a.j.t.JMeterThread: Stop Thread seen for thread jp@gc - Stepping Thread Group 1-543, reason: org.apache.jorphan.util.JMeterStopThreadException: End of file:/Users/lisa/Documents/tools/date/tokens.csv detected for CSV DataSet:CSV 数据文件设置 configured with stopThread:true, recycle:false
2026-10-08 17:46:34,146 INFO o.a.j.t.JMeterThread: Thread finished: jp@gc - Stepping Thread Group 1-543
2026-10-08 17:46:34,200 INFO o.a.j.t.JMeterThread: Thread started: jp@gc - Stepping Thread Group 1-544
2026-10-08 17:46:34,200 INFO o.a.j.t.JMeterThread: Stop Thread seen for thread jp@gc - Stepping Thread Group 1-544, reason: org.apache.jorphan.util.JMeterStopThreadException: End of file:/Users/lisa/Documents/tools/date/tokens.csv detected for CSV DataSet:CSV 数据文件设置 configured with stopThread:true, recycle:false
2026-10-08 17:46:34,200 INFO o.a.j.t.JMeterThread: Thread finished: jp@gc - Stepping Thread Group 1-544
2026-10-08 17:46:34,249 INFO o.a.j.t.JMeterThread: Thread started: jp@gc - Stepping Thread Group 1-545
2026-10-08 17:46:34,250 INFO o.a.j.t.JMeterThread: Stop Thread seen for thread jp@gc - Stepping Thread Group 1-545, reason: org.apache.jorphan.util.JMeterStopThreadException: End of file:/Users/lisa/Documents/tools/date/tokens.csv detected for CSV DataSet:CSV 数据文件设置 configured with stopThread:true, recycle:false
2026-10-08 17:46:34,250 INFO o.a.j.t.JMeterThread: Thread finished: jp@gc - Stepping Thread Group 1-545
2026-10-08 17:46:34,300 INFO o.a.j.t.JMeterThread: Thread started: jp@gc - Stepping Thread Group 1-546
2026-10-08 17:46:34,300 INFO o.a.j.t.JMeterThread: Stop Thread seen for thread jp@gc - Stepping Thread Group 1-546, reason: org.apache.jorphan.util.JMeterStopThreadException: End of file:/Users/lisa/Documents/tools/date/tokens.csv detected for CSV DataSet:CSV 数据文件设置 configured with stopThread:true, recycle:false
2026-10-08 17:46:34,300 INFO o.a.j.t.JMeterThread: Thread finished: jp@gc - Stepping Thread Group 1-546
2026-10-08 17:46:34,348 INFO o.a.j.t.JMeterThread: Thread started: jp@gc - Stepping Thread Group 1-547
2026-10-08 17:46:34,349 INFO o.a.j.t.JMeterThread: Stop Thread seen for thread jp@gc - Stepping Thread Group 1-547, reason: org.apache.jorphan.util.JMeterStopThreadException: End of file:/Users/lisa/Documents/tools/date/tokens.csv detected for CSV DataSet:CSV 数据文件设置 configured with stopThread:true, recycle:false
2026-10-08 17:46:34,349 INFO o.a.j.t.JMeterThread: Thread finished: jp@gc - Stepping Thread Group 1-547
2026-10-08 17:46:34,397 INFO o.a.j.t.JMeterThread: Thread started: jp@gc - Stepping Thread Group 1-548
2026-10-08 17:46:34,397 INFO o.a.j.t.JMeterThread: Stop Thread seen for thread jp@gc - Stepping Thread Group 1-548, reason: org.apache.jorphan.util.JMeterStopThreadException: End of file:/Users/lisa/Documents/tools/date/tokens.csv detected for CSV DataSet:CSV 数据文件设置 configured with stopThread:true, recycle:false
2026-10-08 17:46:34,398 INFO o.a.j.t.JMeterThread: Thread finished: jp@gc - Stepping Thread Group 1-548
2026-10-08 17:46:34,446 INFO o.a.j.t.JMeterThread: Thread started: jp@gc - Stepping Thread Group 1-549
2026-10-08 17:46:34,447 INFO o.a.j.t.JMeterThread: Stop Thread seen for thread jp@gc - Stepping Thread Group 1-549, reason: org.apache.jorphan.util.JMeterStopThreadException: End of file:/Users/lisa/Documents/tools/date/tokens.csv detected for CSV DataSet:CSV 数据文件设置 configured with stopThread:true, recycle:false
2026-10-08 17:46:34,447 INFO o.a.j.t.JMeterThread: Thread finished: jp@gc - Stepping Thread Group 1-549
2026-10-08 17:46:34,501 INFO o.a.j.t.JMeterThread: Thread started: jp@gc - Stepping Thread Group 1-550
2026-10-08 17:46:34,501 INFO o.a.j.t.JMeterThread: Stop Thread seen for thread jp@gc - Stepping Thread Group 1-550, reason: org.apache.jorphan.util.JMeterStopThreadException: End of file:/Users/lisa/Documents/tools/date/tokens.csv detected for CSV DataSet:CSV 数据文件设置 configured with stopThread:true, recycle:false
2026-10-08 17:46:34,501 INFO o.a.j.t.JMeterThread: Thread finished: jp@gc - Stepping Thread Group 1-550
2026-10-08 17:46:34,545 INFO o.a.j.t.JMeterThread: Thread started: jp@gc - Stepping Thread Group 1-551
2026-10-08 17:46:34,546 INFO o.a.j.t.JMeterThread: Stop Thread seen for thread jp@gc - Stepping Thread Group 1-551, reason: org.apache.jorphan.util.JMeterStopThreadException: End of file:/Users/lisa/Documents/tools/date/tokens.csv detected for CSV DataSet:CSV 数据文件设置 configured with stopThread:true, recycle:false
2026-10-08 17:46:34,546 INFO o.a.j.t.JMeterThread: Thread finished: jp@gc - Stepping Thread Group 1-551
2026-10-08 17:46:34,599 INFO o.a.j.t.JMeterThread: Thread started: jp@gc - Stepping Thread Group 1-552
2026-10-08 17:46:34,600 INFO o.a.j.t.JMeterThread: Stop Thread seen for thread jp@gc - Stepping Thread Group 1-552, reason: org.apache.jorphan.util.JMeterStopThreadException: End of file:/Users/lisa/Documents/tools/date/tokens.csv detected for CSV DataSet:CSV 数据文件设置 configured with stopThread:true, recycle:false
2026-10-08 17:46:34,600 INFO o.a.j.t.JMeterThread: Thread finished: jp@gc - Stepping Thread Group 1-552
2026-10-08 17:46:34,649 INFO o.a.j.t.JMeterThread: Thread started: jp@gc - Stepping Thread Group 1-553
2026-10-08 17:46:34,650 INFO o.a.j.t.JMeterThread: Stop Thread seen for thread jp@gc - Stepping Thread Group 1-553, reason: org.apache.jorphan.util.JMeterStopThreadException: End of file:/Users/lisa/Documents/tools/date/tokens.csv detected for CSV DataSet:CSV 数据文件设置 configured with stopThread:true, recycle:false
2026-10-08 17:46:34,650 INFO o.a.j.t.JMeterThread: Thread finished: jp@gc - Stepping Thread Group 1-553
2026-10-08 17:46:34,696 INFO o.a.j.t.JMeterThread: Thread started: jp@gc - Stepping Thread Group 1-554
2026-10-08 17:46:34,697 INFO o.a.j.t.JMeterThread: Stop Thread seen for thread jp@gc - Stepping Thread Group 1-554, reason: org.apache.jorphan.util.JMeterStopThreadException: End of file:/Users/lisa/Documents/tools/date/tokens.csv detected for CSV DataSet:CSV 数据文件设置 configured with stopThread:true, recycle:false
2026-10-08 17:46:34,697 INFO o.a.j.t.JMeterThread: Thread finished: jp@gc - Stepping Thread Group 1-554
2026-10-08 17:46:34,750 INFO o.a.j.t.JMeterThread: Thread started: jp@gc - Stepping Thread Group 1-555
2026-10-08 17:46:34,751 INFO o.a.j.t.JMeterThread: Stop Thread seen for thread jp@gc - Stepping Thread Group 1-555, reason: org.apache.jorphan.util.JMeterStopThreadException: End of file:/Users/lisa/Documents/tools/date/tokens.csv detected for CSV DataSet:CSV 数据文件设置 configured with stopThread:true, recycle:false
2026-10-08 17:46:34,751 INFO o.a.j.t.JMeterThread: Thread finished: jp@gc - Stepping Thread Group 1-555
2026-10-08 17:46:34,800 INFO o.a.j.t.JMeterThread: Thread started: jp@gc - Stepping Thread Group 1-556
2026-10-08 17:46:34,801 INFO o.a.j.t.JMeterThread: Stop Thread seen for thread jp@gc - Stepping Thread Group 1-556, reason: org.apache.jorphan.util.JMeterStopThreadException: End of file:/Users/lisa/Documents/tools/date/tokens.csv detected for CSV DataSet:CSV 数据文件设置 configured with stopThread:true, recycle:false
2026-10-08 17:46:34,801 INFO o.a.j.t.JMeterThread: Thread finished: jp@gc - Stepping Thread Group 1-556
2026-10-08 17:46:34,850 INFO o.a.j.t.JMeterThread: Thread started: jp@gc - Stepping Thread Group 1-557
2026-10-08 17:46:34,851 INFO o.a.j.t.JMeterThread: Stop Thread seen for thread jp@gc - Stepping Thread Group 1-557, reason: org.apache.jorphan.util.JMeterStopThreadException: End of file:/Users/lisa/Documents/tools/date/tokens.csv detected for CSV DataSet:CSV 数据文件设置 configured with stopThread:true, recycle:false
2026-10-08 17:46:34,851 INFO o.a.j.t.JMeterThread: Thread finished: jp@gc - Stepping Thread Group 1-557
2026-10-08 17:46:34,900 INFO o.a.j.t.JMeterThread: Thread started: jp@gc - Stepping Thread Group 1-558
2026-10-08 17:46:34,901 INFO o.a.j.t.JMeterThread: Stop Thread seen for thread jp@gc - Stepping Thread Group 1-558, reason: org.apache.jorphan.util.JMeterStopThreadException: End of file:/Users/lisa/Documents/tools/date/tokens.csv detected for CSV DataSet:CSV 数据文件设置 configured with stopThread:true, recycle:false
2026-10-08 17:46:34,901 INFO o.a.j.t.JMeterThread: Thread finished: jp@gc - Stepping Thread Group 1-558
2026-10-08 17:46:34,948 INFO o.a.j.t.JMeterThread: Thread started: jp@gc - Stepping Thread Group 1-559
2026-10-08 17:46:34,948 INFO o.a.j.t.JMeterThread: Stop Thread seen for thread jp@gc - Stepping Thread Group 1-559, reason: org.apache.jorphan.util.JMeterStopThreadException: End of file:/Users/lisa/Documents/tools/date/tokens.csv detected for CSV DataSet:CSV 数据文件设置 configured with stopThread:true, recycle:false
2026-10-08 17:46:34,948 INFO o.a.j.t.JMeterThread: Thread finished: jp@gc - Stepping Thread Group 1-559
2026-10-08 17:46:34,998 INFO o.a.j.t.JMeterThread: Thread started: jp@gc - Stepping Thread Group 1-560
2026-10-08 17:46:34,999 INFO o.a.j.t.JMeterThread: Stop Thread seen for thread jp@gc - Stepping Thread Group 1-560, reason: org.apache.jorphan.util.JMeterStopThreadException: End of file:/Users/lisa/Documents/tools/date/tokens.csv detected for CSV DataSet:CSV 数据文件设置 configured with stopThread:true, recycle:false
2026-10-08 17:46:34,999 INFO o.a.j.t.JMeterThread: Thread finished: jp@gc - Stepping Thread Group 1-560
2026-10-08 17:46:35,050 INFO o.a.j.t.JMeterThread: Thread started: jp@gc - Stepping Thread Group 1-561
2026-10-08 17:46:35,051 INFO o.a.j.t.JMeterThread: Stop Thread seen for thread jp@gc - Stepping Thread Group 1-561, reason: org.apache.jorphan.util.JMeterStopThreadException: End of file:/Users/lisa/Documents/tools/date/tokens.csv detected for CSV DataSet:CSV 数据文件设置 configured with stopThread:true, recycle:false
2026-10-08 17:46:35,051 INFO o.a.j.t.JMeterThread: Thread finished: jp@gc - Stepping Thread Group 1-561
2026-10-08 17:46:35,096 INFO o.a.j.t.JMeterThread: Thread started: jp@gc - Stepping Thread Group 1-562
2026-10-08 17:46:35,096 INFO o.a.j.t.JMeterThread: Stop Thread seen for thread jp@gc - Stepping Thread Group 1-562, reason: org.apache.jorphan.util.JMeterStopThreadException: End of file:/Users/lisa/Documents/tools/date/tokens.csv detected for CSV DataSet:CSV 数据文件设置 configured with stopThread:true, recycle:false
2026-10-08 17:46:35,096 INFO o.a.j.t.JMeterThread: Thread finished: jp@gc - Stepping Thread Group 1-562
2026-10-08 17:46:35,150 INFO o.a.j.t.JMeterThread: Thread started: jp@gc - Stepping Thread Group 1-563
2026-10-08 17:46:35,151 INFO o.a.j.t.JMeterThread: Stop Thread seen for thread jp@gc - Stepping Thread Group 1-563, reason: org.apache.jorphan.util.JMeterStopThreadException: End of file:/Users/lisa/Documents/tools/date/tokens.csv detected for CSV DataSet:CSV 数据文件设置 configured with stopThread:true, recycle:false
2026-10-08 17:46:35,151 INFO o.a.j.t.JMeterThread: Thread finished: jp@gc - Stepping Thread Group 1-563
2026-10-08 17:46:35,197 INFO o.a.j.t.JMeterThread: Thread started: jp@gc - Stepping Thread Group 1-564
2026-10-08 17:46:35,198 INFO o.a.j.t.JMeterThread: Stop Thread seen for thread jp@gc - Stepping Thread Group 1-564, reason: org.apache.jorphan.util.JMeterStopThreadException: End of file:/Users/lisa/Documents/tools/date/tokens.csv detected for CSV DataSet:CSV 数据文件设置 configured with stopThread:true, recycle:false
2026-10-08 17:46:35,198 INFO o.a.j.t.JMeterThread: Thread finished: jp@gc - Stepping Thread Group 1-564
2026-10-08 17:46:35,250 INFO o.a.j.t.JMeterThread: Thread started: jp@gc - Stepping Thread Group 1-565
2026-10-08 17:46:35,250 INFO o.a.j.t.JMeterThread: Stop Thread seen for thread jp@gc - Stepping Thread Group 1-565, reason: org.apache.jorphan.util.JMeterStopThreadException: End of file:/Users/lisa/Documents/tools/date/tokens.csv detected for CSV DataSet:CSV 数据文件设置 configured with stopThread:true, recycle:false
2026-10-08 17:46:35,250 INFO o.a.j.t.JMeterThread: Thread finished: jp@gc - Stepping Thread Group 1-565
2026-10-08 17:46:35,295 INFO o.a.j.t.JMeterThread: Thread started: jp@gc - Stepping Thread Group 1-566
2026-10-08 17:46:35,296 INFO o.a.j.t.JMeterThread: Stop Thread seen for thread jp@gc - Stepping Thread Group 1-566, reason: org.apache.jorphan.util.JMeterStopThreadException: End of file:/Users/lisa/Documents/tools/date/tokens.csv detected for CSV DataSet:CSV 数据文件设置 configured with stopThread:true, recycle:false
2026-10-08 17:46:35,296 INFO o.a.j.t.JMeterThread: Thread finished: jp@gc - Stepping Thread Group 1-566
2026-10-08 17:46:35,346 INFO o.a.j.t.JMeterThread: Thread started: jp@gc - Stepping Thread Group 1-567
2026-10-08 17:46:35,347 INFO o.a.j.t.JMeterThread: Stop Thread seen for thread jp@gc - Stepping Thread Group 1-567, reason: org.apache.jorphan.util.JMeterStopThreadException: End of file:/Users/lisa/Documents/tools/date/tokens.csv detected for CSV DataSet:CSV 数据文件设置 configured with stopThread:true, recycle:false
2026-10-08 17:46:35,347 INFO o.a.j.t.JMeterThread: Thread finished: jp@gc - Stepping Thread Group 1-567
2026-10-08 17:46:35,396 INFO o.a.j.t.JMeterThread: Thread started: jp@gc - Stepping Thread Group 1-568
2026-10-08 17:46:35,396 INFO o.a.j.t.JMeterThread: Stop Thread seen for thread jp@gc - Stepping Thread Group 1-568, reason: org.apache.jorphan.util.JMeterStopThreadException: End of file:/Users/lisa/Documents/tools/date/tokens.csv detected for CSV DataSet:CSV 数据文件设置 configured with stopThread:true, recycle:false
2026-10-08 17:46:35,396 INFO o.a.j.t.JMeterThread: Thread finished: jp@gc - Stepping Thread Group 1-568
2026-10-08 17:46:35,450 INFO o.a.j.t.JMeterThread: Thread started: jp@gc - Stepping Thread Group 1-569
2026-10-08 17:46:35,451 INFO o.a.j.t.JMeterThread: Stop Thread seen for thread jp@gc - Stepping Thread Group 1-569, reason: org.apache.jorphan.util.JMeterStopThreadException: End of file:/Users/lisa/Documents/tools/date/tokens.csv detected for CSV DataSet:CSV 数据文件设置 configured with stopThread:true, recycle:false
2026-10-08 17:46:35,451 INFO o.a.j.t.JMeterThread: Thread finished: jp@gc - Stepping Thread Group 1-569
2026-10-08 17:46:35,498 INFO o.a.j.t.JMeterThread: Thread started: jp@gc - Stepping Thread Group 1-570
2026-10-08 17:46:35,499 INFO o.a.j.t.JMeterThread: Stop Thread seen for thread jp@gc - Stepping Thread Group 1-570, reason: org.apache.jorphan.util.JMeterStopThreadException: End of file:/Users/lisa/Documents/tools/date/tokens.csv detected for CSV DataSet:CSV 数据文件设置 configured with stopThread:true, recycle:false
2026-10-08 17:46:35,499 INFO o.a.j.t.JMeterThread: Thread finished: jp@gc - Stepping Thread Group 1-570
2026-10-08 17:46:35,550 INFO o.a.j.t.JMeterThread: Thread started: jp@gc - Stepping Thread Group 1-571
2026-10-08 17:46:35,551 INFO o.a.j.t.JMeterThread: Stop Thread seen for thread jp@gc - Stepping Thread Group 1-571, reason: org.apache.jorphan.util.JMeterStopThreadException: End of file:/Users/lisa/Documents/tools/date/tokens.csv detected for CSV DataSet:CSV 数据文件设置 configured with stopThread:true, recycle:false
2026-10-08 17:46:35,551 INFO o.a.j.t.JMeterThread: Thread finished: jp@gc - Stepping Thread Group 1-571
2026-10-08 17:46:35,600 INFO o.a.j.t.JMeterThread: Thread started: jp@gc - Stepping Thread Group 1-572
2026-10-08 17:46:35,601 INFO o.a.j.t.JMeterThread: Stop Thread seen for thread jp@gc - Stepping Thread Group 1-572, reason: org.apache.jorphan.util.JMeterStopThreadException: End of file:/Users/lisa/Documents/tools/date/tokens.csv detected for CSV DataSet:CSV 数据文件设置 configured with stopThread:true, recycle:false
2026-10-08 17:46:35,601 INFO o.a.j.t.JMeterThread: Thread finished: jp@gc - Stepping Thread Group 1-572
2026-10-08 17:46:35,650 INFO o.a.j.t.JMeterThread: Thread started: jp@gc - Stepping Thread Group 1-573
2026-10-08 17:46:35,650 INFO o.a.j.t.JMeterThread: Stop Thread seen for thread jp@gc - Stepping Thread Group 1-573, reason: org.apache.jorphan.util.JMeterStopThreadException: End of file:/Users/lisa/Documents/tools/date/tokens.csv detected for CSV DataSet:CSV 数据文件设置 configured with stopThread:true, recycle:false
2026-10-08 17:46:35,650 INFO o.a.j.t.JMeterThread: Thread finished: jp@gc - Stepping Thread Group 1-573
2026-10-08 17:46:35,697 INFO o.a.j.t.JMeterThread: Thread started: jp@gc - Stepping Thread Group 1-574
2026-10-08 17:46:35,697 INFO o.a.j.t.JMeterThread: Stop Thread seen for thread jp@gc - Stepping Thread Group 1-574, reason: org.apache.jorphan.util.JMeterStopThreadException: End of file:/Users/lisa/Documents/tools/date/tokens.csv detected for CSV DataSet:CSV 数据文件设置 configured with stopThread:true, recycle:false
2026-10-08 17:46:35,697 INFO o.a.j.t.JMeterThread: Thread finished: jp@gc - Stepping Thread Group 1-574
2026-10-08 17:46:35,749 INFO o.a.j.t.JMeterThread: Thread started: jp@gc - Stepping Thread Group 1-575
2026-10-08 17:46:35,749 INFO o.a.j.t.JMeterThread: Stop Thread seen for thread jp@gc - Stepping Thread Group 1-575, reason: org.apache.jorphan.util.JMeterStopThreadException: End of file:/Users/lisa/Documents/tools/date/tokens.csv detected for CSV DataSet:CSV 数据文件设置 configured with stopThread:true, recycle:false
2026-10-08 17:46:35,749 INFO o.a.j.t.JMeterThread: Thread finished: jp@gc - Stepping Thread Group 1-575
2026-10-08 17:46:35,797 INFO o.a.j.t.JMeterThread: Thread started: jp@gc - Stepping Thread Group 1-576
2026-10-08 17:46:35,797 INFO o.a.j.t.JMeterThread: Stop Thread seen for thread jp@gc - Stepping Thread Group 1-576, reason: org.apache.jorphan.util.JMeterStopThreadException: End of file:/Users/lisa/Documents/tools/date/tokens.csv detected for CSV DataSet:CSV 数据文件设置 configured with stopThread:true, recycle:false
2026-10-08 17:46:35,797 INFO o.a.j.t.JMeterThread: Thread finished: jp@gc - Stepping Thread Group 1-576
2026-10-08 17:46:35,850 INFO o.a.j.t.JMeterThread: Thread started: jp@gc - Stepping Thread Group 1-577
2026-10-08 17:46:35,850 INFO o.a.j.t.JMeterThread: Stop Thread seen for thread jp@gc - Stepping Thread Group 1-577, reason: org.apache.jorphan.util.JMeterStopThreadException: End of file:/Users/lisa/Documents/tools/date/tokens.csv detected for CSV DataSet:CSV 数据文件设置 configured with stopThread:true, recycle:false
2026-10-08 17:46:35,850 INFO o.a.j.t.JMeterThread: Thread finished: jp@gc - Stepping Thread Group 1-577
2026-10-08 17:46:35,900 INFO o.a.j.t.JMeterThread: Thread started: jp@gc - Stepping Thread Group 1-578
2026-10-08 17:46:35,900 INFO o.a.j.t.JMeterThread: Stop Thread seen for thread jp@gc - Stepping Thread Group 1-578, reason: org.apache.jorphan.util.JMeterStopThreadException: End of file:/Users/lisa/Documents/tools/date/tokens.csv detected for CSV DataSet:CSV 数据文件设置 configured with stopThread:true, recycle:false
2026-10-08 17:46:35,900 INFO o.a.j.t.JMeterThread: Thread finished: jp@gc - Stepping Thread Group 1-578
2026-10-08 17:46:35,950 INFO o.a.j.t.JMeterThread: Thread started: jp@gc - Stepping Thread Group 1-579
2026-10-08 17:46:35,950 INFO o.a.j.t.JMeterThread: Stop Thread seen for thread jp@gc - Stepping Thread Group 1-579, reason: org.apache.jorphan.util.JMeterStopThreadException: End of file:/Users/lisa/Documents/tools/date/tokens.csv detected for CSV DataSet:CSV 数据文件设置 configured with stopThread:true, recycle:false
2026-10-08 17:46:35,951 INFO o.a.j.t.JMeterThread: Thread finished: jp@gc - Stepping Thread Group 1-579
2026-10-08 17:46:35,996 INFO o.a.j.t.JMeterThread: Thread started: jp@gc - Stepping Thread Group 1-580
2026-10-08 17:46:35,996 INFO o.a.j.t.JMeterThread: Stop Thread seen for thread jp@gc - Stepping Thread Group 1-580, reason: org.apache.jorphan.util.JMeterStopThreadException: End of file:/Users/lisa/Documents/tools/date/tokens.csv detected for CSV DataSet:CSV 数据文件设置 configured with stopThread:true, recycle:false
2026-10-08 17:46:35,996 INFO o.a.j.t.JMeterThread: Thread finished: jp@gc - Stepping Thread Group 1-580
2026-10-08 17:46:36,047 INFO o.a.j.t.JMeterThread: Thread started: jp@gc - Stepping Thread Group 1-581
2026-10-08 17:46:36,047 INFO o.a.j.t.JMeterThread: Stop Thread seen for thread jp@gc - Stepping Thread Group 1-581, reason: org.apache.jorphan.util.JMeterStopThreadException: End of file:/Users/lisa/Documents/tools/date/tokens.csv detected for CSV DataSet:CSV 数据文件设置 configured with stopThread:true, recycle:false
2026-10-08 17:46:36,047 INFO o.a.j.t.JMeterThread: Thread finished: jp@gc - Stepping Thread Group 1-581
2026-10-08 17:46:36,096 INFO o.a.j.t.JMeterThread: Thread started: jp@gc - Stepping Thread Group 1-582
2026-10-08 17:46:36,096 INFO o.a.j.t.JMeterThread: Stop Thread seen for thread jp@gc - Stepping Thread Group 1-582, reason: org.apache.jorphan.util.JMeterStopThreadException: End of file:/Users/lisa/Documents/tools/date/tokens.csv detected for CSV DataSet:CSV 数据文件设置 configured with stopThread:true, recycle:false
2026-10-08 17:46:36,097 INFO o.a.j.t.JMeterThread: Thread finished: jp@gc - Stepping Thread Group 1-582
2026-10-08 17:46:36,149 INFO o.a.j.t.JMeterThread: Thread started: jp@gc - Stepping Thread Group 1-583
2026-10-08 17:46:36,150 INFO o.a.j.t.JMeterThread: Stop Thread seen for thread jp@gc - Stepping Thread Group 1-583, reason: org.apache.jorphan.util.JMeterStopThreadException: End of file:/Users/lisa/Documents/tools/date/tokens.csv detected for CSV DataSet:CSV 数据文件设置 configured with stopThread:true, recycle:false
2026-10-08 17:46:36,150 INFO o.a.j.t.JMeterThread: Thread finished: jp@gc - Stepping Thread Group 1-583
2026-10-08 17:46:36,196 INFO o.a.j.t.JMeterThread: Thread started: jp@gc - Stepping Thread Group 1-584
2026-10-08 17:46:36,196 INFO o.a.j.t.JMeterThread: Stop Thread seen for thread jp@gc - Stepping Thread Group 1-584, reason: org.apache.jorphan.util.JMeterStopThreadException: End of file:/Users/lisa/Documents/tools/date/tokens.csv detected for CSV DataSet:CSV 数据文件设置 configured with stopThread:true, recycle:false
2026-10-08 17:46:36,196 INFO o.a.j.t.JMeterThread: Thread finished: jp@gc - Stepping Thread Group 1-584
2026-10-08 17:46:36,250 INFO o.a.j.t.JMeterThread: Thread started: jp@gc - Stepping Thread Group 1-585
2026-10-08 17:46:36,250 INFO o.a.j.t.JMeterThread: Stop Thread seen for thread jp@gc - Stepping Thread Group 1-585, reason: org.apache.jorphan.util.JMeterStopThreadException: End of file:/Users/lisa/Documents/tools/date/tokens.csv detected for CSV DataSet:CSV 数据文件设置 configured with stopThread:true, recycle:false
2026-10-08 17:46:36,250 INFO o.a.j.t.JMeterThread: Thread finished: jp@gc - Stepping Thread Group 1-585
2026-10-08 17:46:36,301 INFO o.a.j.t.JMeterThread: Thread started: jp@gc - Stepping Thread Group 1-586
2026-10-08 17:46:36,301 INFO o.a.j.t.JMeterThread: Stop Thread seen for thread jp@gc - Stepping Thread Group 1-586, reason: org.apache.jorphan.util.JMeterStopThreadException: End of file:/Users/lisa/Documents/tools/date/tokens.csv detected for CSV DataSet:CSV 数据文件设置 configured with stopThread:true, recycle:false
2026-10-08 17:46:36,301 INFO o.a.j.t.JMeterThread: Thread finished: jp@gc - Stepping Thread Group 1-586
2026-10-08 17:46:36,346 INFO o.a.j.t.JMeterThread: Thread started: jp@gc - Stepping Thread Group 1-587
2026-10-08 17:46:36,346 INFO o.a.j.t.JMeterThread: Stop Thread seen for thread jp@gc - Stepping Thread Group 1-587, reason: org.apache.jorphan.util.JMeterStopThreadException: End of file:/Users/lisa/Documents/tools/date/tokens.csv detected for CSV DataSet:CSV 数据文件设置 configured with stopThread:true, recycle:false
2026-10-08 17:46:36,346 INFO o.a.j.t.JMeterThread: Thread finished: jp@gc - Stepping Thread Group 1-587
2026-10-08 17:46:36,395 INFO o.a.j.t.JMeterThread: Thread started: jp@gc - Stepping Thread Group 1-588
2026-10-08 17:46:36,396 INFO o.a.j.t.JMeterThread: Stop Thread seen for thread jp@gc - Stepping Thread Group 1-588, reason: org.apache.jorphan.util.JMeterStopThreadException: End of file:/Users/lisa/Documents/tools/date/tokens.csv detected for CSV DataSet:CSV 数据文件设置 configured with stopThread:true, recycle:false
2026-10-08 17:46:36,396 INFO o.a.j.t.JMeterThread: Thread finished: jp@gc - Stepping Thread Group 1-588
2026-10-08 17:46:36,445 INFO o.a.j.t.JMeterThread: Thread started: jp@gc - Stepping Thread Group 1-589
2026-10-08 17:46:36,446 INFO o.a.j.t.JMeterThread: Stop Thread seen for thread jp@gc - Stepping Thread Group 1-589, reason: org.apache.jorphan.util.JMeterStopThreadException: End of file:/Users/lisa/Documents/tools/date/tokens.csv detected for CSV DataSet:CSV 数据文件设置 configured with stopThread:true, recycle:false
2026-10-08 17:46:36,446 INFO o.a.j.t.JMeterThread: Thread finished: jp@gc - Stepping Thread Group 1-589
2026-10-08 17:46:36,499 INFO o.a.j.t.JMeterThread: Thread started: jp@gc - Stepping Thread Group 1-590
2026-10-08 17:46:36,499 INFO o.a.j.t.JMeterThread: Stop Thread seen for thread jp@gc - Stepping Thread Group 1-590, reason: org.apache.jorphan.util.JMeterStopThreadException: End of file:/Users/lisa/Documents/tools/date/tokens.csv detected for CSV DataSet:CSV 数据文件设置 configured with stopThread:true, recycle:false
2026-10-08 17:46:36,499 INFO o.a.j.t.JMeterThread: Thread finished: jp@gc - Stepping Thread Group 1-590
2026-10-08 17:46:36,550 INFO o.a.j.t.JMeterThread: Thread started: jp@gc - Stepping Thread Group 1-591
2026-10-08 17:46:36,551 INFO o.a.j.t.JMeterThread: Stop Thread seen for thread jp@gc - Stepping Thread Group 1-591, reason: org.apache.jorphan.util.JMeterStopThreadException: End of file:/Users/lisa/Documents/tools/date/tokens.csv detected for CSV DataSet:CSV 数据文件设置 configured with stopThread:true, recycle:false
2026-10-08 17:46:36,551 INFO o.a.j.t.JMeterThread: Thread finished: jp@gc - Stepping Thread Group 1-591
2026-10-08 17:46:36,599 INFO o.a.j.t.JMeterThread: Thread started: jp@gc - Stepping Thread Group 1-592
2026-10-08 17:46:36,600 INFO o.a.j.t.JMeterThread: Stop Thread seen for thread jp@gc - Stepping Thread Group 1-592, reason: org.apache.jorphan.util.JMeterStopThreadException: End of file:/Users/lisa/Documents/tools/date/tokens.csv detected for CSV DataSet:CSV 数据文件设置 configured with stopThread:true, recycle:false
2026-10-08 17:46:36,600 INFO o.a.j.t.JMeterThread: Thread finished: jp@gc - Stepping Thread Group 1-592
2026-10-08 17:46:36,647 INFO o.a.j.t.JMeterThread: Thread started: jp@gc - Stepping Thread Group 1-593
2026-10-08 17:46:36,647 INFO o.a.j.t.JMeterThread: Stop Thread seen for thread jp@gc - Stepping Thread Group 1-593, reason: org.apache.jorphan.util.JMeterStopThreadException: End of file:/Users/lisa/Documents/tools/date/tokens.csv detected for CSV DataSet:CSV 数据文件设置 configured with stopThread:true, recycle:false
2026-10-08 17:46:36,648 INFO o.a.j.t.JMeterThread: Thread finished: jp@gc - Stepping Thread Group 1-593
2026-10-08 17:46:36,696 INFO o.a.j.t.JMeterThread: Thread started: jp@gc - Stepping Thread Group 1-594
2026-10-08 17:46:36,697 INFO o.a.j.t.JMeterThread: Stop Thread seen for thread jp@gc - Stepping Thread Group 1-594, reason: org.apache.jorphan.util.JMeterStopThreadException: End of file:/Users/lisa/Documents/tools/date/tokens.csv detected for CSV DataSet:CSV 数据文件设置 configured with stopThread:true, recycle:false
2026-10-08 17:46:36,697 INFO o.a.j.t.JMeterThread: Thread finished: jp@gc - Stepping Thread Group 1-594
2026-10-08 17:46:36,750 INFO o.a.j.t.JMeterThread: Thread started: jp@gc - Stepping Thread Group 1-595
2026-10-08 17:46:36,751 INFO o.a.j.t.JMeterThread: Stop Thread seen for thread jp@gc - Stepping Thread Group 1-595, reason: org.apache.jorphan.util.JMeterStopThreadException: End of file:/Users/lisa/Documents/tools/date/tokens.csv detected for CSV DataSet:CSV 数据文件设置 configured with stopThread:true, recycle:false
2026-10-08 17:46:36,751 INFO o.a.j.t.JMeterThread: Thread finished: jp@gc - Stepping Thread Group 1-595
2026-10-08 17:46:36,797 INFO o.a.j.t.JMeterThread: Thread started: jp@gc - Stepping Thread Group 1-596
2026-10-08 17:46:36,797 INFO o.a.j.t.JMeterThread: Stop Thread seen for thread jp@gc - Stepping Thread Group 1-596, reason: org.apache.jorphan.util.JMeterStopThreadException: End of file:/Users/lisa/Documents/tools/date/tokens.csv detected for CSV DataSet:CSV 数据文件设置 configured with stopThread:true, recycle:false
2026-10-08 17:46:36,798 INFO o.a.j.t.JMeterThread: Thread finished: jp@gc - Stepping Thread Group 1-596
2026-10-08 17:46:36,850 INFO o.a.j.t.JMeterThread: Thread started: jp@gc - Stepping Thread Group 1-597
2026-10-08 17:46:36,850 INFO o.a.j.t.JMeterThread: Stop Thread seen for thread jp@gc - Stepping Thread Group 1-597, reason: org.apache.jorphan.util.JMeterStopThreadException: End of file:/Users/lisa/Documents/tools/date/tokens.csv detected for CSV DataSet:CSV 数据文件设置 configured with stopThread:true, recycle:false
2026-10-08 17:46:36,850 INFO o.a.j.t.JMeterThread: Thread finished: jp@gc - Stepping Thread Group 1-597
2026-10-08 17:46:36,897 INFO o.a.j.t.JMeterThread: Thread started: jp@gc - Stepping Thread Group 1-598
2026-10-08 17:46:36,897 INFO o.a.j.t.JMeterThread: Stop Thread seen for thread jp@gc - Stepping Thread Group 1-598, reason: org.apache.jorphan.util.JMeterStopThreadException: End of file:/Users/lisa/Documents/tools/date/tokens.csv detected for CSV DataSet:CSV 数据文件设置 configured with stopThread:true, recycle:false
2026-10-08 17:46:36,897 INFO o.a.j.t.JMeterThread: Thread finished: jp@gc - Stepping Thread Group 1-598
2026-10-08 17:46:36,946 INFO o.a.j.t.JMeterThread: Thread started: jp@gc - Stepping Thread Group 1-599
2026-10-08 17:46:36,947 INFO o.a.j.t.JMeterThread: Stop Thread seen for thread jp@gc - Stepping Thread Group 1-599, reason: org.apache.jorphan.util.JMeterStopThreadException: End of file:/Users/lisa/Documents/tools/date/tokens.csv detected for CSV DataSet:CSV 数据文件设置 configured with stopThread:true, recycle:false
2026-10-08 17:46:36,947 INFO o.a.j.t.JMeterThread: Thread finished: jp@gc - Stepping Thread Group 1-599
2026-10-08 17:46:36,999 INFO o.a.j.t.JMeterThread: Thread started: jp@gc - Stepping Thread Group 1-600
2026-10-08 17:46:37,000 INFO o.a.j.t.JMeterThread: Stop Thread seen for thread jp@gc - Stepping Thread Group 1-600, reason: org.apache.jorphan.util.JMeterStopThreadException: End of file:/Users/lisa/Documents/tools/date/tokens.csv detected for CSV DataSet:CSV 数据文件设置 configured with stopThread:true, recycle:false
2026-10-08 17:46:37,000 INFO o.a.j.t.JMeterThread: Thread finished: jp@gc - Stepping Thread Group 1-600
2026-10-08 17:46:43,050 INFO o.a.j.t.JMeterThread: Thread started: jp@gc - Stepping Thread Group 1-601
2026-10-08 17:46:43,051 INFO o.a.j.t.JMeterThread: Stop Thread seen for thread jp@gc - Stepping Thread Group 1-601, reason: org.apache.jorphan.util.JMeterStopThreadException: End of file:/Users/lisa/Documents/tools/date/tokens.csv detected for CSV DataSet:CSV 数据文件设置 configured with stopThread:true, recycle:false
2026-10-08 17:46:43,051 INFO o.a.j.t.JMeterThread: Thread finished: jp@gc - Stepping Thread Group 1-601
2026-10-08 17:46:43,095 INFO o.a.j.t.JMeterThread: Thread started: jp@gc - Stepping Thread Group 1-602
2026-10-08 17:46:43,096 INFO o.a.j.t.JMeterThread: Stop Thread seen for thread jp@gc - Stepping Thread Group 1-602, reason: org.apache.jorphan.util.JMeterStopThreadException: End of file:/Users/lisa/Documents/tools/date/tokens.csv detected for CSV DataSet:CSV 数据文件设置 configured with stopThread:true, recycle:false
2026-10-08 17:46:43,096 INFO o.a.j.t.JMeterThread: Thread finished: jp@gc - Stepping Thread Group 1-602
2026-10-08 17:46:43,150 INFO o.a.j.t.JMeterThread: Thread started: jp@gc - Stepping Thread Group 1-603
2026-10-08 17:46:43,151 INFO o.a.j.t.JMeterThread: Stop Thread seen for thread jp@gc - Stepping Thread Group 1-603, reason: org.apache.jorphan.util.JMeterStopThreadException: End of file:/Users/lisa/Documents/tools/date/tokens.csv detected for CSV DataSet:CSV 数据文件设置 configured with stopThread:true, recycle:false
2026-10-08 17:46:43,151 INFO o.a.j.t.JMeterThread: Thread finished: jp@gc - Stepping Thread Group 1-603
2026-10-08 17:46:43,201 INFO o.a.j.t.JMeterThread: Thread started: jp@gc - Stepping Thread Group 1-604
2026-10-08 17:46:43,201 INFO o.a.j.t.JMeterThread: Stop Thread seen for thread jp@gc - Stepping Thread Group 1-604, reason: org.apache.jorphan.util.JMeterStopThreadException: End of file:/Users/lisa/Documents/tools/date/tokens.csv detected for CSV DataSet:CSV 数据文件设置 configured with stopThread:true, recycle:false
2026-10-08 17:46:43,201 INFO o.a.j.t.JMeterThread: Thread finished: jp@gc - Stepping Thread Group 1-604
2026-10-08 17:46:43,249 INFO o.a.j.t.JMeterThread: Thread started: jp@gc - Stepping Thread Group 1-605
2026-10-08 17:46:43,250 INFO o.a.j.t.JMeterThread: Stop Thread seen for thread jp@gc - Stepping Thread Group 1-605, reason: org.apache.jorphan.util.JMeterStopThreadException: End of file:/Users/lisa/Documents/tools/date/tokens.csv detected for CSV DataSet:CSV 数据文件设置 configured with stopThread:true, recycle:false
2026-10-08 17:46:43,250 INFO o.a.j.t.JMeterThread: Thread finished: jp@gc - Stepping Thread Group 1-605
2026-10-08 17:46:43,296 INFO o.a.j.t.JMeterThread: Thread started: jp@gc - Stepping Thread Group 1-606
2026-10-08 17:46:43,296 INFO o.a.j.t.JMeterThread: Stop Thread seen for thread jp@gc - Stepping Thread Group 1-606, reason: org.apache.jorphan.util.JMeterStopThreadException: End of file:/Users/lisa/Documents/tools/date/tokens.csv detected for CSV DataSet:CSV 数据文件设置 configured with stopThread:true, recycle:false
2026-10-08 17:46:43,296 INFO o.a.j.t.JMeterThread: Thread finished: jp@gc - Stepping Thread Group 1-606
2026-10-08 17:46:43,347 INFO o.a.j.t.JMeterThread: Thread started: jp@gc - Stepping Thread Group 1-607
2026-10-08 17:46:43,348 INFO o.a.j.t.JMeterThread: Stop Thread seen for thread jp@gc - Stepping Thread Group 1-607, reason: org.apache.jorphan.util.JMeterStopThreadException: End of file:/Users/lisa/Documents/tools/date/tokens.csv detected for CSV DataSet:CSV 数据文件设置 configured with stopThread:true, recycle:false
2026-10-08 17:46:43,348 INFO o.a.j.t.JMeterThread: Thread finished: jp@gc - Stepping Thread Group 1-607
2026-10-08 17:46:43,397 INFO o.a.j.t.JMeterThread: Thread started: jp@gc - Stepping Thread Group 1-608
2026-10-08 17:46:43,398 INFO o.a.j.t.JMeterThread: Stop Thread seen for thread jp@gc - Stepping Thread Group 1-608, reason: org.apache.jorphan.util.JMeterStopThreadException: End of file:/Users/lisa/Documents/tools/date/tokens.csv detected for CSV DataSet:CSV 数据文件设置 configured with stopThread:true, recycle:false
2026-10-08 17:46:43,398 INFO o.a.j.t.JMeterThread: Thread finished: jp@gc - Stepping Thread Group 1-608
2026-10-08 17:46:43,449 INFO o.a.j.t.JMeterThread: Thread started: jp@gc - Stepping Thread Group 1-609
2026-10-08 17:46:43,449 INFO o.a.j.t.JMeterThread: Stop Thread seen for thread jp@gc - Stepping Thread Group 1-609, reason: org.apache.jorphan.util.JMeterStopThreadException: End of file:/Users/lisa/Documents/tools/date/tokens.csv detected for CSV DataSet:CSV 数据文件设置 configured with stopThread:true, recycle:false
2026-10-08 17:46:43,450 INFO o.a.j.t.JMeterThread: Thread finished: jp@gc - Stepping Thread Group 1-609
2026-10-08 17:46:43,496 INFO o.a.j.t.JMeterThread: Thread started: jp@gc - Stepping Thread Group 1-610
2026-10-08 17:46:43,497 INFO o.a.j.t.JMeterThread: Stop Thread seen for thread jp@gc - Stepping Thread Group 1-610, reason: org.apache.jorphan.util.JMeterStopThreadException: End of file:/Users/lisa/Documents/tools/date/tokens.csv detected for CSV DataSet:CSV 数据文件设置 configured with stopThread:true, recycle:false
2026-10-08 17:46:43,497 INFO o.a.j.t.JMeterThread: Thread finished: jp@gc - Stepping Thread Group 1-610
2026-10-08 17:46:43,550 INFO o.a.j.t.JMeterThread: Thread started: jp@gc - Stepping Thread Group 1-611
2026-10-08 17:46:43,551 INFO o.a.j.t.JMeterThread: Stop Thread seen for thread jp@gc - Stepping Thread Group 1-611, reason: org.apache.jorphan.util.JMeterStopThreadException: End of file:/Users/lisa/Documents/tools/date/tokens.csv detected for CSV DataSet:CSV 数据文件设置 configured with stopThread:true, recycle:false
2026-10-08 17:46:43,551 INFO o.a.j.t.JMeterThread: Thread finished: jp@gc - Stepping Thread Group 1-611
2026-10-08 17:46:43,596 INFO o.a.j.t.JMeterThread: Thread started: jp@gc - Stepping Thread Group 1-612
2026-10-08 17:46:43,596 INFO o.a.j.t.JMeterThread: Stop Thread seen for thread jp@gc - Stepping Thread Group 1-612, reason: org.apache.jorphan.util.JMeterStopThreadException: End of file:/Users/lisa/Documents/tools/date/tokens.csv detected for CSV DataSet:CSV 数据文件设置 configured with stopThread:true, recycle:false
2026-10-08 17:46:43,597 INFO o.a.j.t.JMeterThread: Thread finished: jp@gc - Stepping Thread Group 1-612
2026-10-08 17:46:43,649 INFO o.a.j.t.JMeterThread: Thread started: jp@gc - Stepping Thread Group 1-613
2026-10-08 17:46:43,650 INFO o.a.j.t.JMeterThread: Stop Thread seen for thread jp@gc - Stepping Thread Group 1-613, reason: org.apache.jorphan.util.JMeterStopThreadException: End of file:/Users/lisa/Documents/tools/date/tokens.csv detected for CSV DataSet:CSV 数据文件设置 configured with stopThread:true, recycle:false
2026-10-08 17:46:43,650 INFO o.a.j.t.JMeterThread: Thread finished: jp@gc - Stepping Thread Group 1-613
2026-10-08 17:46:43,700 INFO o.a.j.t.JMeterThread: Thread started: jp@gc - Stepping Thread Group 1-614
2026-10-08 17:46:43,701 INFO o.a.j.t.JMeterThread: Stop Thread seen for thread jp@gc - Stepping Thread Group 1-614, reason: org.apache.jorphan.util.JMeterStopThreadException: End of file:/Users/lisa/Documents/tools/date/tokens.csv detected for CSV DataSet:CSV 数据文件设置 configured with stopThread:true, recycle:false
2026-10-08 17:46:43,701 INFO o.a.j.t.JMeterThread: Thread finished: jp@gc - Stepping Thread Group 1-614
2026-10-08 17:46:43,749 INFO o.a.j.t.JMeterThread: Thread started: jp@gc - Stepping Thread Group 1-615
2026-10-08 17:46:43,749 INFO o.a.j.t.JMeterThread: Stop Thread seen for thread jp@gc - Stepping Thread Group 1-615, reason: org.apache.jorphan.util.JMeterStopThreadException: End of file:/Users/lisa/Documents/tools/date/tokens.csv detected for CSV DataSet:CSV 数据文件设置 configured with stopThread:true, recycle:false
2026-10-08 17:46:43,749 INFO o.a.j.t.JMeterThread: Thread finished: jp@gc - Stepping Thread Group 1-615
2026-10-08 17:46:43,800 INFO o.a.j.t.JMeterThread: Thread started: jp@gc - Stepping Thread Group 1-616
2026-10-08 17:46:43,801 INFO o.a.j.t.JMeterThread: Stop Thread seen for thread jp@gc - Stepping Thread Group 1-616, reason: org.apache.jorphan.util.JMeterStopThreadException: End of file:/Users/lisa/Documents/tools/date/tokens.csv detected for CSV DataSet:CSV 数据文件设置 configured with stopThread:true, recycle:false
2026-10-08 17:46:43,801 INFO o.a.j.t.JMeterThread: Thread finished: jp@gc - Stepping Thread Group 1-616
2026-10-08 17:46:43,845 INFO o.a.j.t.JMeterThread: Thread started: jp@gc - Stepping Thread Group 1-617
2026-10-08 17:46:43,846 INFO o.a.j.t.JMeterThread: Stop Thread seen for thread jp@gc - Stepping Thread Group 1-617, reason: org.apache.jorphan.util.JMeterStopThreadException: End of file:/Users/lisa/Documents/tools/date/tokens.csv detected for CSV DataSet:CSV 数据文件设置 configured with stopThread:true, recycle:false
2026-10-08 17:46:43,846 INFO o.a.j.t.JMeterThread: Thread finished: jp@gc - Stepping Thread Group 1-617
2026-10-08 17:46:43,900 INFO o.a.j.t.JMeterThread: Thread started: jp@gc - Stepping Thread Group 1-618
2026-10-08 17:46:43,901 INFO o.a.j.t.JMeterThread: Stop Thread seen for thread jp@gc - Stepping Thread Group 1-618, reason: org.apache.jorphan.util.JMeterStopThreadException: End of file:/Users/lisa/Documents/tools/date/tokens.csv detected for CSV DataSet:CSV 数据文件设置 configured with stopThread:true, recycle:false
2026-10-08 17:46:43,901 INFO o.a.j.t.JMeterThread: Thread finished: jp@gc - Stepping Thread Group 1-618
2026-10-08 17:46:43,945 INFO o.a.j.t.JMeterThread: Thread started: jp@gc - Stepping Thread Group 1-619
2026-10-08 17:46:43,946 INFO o.a.j.t.JMeterThread: Stop Thread seen for thread jp@gc - Stepping Thread Group 1-619, reason: org.apache.jorphan.util.JMeterStopThreadException: End of file:/Users/lisa/Documents/tools/date/tokens.csv detected for CSV DataSet:CSV 数据文件设置 configured with stopThread:true, recycle:false
2026-10-08 17:46:43,946 INFO o.a.j.t.JMeterThread: Thread finished: jp@gc - Stepping Thread Group 1-619
2026-10-08 17:46:43,999 INFO o.a.j.t.JMeterThread: Thread started: jp@gc - Stepping Thread Group 1-620
2026-10-08 17:46:44,000 INFO o.a.j.t.JMeterThread: Stop Thread seen for thread jp@gc - Stepping Thread Group 1-620, reason: org.apache.jorphan.util.JMeterStopThreadException: End of file:/Users/lisa/Documents/tools/date/tokens.csv detected for CSV DataSet:CSV 数据文件设置 configured with stopThread:true, recycle:false
2026-10-08 17:46:44,000 INFO o.a.j.t.JMeterThread: Thread finished: jp@gc - Stepping Thread Group 1-620
2026-10-08 17:46:44,050 INFO o.a.j.t.JMeterThread: Thread started: jp@gc - Stepping Thread Group 1-621
2026-10-08 17:46:44,050 INFO o.a.j.t.JMeterThread: Stop Thread seen for thread jp@gc - Stepping Thread Group 1-621, reason: org.apache.jorphan.util.JMeterStopThreadException: End of file:/Users/lisa/Documents/tools/date/tokens.csv detected for CSV DataSet:CSV 数据文件设置 configured with stopThread:true, recycle:false
2026-10-08 17:46:44,051 INFO o.a.j.t.JMeterThread: Thread finished: jp@gc - Stepping Thread Group 1-621
2026-10-08 17:46:44,100 INFO o.a.j.t.JMeterThread: Thread started: jp@gc - Stepping Thread Group 1-622
2026-10-08 17:46:44,101 INFO o.a.j.t.JMeterThread: Stop Thread seen for thread jp@gc - Stepping Thread Group 1-622, reason: org.apache.jorphan.util.JMeterStopThreadException: End of file:/Users/lisa/Documents/tools/date/tokens.csv detected for CSV DataSet:CSV 数据文件设置 configured with stopThread:true, recycle:false
2026-10-08 17:46:44,101 INFO o.a.j.t.JMeterThread: Thread finished: jp@gc - Stepping Thread Group 1-622
2026-10-08 17:46:44,147 INFO o.a.j.t.JMeterThread: Thread started: jp@gc - Stepping Thread Group 1-623
2026-10-08 17:46:44,148 INFO o.a.j.t.JMeterThread: Stop Thread seen for thread jp@gc - Stepping Thread Group 1-623, reason: org.apache.jorphan.util.JMeterStopThreadException: End of file:/Users/lisa/Documents/tools/date/tokens.csv detected for CSV DataSet:CSV 数据文件设置 configured with stopThread:true, recycle:false
2026-10-08 17:46:44,148 INFO o.a.j.t.JMeterThread: Thread finished: jp@gc - Stepping Thread Group 1-623
2026-10-08 17:46:44,198 INFO o.a.j.t.JMeterThread: Thread started: jp@gc - Stepping Thread Group 1-624
2026-10-08 17:46:44,198 INFO o.a.j.t.JMeterThread: Stop Thread seen for thread jp@gc - Stepping Thread Group 1-624, reason: org.apache.jorphan.util.JMeterStopThreadException: End of file:/Users/lisa/Documents/tools/date/tokens.csv detected for CSV DataSet:CSV 数据文件设置 configured with stopThread:true, recycle:false
2026-10-08 17:46:44,198 INFO o.a.j.t.JMeterThread: Thread finished: jp@gc - Stepping Thread Group 1-624
2026-10-08 17:46:44,247 INFO o.a.j.t.JMeterThread: Thread started: jp@gc - Stepping Thread Group 1-625
2026-10-08 17:46:44,247 INFO o.a.j.t.JMeterThread: Stop Thread seen for thread jp@gc - Stepping Thread Group 1-625, reason: org.apache.jorphan.util.JMeterStopThreadException: End of file:/Users/lisa/Documents/tools/date/tokens.csv detected for CSV DataSet:CSV 数据文件设置 configured with stopThread:true, recycle:false
2026-10-08 17:46:44,247 INFO o.a.j.t.JMeterThread: Thread finished: jp@gc - Stepping Thread Group 1-625
2026-10-08 17:46:44,296 INFO o.a.j.t.JMeterThread: Thread started: jp@gc - Stepping Thread Group 1-626
2026-10-08 17:46:44,296 INFO o.a.j.t.JMeterThread: Stop Thread seen for thread jp@gc - Stepping Thread Group 1-626, reason: org.apache.jorphan.util.JMeterStopThreadException: End of file:/Users/lisa/Documents/tools/date/tokens.csv detected for CSV DataSet:CSV 数据文件设置 configured with stopThread:true, recycle:false
2026-10-08 17:46:44,296 INFO o.a.j.t.JMeterThread: Thread finished: jp@gc - Stepping Thread Group 1-626
2026-10-08 17:46:44,350 INFO o.a.j.t.JMeterThread: Thread started: jp@gc - Stepping Thread Group 1-627
2026-10-08 17:46:44,351 INFO o.a.j.t.JMeterThread: Stop Thread seen for thread jp@gc - Stepping Thread Group 1-627, reason: org.apache.jorphan.util.JMeterStopThreadException: End of file:/Users/lisa/Documents/tools/date/tokens.csv detected for CSV DataSet:CSV 数据文件设置 configured with stopThread:true, recycle:false
2026-10-08 17:46:44,351 INFO o.a.j.t.JMeterThread: Thread finished: jp@gc - Stepping Thread Group 1-627
2026-10-08 17:46:44,396 INFO o.a.j.t.JMeterThread: Thread started: jp@gc - Stepping Thread Group 1-628
2026-10-08 17:46:44,396 INFO o.a.j.t.JMeterThread: Stop Thread seen for thread jp@gc - Stepping Thread Group 1-628, reason: org.apache.jorphan.util.JMeterStopThreadException: End of file:/Users/lisa/Documents/tools/date/tokens.csv detected for CSV DataSet:CSV 数据文件设置 configured with stopThread:true, recycle:false
2026-10-08 17:46:44,396 INFO o.a.j.t.JMeterThread: Thread finished: jp@gc - Stepping Thread Group 1-628
2026-10-08 17:46:44,449 INFO o.a.j.t.JMeterThread: Thread started: jp@gc - Stepping Thread Group 1-629
2026-10-08 17:46:44,449 INFO o.a.j.t.JMeterThread: Stop Thread seen for thread jp@gc - Stepping Thread Group 1-629, reason: org.apache.jorphan.util.JMeterStopThreadException: End of file:/Users/lisa/Documents/tools/date/tokens.csv detected for CSV DataSet:CSV 数据文件设置 configured with stopThread:true, recycle:false
2026-10-08 17:46:44,449 INFO o.a.j.t.JMeterThread: Thread finished: jp@gc - Stepping Thread Group 1-629
2026-10-08 17:46:44,500 INFO o.a.j.t.JMeterThread: Thread started: jp@gc - Stepping Thread Group 1-630
2026-10-08 17:46:44,501 INFO o.a.j.t.JMeterThread: Stop Thread seen for thread jp@gc - Stepping Thread Group 1-630, reason: org.apache.jorphan.util.JMeterStopThreadException: End of file:/Users/lisa/Documents/tools/date/tokens.csv detected for CSV DataSet:CSV 数据文件设置 configured with stopThread:true, recycle:false
2026-10-08 17:46:44,501 INFO o.a.j.t.JMeterThread: Thread finished: jp@gc - Stepping Thread Group 1-630
2026-10-08 17:46:44,549 INFO o.a.j.t.JMeterThread: Thread started: jp@gc - Stepping Thread Group 1-631
2026-10-08 17:46:44,550 INFO o.a.j.t.JMeterThread: Stop Thread seen for thread jp@gc - Stepping Thread Group 1-631, reason: org.apache.jorphan.util.JMeterStopThreadException: End of file:/Users/lisa/Documents/tools/date/tokens.csv detected for CSV DataSet:CSV 数据文件设置 configured with stopThread:true, recycle:false
2026-10-08 17:46:44,550 INFO o.a.j.t.JMeterThread: Thread finished: jp@gc - Stepping Thread Group 1-631
2026-10-08 17:46:44,600 INFO o.a.j.t.JMeterThread: Thread started: jp@gc - Stepping Thread Group 1-632
2026-10-08 17:46:44,601 INFO o.a.j.t.JMeterThread: Stop Thread seen for thread jp@gc - Stepping Thread Group 1-632, reason: org.apache.jorphan.util.JMeterStopThreadException: End of file:/Users/lisa/Documents/tools/date/tokens.csv detected for CSV DataSet:CSV 数据文件设置 configured with stopThread:true, recycle:false
2026-10-08 17:46:44,601 INFO o.a.j.t.JMeterThread: Thread finished: jp@gc - Stepping Thread Group 1-632
2026-10-08 17:46:44,650 INFO o.a.j.t.JMeterThread: Thread started: jp@gc - Stepping Thread Group 1-633
2026-10-08 17:46:44,650 INFO o.a.j.t.JMeterThread: Stop Thread seen for thread jp@gc - Stepping Thread Group 1-633, reason: org.apache.jorphan.util.JMeterStopThreadException: End of file:/Users/lisa/Documents/tools/date/tokens.csv detected for CSV DataSet:CSV 数据文件设置 configured with stopThread:true, recycle:false
2026-10-08 17:46:44,650 INFO o.a.j.t.JMeterThread: Thread finished: jp@gc - Stepping Thread Group 1-633
2026-10-08 17:46:44,700 INFO o.a.j.t.JMeterThread: Thread started: jp@gc - Stepping Thread Group 1-634
2026-10-08 17:46:44,701 INFO o.a.j.t.JMeterThread: Stop Thread seen for thread jp@gc - Stepping Thread Group 1-634, reason: org.apache.jorphan.util.JMeterStopThreadException: End of file:/Users/lisa/Documents/tools/date/tokens.csv detected for CSV DataSet:CSV 数据文件设置 configured with stopThread:true, recycle:false
2026-10-08 17:46:44,701 INFO o.a.j.t.JMeterThread: Thread finished: jp@gc - Stepping Thread Group 1-634
2026-10-08 17:46:44,750 INFO o.a.j.t.JMeterThread: Thread started: jp@gc - Stepping Thread Group 1-635
2026-10-08 17:46:44,751 INFO o.a.j.t.JMeterThread: Stop Thread seen for thread jp@gc - Stepping Thread Group 1-635, reason: org.apache.jorphan.util.JMeterStopThreadException: End of file:/Users/lisa/Documents/tools/date/tokens.csv detected for CSV DataSet:CSV 数据文件设置 configured with stopThread:true, recycle:false
2026-10-08 17:46:44,751 INFO o.a.j.t.JMeterThread: Thread finished: jp@gc - Stepping Thread Group 1-635
2026-10-08 17:46:44,798 INFO o.a.j.t.JMeterThread: Thread started: jp@gc - Stepping Thread Group 1-636
2026-10-08 17:46:44,798 INFO o.a.j.t.JMeterThread: Stop Thread seen for thread jp@gc - Stepping Thread Group 1-636, reason: org.apache.jorphan.util.JMeterStopThreadException: End of file:/Users/lisa/Documents/tools/date/tokens.csv detected for CSV DataSet:CSV 数据文件设置 configured with stopThread:true, recycle:false
2026-10-08 17:46:44,798 INFO o.a.j.t.JMeterThread: Thread finished: jp@gc - Stepping Thread Group 1-636
2026-10-08 17:46:44,849 INFO o.a.j.t.JMeterThread: Thread started: jp@gc - Stepping Thread Group 1-637
2026-10-08 17:46:44,850 INFO o.a.j.t.JMeterThread: Stop Thread seen for thread jp@gc - Stepping Thread Group 1-637, reason: org.apache.jorphan.util.JMeterStopThreadException: End of file:/Users/lisa/Documents/tools/date/tokens.csv detected for CSV DataSet:CSV 数据文件设置 configured with stopThread:true, recycle:false
2026-10-08 17:46:44,850 INFO o.a.j.t.JMeterThread: Thread finished: jp@gc - Stepping Thread Group 1-637
2026-10-08 17:46:44,901 INFO o.a.j.t.JMeterThread: Thread started: jp@gc - Stepping Thread Group 1-638
2026-10-08 17:46:44,901 INFO o.a.j.t.JMeterThread: Stop Thread seen for thread jp@gc - Stepping Thread Group 1-638, reason: org.apache.jorphan.util.JMeterStopThreadException: End of file:/Users/lisa/Documents/tools/date/tokens.csv detected for CSV DataSet:CSV 数据文件设置 configured with stopThread:true, recycle:false
2026-10-08 17:46:44,901 INFO o.a.j.t.JMeterThread: Thread finished: jp@gc - Stepping Thread Group 1-638
2026-10-08 17:46:44,948 INFO o.a.j.t.JMeterThread: Thread started: jp@gc - Stepping Thread Group 1-639
2026-10-08 17:46:44,948 INFO o.a.j.t.JMeterThread: Stop Thread seen for thread jp@gc - Stepping Thread Group 1-639, reason: org.apache.jorphan.util.JMeterStopThreadException: End of file:/Users/lisa/Documents/tools/date/tokens.csv detected for CSV DataSet:CSV 数据文件设置 configured with stopThread:true, recycle:false
2026-10-08 17:46:44,948 INFO o.a.j.t.JMeterThread: Thread finished: jp@gc - Stepping Thread Group 1-639
2026-10-08 17:46:45,000 INFO o.a.j.t.JMeterThread: Thread started: jp@gc - Stepping Thread Group 1-640
2026-10-08 17:46:45,000 INFO o.a.j.t.JMeterThread: Stop Thread seen for thread jp@gc - Stepping Thread Group 1-640, reason: org.apache.jorphan.util.JMeterStopThreadException: End of file:/Users/lisa/Documents/tools/date/tokens.csv detected for CSV DataSet:CSV 数据文件设置 configured with stopThread:true, recycle:false
2026-10-08 17:46:45,000 INFO o.a.j.t.JMeterThread: Thread finished: jp@gc - Stepping Thread Group 1-640
2026-10-08 17:46:45,045 INFO o.a.j.t.JMeterThread: Thread started: jp@gc - Stepping Thread Group 1-641
2026-10-08 17:46:45,046 INFO o.a.j.t.JMeterThread: Stop Thread seen for thread jp@gc - Stepping Thread Group 1-641, reason: org.apache.jorphan.util.JMeterStopThreadException: End of file:/Users/lisa/Documents/tools/date/tokens.csv detected for CSV DataSet:CSV 数据文件设置 configured with stopThread:true, recycle:false
2026-10-08 17:46:45,046 INFO o.a.j.t.JMeterThread: Thread finished: jp@gc - Stepping Thread Group 1-641
2026-10-08 17:46:45,100 INFO o.a.j.t.JMeterThread: Thread started: jp@gc - Stepping Thread Group 1-642
2026-10-08 17:46:45,100 INFO o.a.j.t.JMeterThread: Stop Thread seen for thread jp@gc - Stepping Thread Group 1-642, reason: org.apache.jorphan.util.JMeterStopThreadException: End of file:/Users/lisa/Documents/tools/date/tokens.csv detected for CSV DataSet:CSV 数据文件设置 configured with stopThread:true, recycle:false
2026-10-08 17:46:45,100 INFO o.a.j.t.JMeterThread: Thread finished: jp@gc - Stepping Thread Group 1-642
2026-10-08 17:46:45,150 INFO o.a.j.t.JMeterThread: Thread started: jp@gc - Stepping Thread Group 1-643
2026-10-08 17:46:45,150 INFO o.a.j.t.JMeterThread: Stop Thread seen for thread jp@gc - Stepping Thread Group 1-643, reason: org.apache.jorphan.util.JMeterStopThreadException: End of file:/Users/lisa/Documents/tools/date/tokens.csv detected for CSV DataSet:CSV 数据文件设置 configured with stopThread:true, recycle:false
2026-10-08 17:46:45,151 INFO o.a.j.t.JMeterThread: Thread finished: jp@gc - Stepping Thread Group 1-643
2026-10-08 17:46:45,198 INFO o.a.j.t.JMeterThread: Thread started: jp@gc - Stepping Thread Group 1-644
2026-10-08 17:46:45,198 INFO o.a.j.t.JMeterThread: Stop Thread seen for thread jp@gc - Stepping Thread Group 1-644, reason: org.apache.jorphan.util.JMeterStopThreadException: End of file:/Users/lisa/Documents/tools/date/tokens.csv detected for CSV DataSet:CSV 数据文件设置 configured with stopThread:true, recycle:false
2026-10-08 17:46:45,198 INFO o.a.j.t.JMeterThread: Thread finished: jp@gc - Stepping Thread Group 1-644
2026-10-08 17:46:45,250 INFO o.a.j.t.JMeterThread: Thread started: jp@gc - Stepping Thread Group 1-645
2026-10-08 17:46:45,251 INFO o.a.j.t.JMeterThread: Stop Thread seen for thread jp@gc - Stepping Thread Group 1-645, reason: org.apache.jorphan.util.JMeterStopThreadException: End of file:/Users/lisa/Documents/tools/date/tokens.csv detected for CSV DataSet:CSV 数据文件设置 configured with stopThread:true, recycle:false
2026-10-08 17:46:45,251 INFO o.a.j.t.JMeterThread: Thread finished: jp@gc - Stepping Thread Group 1-645
2026-10-08 17:46:45,299 INFO o.a.j.t.JMeterThread: Thread started: jp@gc - Stepping Thread Group 1-646
2026-10-08 17:46:45,300 INFO o.a.j.t.JMeterThread: Stop Thread seen for thread jp@gc - Stepping Thread Group 1-646, reason: org.apache.jorphan.util.JMeterStopThreadException: End of file:/Users/lisa/Documents/tools/date/tokens.csv detected for CSV DataSet:CSV 数据文件设置 configured with stopThread:true, recycle:false
2026-10-08 17:46:45,300 INFO o.a.j.t.JMeterThread: Thread finished: jp@gc - Stepping Thread Group 1-646
2026-10-08 17:46:45,351 INFO o.a.j.t.JMeterThread: Thread started: jp@gc - Stepping Thread Group 1-647
2026-10-08 17:46:45,351 INFO o.a.j.t.JMeterThread: Stop Thread seen for thread jp@gc - Stepping Thread Group 1-647, reason: org.apache.jorphan.util.JMeterStopThreadException: End of file:/Users/lisa/Documents/tools/date/tokens.csv detected for CSV DataSet:CSV 数据文件设置 configured with stopThread:true, recycle:false
2026-10-08 17:46:45,351 INFO o.a.j.t.JMeterThread: Thread finished: jp@gc - Stepping Thread Group 1-647
2026-10-08 17:46:45,399 INFO o.a.j.t.JMeterThread: Thread started: jp@gc - Stepping Thread Group 1-648
2026-10-08 17:46:45,400 INFO o.a.j.t.JMeterThread: Stop Thread seen for thread jp@gc - Stepping Thread Group 1-648, reason: org.apache.jorphan.util.JMeterStopThreadException: End of file:/Users/lisa/Documents/tools/date/tokens.csv detected for CSV DataSet:CSV 数据文件设置 configured with stopThread:true, recycle:false
2026-10-08 17:46:45,400 INFO o.a.j.t.JMeterThread: Thread finished: jp@gc - Stepping Thread Group 1-648
2026-10-08 17:46:45,446 INFO o.a.j.t.JMeterThread: Thread started: jp@gc - Stepping Thread Group 1-649
2026-10-08 17:46:45,447 INFO o.a.j.t.JMeterThread: Stop Thread seen for thread jp@gc - Stepping Thread Group 1-649, reason: org.apache.jorphan.util.JMeterStopThreadException: End of file:/Users/lisa/Documents/tools/date/tokens.csv detected for CSV DataSet:CSV 数据文件设置 configured with stopThread:true, recycle:false
2026-10-08 17:46:45,447 INFO o.a.j.t.JMeterThread: Thread finished: jp@gc - Stepping Thread Group 1-649
2026-10-08 17:46:45,496 INFO o.a.j.t.JMeterThread: Thread started: jp@gc - Stepping Thread Group 1-650
2026-10-08 17:46:45,496 INFO o.a.j.t.JMeterThread: Stop Thread seen for thread jp@gc - Stepping Thread Group 1-650, reason: org.apache.jorphan.util.JMeterStopThreadException: End of file:/Users/lisa/Documents/tools/date/tokens.csv detected for CSV DataSet:CSV 数据文件设置 configured with stopThread:true, recycle:false
2026-10-08 17:46:45,496 INFO o.a.j.t.JMeterThread: Thread finished: jp@gc - Stepping Thread Group 1-650
2026-10-08 17:46:45,551 INFO o.a.j.t.JMeterThread: Thread started: jp@gc - Stepping Thread Group 1-651
2026-10-08 17:46:45,551 INFO o.a.j.t.JMeterThread: Stop Thread seen for thread jp@gc - Stepping Thread Group 1-651, reason: org.apache.jorphan.util.JMeterStopThreadException: End of file:/Users/lisa/Documents/tools/date/tokens.csv detected for CSV DataSet:CSV 数据文件设置 configured with stopThread:true, recycle:false
2026-10-08 17:46:45,551 INFO o.a.j.t.JMeterThread: Thread finished: jp@gc - Stepping Thread Group 1-651
2026-10-08 17:46:45,598 INFO o.a.j.t.JMeterThread: Thread started: jp@gc - Stepping Thread Group 1-652
2026-10-08 17:46:45,599 INFO o.a.j.t.JMeterThread: Stop Thread seen for thread jp@gc - Stepping Thread Group 1-652, reason: org.apache.jorphan.util.JMeterStopThreadException: End of file:/Users/lisa/Documents/tools/date/tokens.csv detected for CSV DataSet:CSV 数据文件设置 configured with stopThread:true, recycle:false
2026-10-08 17:46:45,599 INFO o.a.j.t.JMeterThread: Thread finished: jp@gc - Stepping Thread Group 1-652
2026-10-08 17:46:45,650 INFO o.a.j.t.JMeterThread: Thread started: jp@gc - Stepping Thread Group 1-653
2026-10-08 17:46:45,650 INFO o.a.j.t.JMeterThread: Stop Thread seen for thread jp@gc - Stepping Thread Group 1-653, reason: org.apache.jorphan.util.JMeterStopThreadException: End of file:/Users/lisa/Documents/tools/date/tokens.csv detected for CSV DataSet:CSV 数据文件设置 configured with stopThread:true, recycle:false
2026-10-08 17:46:45,650 INFO o.a.j.t.JMeterThread: Thread finished: jp@gc - Stepping Thread Group 1-653
2026-10-08 17:46:45,700 INFO o.a.j.t.JMeterThread: Thread started: jp@gc - Stepping Thread Group 1-654
2026-10-08 17:46:45,700 INFO o.a.j.t.JMeterThread: Stop Thread seen for thread jp@gc - Stepping Thread Group 1-654, reason: org.apache.jorphan.util.JMeterStopThreadException: End of file:/Users/lisa/Documents/tools/date/tokens.csv detected for CSV DataSet:CSV 数据文件设置 configured with stopThread:true, recycle:false
2026-10-08 17:46:45,700 INFO o.a.j.t.JMeterThread: Thread finished: jp@gc - Stepping Thread Group 1-654
2026-10-08 17:46:45,748 INFO o.a.j.t.JMeterThread: Thread started: jp@gc - Stepping Thread Group 1-655
2026-10-08 17:46:45,748 INFO o.a.j.t.JMeterThread: Stop Thread seen for thread jp@gc - Stepping Thread Group 1-655, reason: org.apache.jorphan.util.JMeterStopThreadException: End of file:/Users/lisa/Documents/tools/date/tokens.csv detected for CSV DataSet:CSV 数据文件设置 configured with stopThread:true, recycle:false
2026-10-08 17:46:45,748 INFO o.a.j.t.JMeterThread: Thread finished: jp@gc - Stepping Thread Group 1-655
2026-10-08 17:46:45,799 INFO o.a.j.t.JMeterThread: Thread started: jp@gc - Stepping Thread Group 1-656
2026-10-08 17:46:45,800 INFO o.a.j.t.JMeterThread: Stop Thread seen for thread jp@gc - Stepping Thread Group 1-656, reason: org.apache.jorphan.util.JMeterStopThreadException: End of file:/Users/lisa/Documents/tools/date/tokens.csv detected for CSV DataSet:CSV 数据文件设置 configured with stopThread:true, recycle:false
2026-10-08 17:46:45,800 INFO o.a.j.t.JMeterThread: Thread finished: jp@gc - Stepping Thread Group 1-656
2026-10-08 17:46:45,850 INFO o.a.j.t.JMeterThread: Thread started: jp@gc - Stepping Thread Group 1-657
2026-10-08 17:46:45,851 INFO o.a.j.t.JMeterThread: Stop Thread seen for thread jp@gc - Stepping Thread Group 1-657, reason: org.apache.jorphan.util.JMeterStopThreadException: End of file:/Users/lisa/Documents/tools/date/tokens.csv detected for CSV DataSet:CSV 数据文件设置 configured with stopThread:true, recycle:false
2026-10-08 17:46:45,851 INFO o.a.j.t.JMeterThread: Thread finished: jp@gc - Stepping Thread Group 1-657
2026-10-08 17:46:45,896 INFO o.a.j.t.JMeterThread: Thread started: jp@gc - Stepping Thread Group 1-658
2026-10-08 17:46:45,896 INFO o.a.j.t.JMeterThread: Stop Thread seen for thread jp@gc - Stepping Thread Group 1-658, reason: org.apache.jorphan.util.JMeterStopThreadException: End of file:/Users/lisa/Documents/tools/date/tokens.csv detected for CSV DataSet:CSV 数据文件设置 configured with stopThread:true, recycle:false
2026-10-08 17:46:45,896 INFO o.a.j.t.JMeterThread: Thread finished: jp@gc - Stepping Thread Group 1-658
2026-10-08 17:46:45,946 INFO o.a.j.t.JMeterThread: Thread started: jp@gc - Stepping Thread Group 1-659
2026-10-08 17:46:45,947 INFO o.a.j.t.JMeterThread: Stop Thread seen for thread jp@gc - Stepping Thread Group 1-659, reason: org.apache.jorphan.util.JMeterStopThreadException: End of file:/Users/lisa/Documents/tools/date/tokens.csv detected for CSV DataSet:CSV 数据文件设置 configured with stopThread:true, recycle:false
2026-10-08 17:46:45,947 INFO o.a.j.t.JMeterThread: Thread finished: jp@gc - Stepping Thread Group 1-659
2026-10-08 17:46:46,000 INFO o.a.j.t.JMeterThread: Thread started: jp@gc - Stepping Thread Group 1-660
2026-10-08 17:46:46,001 INFO o.a.j.t.JMeterThread: Stop Thread seen for thread jp@gc - Stepping Thread Group 1-660, reason: org.apache.jorphan.util.JMeterStopThreadException: End of file:/Users/lisa/Documents/tools/date/tokens.csv detected for CSV DataSet:CSV 数据文件设置 configured with stopThread:true, recycle:false
2026-10-08 17:46:46,001 INFO o.a.j.t.JMeterThread: Thread finished: jp@gc - Stepping Thread Group 1-660
2026-10-08 17:46:46,050 INFO o.a.j.t.JMeterThread: Thread started: jp@gc - Stepping Thread Group 1-661
2026-10-08 17:46:46,051 INFO o.a.j.t.JMeterThread: Stop Thread seen for thread jp@gc - Stepping Thread Group 1-661, reason: org.apache.jorphan.util.JMeterStopThreadException: End of file:/Users/lisa/Documents/tools/date/tokens.csv detected for CSV DataSet:CSV 数据文件设置 configured with stopThread:true, recycle:false
2026-10-08 17:46:46,051 INFO o.a.j.t.JMeterThread: Thread finished: jp@gc - Stepping Thread Group 1-661
2026-10-08 17:46:46,099 INFO o.a.j.t.JMeterThread: Thread started: jp@gc - Stepping Thread Group 1-662
2026-10-08 17:46:46,099 INFO o.a.j.t.JMeterThread: Stop Thread seen for thread jp@gc - Stepping Thread Group 1-662, reason: org.apache.jorphan.util.JMeterStopThreadException: End of file:/Users/lisa/Documents/tools/date/tokens.csv detected for CSV DataSet:CSV 数据文件设置 configured with stopThread:true, recycle:false
2026-10-08 17:46:46,099 INFO o.a.j.t.JMeterThread: Thread finished: jp@gc - Stepping Thread Group 1-662
2026-10-08 17:46:46,148 INFO o.a.j.t.JMeterThread: Thread started: jp@gc - Stepping Thread Group 1-663
2026-10-08 17:46:46,149 INFO o.a.j.t.JMeterThread: Stop Thread seen for thread jp@gc - Stepping Thread Group 1-663, reason: org.apache.jorphan.util.JMeterStopThreadException: End of file:/Users/lisa/Documents/tools/date/tokens.csv detected for CSV DataSet:CSV 数据文件设置 configured with stopThread:true, recycle:false
2026-10-08 17:46:46,149 INFO o.a.j.t.JMeterThread: Thread finished: jp@gc - Stepping Thread Group 1-663
2026-10-08 17:46:46,196 INFO o.a.j.t.JMeterThread: Thread started: jp@gc - Stepping Thread Group 1-664
2026-10-08 17:46:46,197 INFO o.a.j.t.JMeterThread: Stop Thread seen for thread jp@gc - Stepping Thread Group 1-664, reason: org.apache.jorphan.util.JMeterStopThreadException: End of file:/Users/lisa/Documents/tools/date/tokens.csv detected for CSV DataSet:CSV 数据文件设置 configured with stopThread:true, recycle:false
2026-10-08 17:46:46,197 INFO o.a.j.t.JMeterThread: Thread finished: jp@gc - Stepping Thread Group 1-664
2026-10-08 17:46:46,249 INFO o.a.j.t.JMeterThread: Thread started: jp@gc - Stepping Thread Group 1-665
2026-10-08 17:46:46,249 INFO o.a.j.t.JMeterThread: Stop Thread seen for thread jp@gc - Stepping Thread Group 1-665, reason: org.apache.jorphan.util.JMeterStopThreadException: End of file:/Users/lisa/Documents/tools/date/tokens.csv detected for CSV DataSet:CSV 数据文件设置 configured with stopThread:true, recycle:false
2026-10-08 17:46:46,249 INFO o.a.j.t.JMeterThread: Thread finished: jp@gc - Stepping Thread Group 1-665
2026-10-08 17:46:46,297 INFO o.a.j.t.JMeterThread: Thread started: jp@gc - Stepping Thread Group 1-666
2026-10-08 17:46:46,298 INFO o.a.j.t.JMeterThread: Stop Thread seen for thread jp@gc - Stepping Thread Group 1-666, reason: org.apache.jorphan.util.JMeterStopThreadException: End of file:/Users/lisa/Documents/tools/date/tokens.csv detected for CSV DataSet:CSV 数据文件设置 configured with stopThread:true, recycle:false
2026-10-08 17:46:46,298 INFO o.a.j.t.JMeterThread: Thread finished: jp@gc - Stepping Thread Group 1-666
2026-10-08 17:46:46,348 INFO o.a.j.t.JMeterThread: Thread started: jp@gc - Stepping Thread Group 1-667
2026-10-08 17:46:46,349 INFO o.a.j.t.JMeterThread: Stop Thread seen for thread jp@gc - Stepping Thread Group 1-667, reason: org.apache.jorphan.util.JMeterStopThreadException: End of file:/Users/lisa/Documents/tools/date/tokens.csv detected for CSV DataSet:CSV 数据文件设置 configured with stopThread:true, recycle:false
2026-10-08 17:46:46,349 INFO o.a.j.t.JMeterThread: Thread finished: jp@gc - Stepping Thread Group 1-667
2026-10-08 17:46:46,395 INFO o.a.j.t.JMeterThread: Thread started: jp@gc - Stepping Thread Group 1-668
2026-10-08 17:46:46,396 INFO o.a.j.t.JMeterThread: Stop Thread seen for thread jp@gc - Stepping Thread Group 1-668, reason: org.apache.jorphan.util.JMeterStopThreadException: End of file:/Users/lisa/Documents/tools/date/tokens.csv detected for CSV DataSet:CSV 数据文件设置 configured with stopThread:true, recycle:false
2026-10-08 17:46:46,396 INFO o.a.j.t.JMeterThread: Thread finished: jp@gc - Stepping Thread Group 1-668
2026-10-08 17:46:46,449 INFO o.a.j.t.JMeterThread: Thread started: jp@gc - Stepping Thread Group 1-669
2026-10-08 17:46:46,450 INFO o.a.j.t.JMeterThread: Stop Thread seen for thread jp@gc - Stepping Thread Group 1-669, reason: org.apache.jorphan.util.JMeterStopThreadException: End of file:/Users/lisa/Documents/tools/date/tokens.csv detected for CSV DataSet:CSV 数据文件设置 configured with stopThread:true, recycle:false
2026-10-08 17:46:46,450 INFO o.a.j.t.JMeterThread: Thread finished: jp@gc - Stepping Thread Group 1-669
2026-10-08 17:46:46,500 INFO o.a.j.t.JMeterThread: Thread started: jp@gc - Stepping Thread Group 1-670
2026-10-08 17:46:46,501 INFO o.a.j.t.JMeterThread: Stop Thread seen for thread jp@gc - Stepping Thread Group 1-670, reason: org.apache.jorphan.util.JMeterStopThreadException: End of file:/Users/lisa/Documents/tools/date/tokens.csv detected for CSV DataSet:CSV 数据文件设置 configured with stopThread:true, recycle:false
2026-10-08 17:46:46,501 INFO o.a.j.t.JMeterThread: Thread finished: jp@gc - Stepping Thread Group 1-670
2026-10-08 17:46:46,548 INFO o.a.j.t.JMeterThread: Thread started: jp@gc - Stepping Thread Group 1-671
2026-10-08 17:46:46,548 INFO o.a.j.t.JMeterThread: Stop Thread seen for thread jp@gc - Stepping Thread Group 1-671, reason: org.apache.jorphan.util.JMeterStopThreadException: End of file:/Users/lisa/Documents/tools/date/tokens.csv detected for CSV DataSet:CSV 数据文件设置 configured with stopThread:true, recycle:false
2026-10-08 17:46:46,549 INFO o.a.j.t.JMeterThread: Thread finished: jp@gc - Stepping Thread Group 1-671
2026-10-08 17:46:46,596 INFO o.a.j.t.JMeterThread: Thread started: jp@gc - Stepping Thread Group 1-672
2026-10-08 17:46:46,597 INFO o.a.j.t.JMeterThread: Stop Thread seen for thread jp@gc - Stepping Thread Group 1-672, reason: org.apache.jorphan.util.JMeterStopThreadException: End of file:/Users/lisa/Documents/tools/date/tokens.csv detected for CSV DataSet:CSV 数据文件设置 configured with stopThread:true, recycle:false
2026-10-08 17:46:46,597 INFO o.a.j.t.JMeterThread: Thread finished: jp@gc - Stepping Thread Group 1-672
2026-10-08 17:46:46,650 INFO o.a.j.t.JMeterThread: Thread started: jp@gc - Stepping Thread Group 1-673
2026-10-08 17:46:46,651 INFO o.a.j.t.JMeterThread: Stop Thread seen for thread jp@gc - Stepping Thread Group 1-673, reason: org.apache.jorphan.util.JMeterStopThreadException: End of file:/Users/lisa/Documents/tools/date/tokens.csv detected for CSV DataSet:CSV 数据文件设置 configured with stopThread:true, recycle:false
2026-10-08 17:46:46,651 INFO o.a.j.t.JMeterThread: Thread finished: jp@gc - Stepping Thread Group 1-673
2026-10-08 17:46:46,696 INFO o.a.j.t.JMeterThread: Thread started: jp@gc - Stepping Thread Group 1-674
2026-10-08 17:46:46,697 INFO o.a.j.t.JMeterThread: Stop Thread seen for thread jp@gc - Stepping Thread Group 1-674, reason: org.apache.jorphan.util.JMeterStopThreadException: End of file:/Users/lisa/Documents/tools/date/tokens.csv detected for CSV DataSet:CSV 数据文件设置 configured with stopThread:true, recycle:false
2026-10-08 17:46:46,697 INFO o.a.j.t.JMeterThread: Thread finished: jp@gc - Stepping Thread Group 1-674
2026-10-08 17:46:46,746 INFO o.a.j.t.JMeterThread: Thread started: jp@gc - Stepping Thread Group 1-675
2026-10-08 17:46:46,746 INFO o.a.j.t.JMeterThread: Stop Thread seen for thread jp@gc - Stepping Thread Group 1-675, reason: org.apache.jorphan.util.JMeterStopThreadException: End of file:/Users/lisa/Documents/tools/date/tokens.csv detected for CSV DataSet:CSV 数据文件设置 configured with stopThread:true, recycle:false
2026-10-08 17:46:46,747 INFO o.a.j.t.JMeterThread: Thread finished: jp@gc - Stepping Thread Group 1-675
2026-10-08 17:46:46,796 INFO o.a.j.t.JMeterThread: Thread started: jp@gc - Stepping Thread Group 1-676
2026-10-08 17:46:46,796 INFO o.a.j.t.JMeterThread: Stop Thread seen for thread jp@gc - Stepping Thread Group 1-676, reason: org.apache.jorphan.util.JMeterStopThreadException: End of file:/Users/lisa/Documents/tools/date/tokens.csv detected for CSV DataSet:CSV 数据文件设置 configured with stopThread:true, recycle:false
2026-10-08 17:46:46,796 INFO o.a.j.t.JMeterThread: Thread finished: jp@gc - Stepping Thread Group 1-676
2026-10-08 17:46:46,850 INFO o.a.j.t.JMeterThread: Thread started: jp@gc - Stepping Thread Group 1-677
2026-10-08 17:46:46,851 INFO o.a.j.t.JMeterThread: Stop Thread seen for thread jp@gc - Stepping Thread Group 1-677, reason: org.apache.jorphan.util.JMeterStopThreadException: End of file:/Users/lisa/Documents/tools/date/tokens.csv detected for CSV DataSet:CSV 数据文件设置 configured with stopThread:true, recycle:false
2026-10-08 17:46:46,851 INFO o.a.j.t.JMeterThread: Thread finished: jp@gc - Stepping Thread Group 1-677
2026-10-08 17:46:46,897 INFO o.a.j.t.JMeterThread: Thread started: jp@gc - Stepping Thread Group 1-678
2026-10-08 17:46:46,898 INFO o.a.j.t.JMeterThread: Stop Thread seen for thread jp@gc - Stepping Thread Group 1-678, reason: org.apache.jorphan.util.JMeterStopThreadException: End of file:/Users/lisa/Documents/tools/date/tokens.csv detected for CSV DataSet:CSV 数据文件设置 configured with stopThread:true, recycle:false
2026-10-08 17:46:46,898 INFO o.a.j.t.JMeterThread: Thread finished: jp@gc - Stepping Thread Group 1-678
2026-10-08 17:46:46,948 INFO o.a.j.t.JMeterThread: Thread started: jp@gc - Stepping Thread Group 1-679
2026-10-08 17:46:46,948 INFO o.a.j.t.JMeterThread: Stop Thread seen for thread jp@gc - Stepping Thread Group 1-679, reason: org.apache.jorphan.util.JMeterStopThreadException: End of file:/Users/lisa/Documents/tools/date/tokens.csv detected for CSV DataSet:CSV 数据文件设置 configured with stopThread:true, recycle:false
2026-10-08 17:46:46,948 INFO o.a.j.t.JMeterThread: Thread finished: jp@gc - Stepping Thread Group 1-679
2026-10-08 17:46:46,999 INFO o.a.j.t.JMeterThread: Thread started: jp@gc - Stepping Thread Group 1-680
2026-10-08 17:46:47,000 INFO o.a.j.t.JMeterThread: Stop Thread seen for thread jp@gc - Stepping Thread Group 1-680, reason: org.apache.jorphan.util.JMeterStopThreadException: End of file:/Users/lisa/Documents/tools/date/tokens.csv detected for CSV DataSet:CSV 数据文件设置 configured with stopThread:true, recycle:false
2026-10-08 17:46:47,000 INFO o.a.j.t.JMeterThread: Thread finished: jp@gc - Stepping Thread Group 1-680
2026-10-08 17:46:47,050 INFO o.a.j.t.JMeterThread: Thread started: jp@gc - Stepping Thread Group 1-681
2026-10-08 17:46:47,051 INFO o.a.j.t.JMeterThread: Stop Thread seen for thread jp@gc - Stepping Thread Group 1-681, reason: org.apache.jorphan.util.JMeterStopThreadException: End of file:/Users/lisa/Documents/tools/date/tokens.csv detected for CSV DataSet:CSV 数据文件设置 configured with stopThread:true, recycle:false
2026-10-08 17:46:47,051 INFO o.a.j.t.JMeterThread: Thread finished: jp@gc - Stepping Thread Group 1-681
2026-10-08 17:46:47,098 INFO o.a.j.t.JMeterThread: Thread started: jp@gc - Stepping Thread Group 1-682
2026-10-08 17:46:47,099 INFO o.a.j.t.JMeterThread: Stop Thread seen for thread jp@gc - Stepping Thread Group 1-682, reason: org.apache.jorphan.util.JMeterStopThreadException: End of file:/Users/lisa/Documents/tools/date/tokens.csv detected for CSV DataSet:CSV 数据文件设置 configured with stopThread:true, recycle:false
2026-10-08 17:46:47,099 INFO o.a.j.t.JMeterThread: Thread finished: jp@gc - Stepping Thread Group 1-682
2026-10-08 17:46:47,150 INFO o.a.j.t.JMeterThread: Thread started: jp@gc - Stepping Thread Group 1-683
2026-10-08 17:46:47,150 INFO o.a.j.t.JMeterThread: Stop Thread seen for thread jp@gc - Stepping Thread Group 1-683, reason: org.apache.jorphan.util.JMeterStopThreadException: End of file:/Users/lisa/Documents/tools/date/tokens.csv detected for CSV DataSet:CSV 数据文件设置 configured with stopThread:true, recycle:false
2026-10-08 17:46:47,150 INFO o.a.j.t.JMeterThread: Thread finished: jp@gc - Stepping Thread Group 1-683
2026-10-08 17:46:47,200 INFO o.a.j.t.JMeterThread: Thread started: jp@gc - Stepping Thread Group 1-684
2026-10-08 17:46:47,200 INFO o.a.j.t.JMeterThread: Stop Thread seen for thread jp@gc - Stepping Thread Group 1-684, reason: org.apache.jorphan.util.JMeterStopThreadException: End of file:/Users/lisa/Documents/tools/date/tokens.csv detected for CSV DataSet:CSV 数据文件设置 configured with stopThread:true, recycle:false
2026-10-08 17:46:47,201 INFO o.a.j.t.JMeterThread: Thread finished: jp@gc - Stepping Thread Group 1-684
2026-10-08 17:46:47,248 INFO o.a.j.t.JMeterThread: Thread started: jp@gc - Stepping Thread Group 1-685
2026-10-08 17:46:47,248 INFO o.a.j.t.JMeterThread: Stop Thread seen for thread jp@gc - Stepping Thread Group 1-685, reason: org.apache.jorphan.util.JMeterStopThreadException: End of file:/Users/lisa/Documents/tools/date/tokens.csv detected for CSV DataSet:CSV 数据文件设置 configured with stopThread:true, recycle:false
2026-10-08 17:46:47,248 INFO o.a.j.t.JMeterThread: Thread finished: jp@gc - Stepping Thread Group 1-685
2026-10-08 17:46:47,300 INFO o.a.j.t.JMeterThread: Thread started: jp@gc - Stepping Thread Group 1-686
2026-10-08 17:46:47,300 INFO o.a.j.t.JMeterThread: Stop Thread seen for thread jp@gc - Stepping Thread Group 1-686, reason: org.apache.jorphan.util.JMeterStopThreadException: End of file:/Users/lisa/Documents/tools/date/tokens.csv detected for CSV DataSet:CSV 数据文件设置 configured with stopThread:true, recycle:false
2026-10-08 17:46:47,300 INFO o.a.j.t.JMeterThread: Thread finished: jp@gc - Stepping Thread Group 1-686
2026-10-08 17:46:47,350 INFO o.a.j.t.JMeterThread: Thread started: jp@gc - Stepping Thread Group 1-687
2026-10-08 17:46:47,350 INFO o.a.j.t.JMeterThread: Stop Thread seen for thread jp@gc - Stepping Thread Group 1-687, reason: org.apache.jorphan.util.JMeterStopThreadException: End of file:/Users/lisa/Documents/tools/date/tokens.csv detected for CSV DataSet:CSV 数据文件设置 configured with stopThread:true, recycle:false
2026-10-08 17:46:47,350 INFO o.a.j.t.JMeterThread: Thread finished: jp@gc - Stepping Thread Group 1-687
2026-10-08 17:46:47,396 INFO o.a.j.t.JMeterThread: Thread started: jp@gc - Stepping Thread Group 1-688
2026-10-08 17:46:47,396 INFO o.a.j.t.JMeterThread: Stop Thread seen for thread jp@gc - Stepping Thread Group 1-688, reason: org.apache.jorphan.util.JMeterStopThreadException: End of file:/Users/lisa/Documents/tools/date/tokens.csv detected for CSV DataSet:CSV 数据文件设置 configured with stopThread:true, recycle:false
2026-10-08 17:46:47,396 INFO o.a.j.t.JMeterThread: Thread finished: jp@gc - Stepping Thread Group 1-688
2026-10-08 17:46:47,446 INFO o.a.j.t.JMeterThread: Thread started: jp@gc - Stepping Thread Group 1-689
2026-10-08 17:46:47,446 INFO o.a.j.t.JMeterThread: Stop Thread seen for thread jp@gc - Stepping Thread Group 1-689, reason: org.apache.jorphan.util.JMeterStopThreadException: End of file:/Users/lisa/Documents/tools/date/tokens.csv detected for CSV DataSet:CSV 数据文件设置 configured with stopThread:true, recycle:false
2026-10-08 17:46:47,446 INFO o.a.j.t.JMeterThread: Thread finished: jp@gc - Stepping Thread Group 1-689
2026-10-08 17:46:47,497 INFO o.a.j.t.JMeterThread: Thread started: jp@gc - Stepping Thread Group 1-690
2026-10-08 17:46:47,498 INFO o.a.j.t.JMeterThread: Stop Thread seen for thread jp@gc - Stepping Thread Group 1-690, reason: org.apache.jorphan.util.JMeterStopThreadException: End of file:/Users/lisa/Documents/tools/date/tokens.csv detected for CSV DataSet:CSV 数据文件设置 configured with stopThread:true, recycle:false
2026-10-08 17:46:47,498 INFO o.a.j.t.JMeterThread: Thread finished: jp@gc - Stepping Thread Group 1-690
2026-10-08 17:46:47,548 INFO o.a.j.t.JMeterThread: Thread started: jp@gc - Stepping Thread Group 1-691
2026-10-08 17:46:47,549 INFO o.a.j.t.JMeterThread: Stop Thread seen for thread jp@gc - Stepping Thread Group 1-691, reason: org.apache.jorphan.util.JMeterStopThreadException: End of file:/Users/lisa/Documents/tools/date/tokens.csv detected for CSV DataSet:CSV 数据文件设置 configured with stopThread:true, recycle:false
2026-10-08 17:46:47,549 INFO o.a.j.t.JMeterThread: Thread finished: jp@gc - Stepping Thread Group 1-691
2026-10-08 17:46:47,600 INFO o.a.j.t.JMeterThread: Thread started: jp@gc - Stepping Thread Group 1-692
2026-10-08 17:46:47,600 INFO o.a.j.t.JMeterThread: Stop Thread seen for thread jp@gc - Stepping Thread Group 1-692, reason: org.apache.jorphan.util.JMeterStopThreadException: End of file:/Users/lisa/Documents/tools/date/tokens.csv detected for CSV DataSet:CSV 数据文件设置 configured with stopThread:true, recycle:false
2026-10-08 17:46:47,600 INFO o.a.j.t.JMeterThread: Thread finished: jp@gc - Stepping Thread Group 1-692
2026-10-08 17:46:47,650 INFO o.a.j.t.JMeterThread: Thread started: jp@gc - Stepping Thread Group 1-693
2026-10-08 17:46:47,650 INFO o.a.j.t.JMeterThread: Stop Thread seen for thread jp@gc - Stepping Thread Group 1-693, reason: org.apache.jorphan.util.JMeterStopThreadException: End of file:/Users/lisa/Documents/tools/date/tokens.csv detected for CSV DataSet:CSV 数据文件设置 configured with stopThread:true, recycle:false
2026-10-08 17:46:47,650 INFO o.a.j.t.JMeterThread: Thread finished: jp@gc - Stepping Thread Group 1-693
2026-10-08 17:46:47,700 INFO o.a.j.t.JMeterThread: Thread started: jp@gc - Stepping Thread Group 1-694
2026-10-08 17:46:47,700 INFO o.a.j.t.JMeterThread: Stop Thread seen for thread jp@gc - Stepping Thread Group 1-694, reason: org.apache.jorphan.util.JMeterStopThreadException: End of file:/Users/lisa/Documents/tools/date/tokens.csv detected for CSV DataSet:CSV 数据文件设置 configured with stopThread:true, recycle:false
2026-10-08 17:46:47,700 INFO o.a.j.t.JMeterThread: Thread finished: jp@gc - Stepping Thread Group 1-694
2026-10-08 17:46:47,747 INFO o.a.j.t.JMeterThread: Thread started: jp@gc - Stepping Thread Group 1-695
2026-10-08 17:46:47,747 INFO o.a.j.t.JMeterThread: Stop Thread seen for thread jp@gc - Stepping Thread Group 1-695, reason: org.apache.jorphan.util.JMeterStopThreadException: End of file:/Users/lisa/Documents/tools/date/tokens.csv detected for CSV DataSet:CSV 数据文件设置 configured with stopThread:true, recycle:false
2026-10-08 17:46:47,747 INFO o.a.j.t.JMeterThread: Thread finished: jp@gc - Stepping Thread Group 1-695
2026-10-08 17:46:47,799 INFO o.a.j.t.JMeterThread: Thread started: jp@gc - Stepping Thread Group 1-696
2026-10-08 17:46:47,800 INFO o.a.j.t.JMeterThread: Stop Thread seen for thread jp@gc - Stepping Thread Group 1-696, reason: org.apache.jorphan.util.JMeterStopThreadException: End of file:/Users/lisa/Documents/tools/date/tokens.csv detected for CSV DataSet:CSV 数据文件设置 configured with stopThread:true, recycle:false
2026-10-08 17:46:47,800 INFO o.a.j.t.JMeterThread: Thread finished: jp@gc - Stepping Thread Group 1-696
2026-10-08 17:46:47,846 INFO o.a.j.t.JMeterThread: Thread started: jp@gc - Stepping Thread Group 1-697
2026-10-08 17:46:47,847 INFO o.a.j.t.JMeterThread: Stop Thread seen for thread jp@gc - Stepping Thread Group 1-697, reason: org.apache.jorphan.util.JMeterStopThreadException: End of file:/Users/lisa/Documents/tools/date/tokens.csv detected for CSV DataSet:CSV 数据文件设置 configured with stopThread:true, recycle:false
2026-10-08 17:46:47,847 INFO o.a.j.t.JMeterThread: Thread finished: jp@gc - Stepping Thread Group 1-697
2026-10-08 17:46:47,898 INFO o.a.j.t.JMeterThread: Thread started: jp@gc - Stepping Thread Group 1-698
2026-10-08 17:46:47,898 INFO o.a.j.t.JMeterThread: Stop Thread seen for thread jp@gc - Stepping Thread Group 1-698, reason: org.apache.jorphan.util.JMeterStopThreadException: End of file:/Users/lisa/Documents/tools/date/tokens.csv detected for CSV DataSet:CSV 数据文件设置 configured with stopThread:true, recycle:false
2026-10-08 17:46:47,898 INFO o.a.j.t.JMeterThread: Thread finished: jp@gc - Stepping Thread Group 1-698
2026-10-08 17:46:47,949 INFO o.a.j.t.JMeterThread: Thread started: jp@gc - Stepping Thread Group 1-699
2026-10-08 17:46:47,949 INFO o.a.j.t.JMeterThread: Stop Thread seen for thread jp@gc - Stepping Thread Group 1-699, reason: org.apache.jorphan.util.JMeterStopThreadException: End of file:/Users/lisa/Documents/tools/date/tokens.csv detected for CSV DataSet:CSV 数据文件设置 configured with stopThread:true, recycle:false
2026-10-08 17:46:47,949 INFO o.a.j.t.JMeterThread: Thread finished: jp@gc - Stepping Thread Group 1-699
2026-10-08 17:46:47,998 INFO o.a.j.t.JMeterThread: Thread started: jp@gc - Stepping Thread Group 1-700
2026-10-08 17:46:47,998 INFO o.a.j.t.JMeterThread: Stop Thread seen for thread jp@gc - Stepping Thread Group 1-700, reason: org.apache.jorphan.util.JMeterStopThreadException: End of file:/Users/lisa/Documents/tools/date/tokens.csv detected for CSV DataSet:CSV 数据文件设置 configured with stopThread:true, recycle:false
2026-10-08 17:46:47,998 INFO o.a.j.t.JMeterThread: Thread finished: jp@gc - Stepping Thread Group 1-700
2026-10-08 17:46:54,047 INFO o.a.j.t.JMeterThread: Thread started: jp@gc - Stepping Thread Group 1-701
2026-10-08 17:46:54,048 INFO o.a.j.t.JMeterThread: Stop Thread seen for thread jp@gc - Stepping Thread Group 1-701, reason: org.apache.jorphan.util.JMeterStopThreadException: End of file:/Users/lisa/Documents/tools/date/tokens.csv detected for CSV DataSet:CSV 数据文件设置 configured with stopThread:true, recycle:false
2026-10-08 17:46:54,048 INFO o.a.j.t.JMeterThread: Thread finished: jp@gc - Stepping Thread Group 1-701
2026-10-08 17:46:54,097 INFO o.a.j.t.JMeterThread: Thread started: jp@gc - Stepping Thread Group 1-702
2026-10-08 17:46:54,098 INFO o.a.j.t.JMeterThread: Stop Thread seen for thread jp@gc - Stepping Thread Group 1-702, reason: org.apache.jorphan.util.JMeterStopThreadException: End of file:/Users/lisa/Documents/tools/date/tokens.csv detected for CSV DataSet:CSV 数据文件设置 configured with stopThread:true, recycle:false
2026-10-08 17:46:54,098 INFO o.a.j.t.JMeterThread: Thread finished: jp@gc - Stepping Thread Group 1-702
2026-10-08 17:46:54,150 INFO o.a.j.t.JMeterThread: Thread started: jp@gc - Stepping Thread Group 1-703
2026-10-08 17:46:54,151 INFO o.a.j.t.JMeterThread: Stop Thread seen for thread jp@gc - Stepping Thread Group 1-703, reason: org.apache.jorphan.util.JMeterStopThreadException: End of file:/Users/lisa/Documents/tools/date/tokens.csv detected for CSV DataSet:CSV 数据文件设置 configured with stopThread:true, recycle:false
2026-10-08 17:46:54,151 INFO o.a.j.t.JMeterThread: Thread finished: jp@gc - Stepping Thread Group 1-703
2026-10-08 17:46:54,200 INFO o.a.j.t.JMeterThread: Thread started: jp@gc - Stepping Thread Group 1-704
2026-10-08 17:46:54,200 INFO o.a.j.t.JMeterThread: Stop Thread seen for thread jp@gc - Stepping Thread Group 1-704, reason: org.apache.jorphan.util.JMeterStopThreadException: End of file:/Users/lisa/Documents/tools/date/tokens.csv detected for CSV DataSet:CSV 数据文件设置 configured with stopThread:true, recycle:false
2026-10-08 17:46:54,200 INFO o.a.j.t.JMeterThread: Thread finished: jp@gc - Stepping Thread Group 1-704
2026-10-08 17:46:54,247 INFO o.a.j.t.JMeterThread: Thread started: jp@gc - Stepping Thread Group 1-705
2026-10-08 17:46:54,248 INFO o.a.j.t.JMeterThread: Stop Thread seen for thread jp@gc - Stepping Thread Group 1-705, reason: org.apache.jorphan.util.JMeterStopThreadException: End of file:/Users/lisa/Documents/tools/date/tokens.csv detected for CSV DataSet:CSV 数据文件设置 configured with stopThread:true, recycle:false
2026-10-08 17:46:54,248 INFO o.a.j.t.JMeterThread: Thread finished: jp@gc - Stepping Thread Group 1-705
2026-10-08 17:46:54,298 INFO o.a.j.t.JMeterThread: Thread started: jp@gc - Stepping Thread Group 1-706
2026-10-08 17:46:54,298 INFO o.a.j.t.JMeterThread: Stop Thread seen for thread jp@gc - Stepping Thread Group 1-706, reason: org.apache.jorphan.util.JMeterStopThreadException: End of file:/Users/lisa/Documents/tools/date/tokens.csv detected for CSV DataSet:CSV 数据文件设置 configured with stopThread:true, recycle:false
2026-10-08 17:46:54,299 INFO o.a.j.t.JMeterThread: Thread finished: jp@gc - Stepping Thread Group 1-706
2026-10-08 17:46:54,350 INFO o.a.j.t.JMeterThread: Thread started: jp@gc - Stepping Thread Group 1-707
2026-10-08 17:46:54,350 INFO o.a.j.t.JMeterThread: Stop Thread seen for thread jp@gc - Stepping Thread Group 1-707, reason: org.apache.jorphan.util.JMeterStopThreadException: End of file:/Users/lisa/Documents/tools/date/tokens.csv detected for CSV DataSet:CSV 数据文件设置 configured with stopThread:true, recycle:false
2026-10-08 17:46:54,350 INFO o.a.j.t.JMeterThread: Thread finished: jp@gc - Stepping Thread Group 1-707
2026-10-08 17:46:54,400 INFO o.a.j.t.JMeterThread: Thread started: jp@gc - Stepping Thread Group 1-708
2026-10-08 17:46:54,401 INFO o.a.j.t.JMeterThread: Stop Thread seen for thread jp@gc - Stepping Thread Group 1-708, reason: org.apache.jorphan.util.JMeterStopThreadException: End of file:/Users/lisa/Documents/tools/date/tokens.csv detected for CSV DataSet:CSV 数据文件设置 configured with stopThread:true, recycle:false
2026-10-08 17:46:54,401 INFO o.a.j.t.JMeterThread: Thread finished: jp@gc - Stepping Thread Group 1-708
2026-10-08 17:46:54,445 INFO o.a.j.t.JMeterThread: Thread started: jp@gc - Stepping Thread Group 1-709
2026-10-08 17:46:54,445 INFO o.a.j.t.JMeterThread: Stop Thread seen for thread jp@gc - Stepping Thread Group 1-709, reason: org.apache.jorphan.util.JMeterStopThreadException: End of file:/Users/lisa/Documents/tools/date/tokens.csv detected for CSV DataSet:CSV 数据文件设置 configured with stopThread:true, recycle:false
2026-10-08 17:46:54,446 INFO o.a.j.t.JMeterThread: Thread finished: jp@gc - Stepping Thread Group 1-709
2026-10-08 17:46:54,500 INFO o.a.j.t.JMeterThread: Thread started: jp@gc - Stepping Thread Group 1-710
2026-10-08 17:46:54,501 INFO o.a.j.t.JMeterThread: Stop Thread seen for thread jp@gc - Stepping Thread Group 1-710, reason: org.apache.jorphan.util.JMeterStopThreadException: End of file:/Users/lisa/Documents/tools/date/tokens.csv detected for CSV DataSet:CSV 数据文件设置 configured with stopThread:true, recycle:false
2026-10-08 17:46:54,501 INFO o.a.j.t.JMeterThread: Thread finished: jp@gc - Stepping Thread Group 1-710
2026-10-08 17:46:54,550 INFO o.a.j.t.JMeterThread: Thread started: jp@gc - Stepping Thread Group 1-711
2026-10-08 17:46:54,551 INFO o.a.j.t.JMeterThread: Stop Thread seen for thread jp@gc - Stepping Thread Group 1-711, reason: org.apache.jorphan.util.JMeterStopThreadException: End of file:/Users/lisa/Documents/tools/date/tokens.csv detected for CSV DataSet:CSV 数据文件设置 configured with stopThread:true, recycle:false
2026-10-08 17:46:54,551 INFO o.a.j.t.JMeterThread: Thread finished: jp@gc - Stepping Thread Group 1-711
2026-10-08 17:46:54,597 INFO o.a.j.t.JMeterThread: Thread started: jp@gc - Stepping Thread Group 1-712
2026-10-08 17:46:54,598 INFO o.a.j.t.JMeterThread: Stop Thread seen for thread jp@gc - Stepping Thread Group 1-712, reason: org.apache.jorphan.util.JMeterStopThreadException: End of file:/Users/lisa/Documents/tools/date/tokens.csv detected for CSV DataSet:CSV 数据文件设置 configured with stopThread:true, recycle:false
2026-10-08 17:46:54,598 INFO o.a.j.t.JMeterThread: Thread finished: jp@gc - Stepping Thread Group 1-712
2026-10-08 17:46:54,649 INFO o.a.j.t.JMeterThread: Thread started: jp@gc - Stepping Thread Group 1-713
2026-10-08 17:46:54,650 INFO o.a.j.t.JMeterThread: Stop Thread seen for thread jp@gc - Stepping Thread Group 1-713, reason: org.apache.jorphan.util.JMeterStopThreadException: End of file:/Users/lisa/Documents/tools/date/tokens.csv detected for CSV DataSet:CSV 数据文件设置 configured with stopThread:true, recycle:false
2026-10-08 17:46:54,650 INFO o.a.j.t.JMeterThread: Thread finished: jp@gc - Stepping Thread Group 1-713
2026-10-08 17:46:54,698 INFO o.a.j.t.JMeterThread: Thread started: jp@gc - Stepping Thread Group 1-714
2026-10-08 17:46:54,698 INFO o.a.j.t.JMeterThread: Stop Thread seen for thread jp@gc - Stepping Thread Group 1-714, reason: org.apache.jorphan.util.JMeterStopThreadException: End of file:/Users/lisa/Documents/tools/date/tokens.csv detected for CSV DataSet:CSV 数据文件设置 configured with stopThread:true, recycle:false
2026-10-08 17:46:54,698 INFO o.a.j.t.JMeterThread: Thread finished: jp@gc - Stepping Thread Group 1-714
2026-10-08 17:46:54,750 INFO o.a.j.t.JMeterThread: Thread started: jp@gc - Stepping Thread Group 1-715
2026-10-08 17:46:54,751 INFO o.a.j.t.JMeterThread: Stop Thread seen for thread jp@gc - Stepping Thread Group 1-715, reason: org.apache.jorphan.util.JMeterStopThreadException: End of file:/Users/lisa/Documents/tools/date/tokens.csv detected for CSV DataSet:CSV 数据文件设置 configured with stopThread:true, recycle:false
2026-10-08 17:46:54,751 INFO o.a.j.t.JMeterThread: Thread finished: jp@gc - Stepping Thread Group 1-715
2026-10-08 17:46:54,799 INFO o.a.j.t.JMeterThread: Thread started: jp@gc - Stepping Thread Group 1-716
2026-10-08 17:46:54,799 INFO o.a.j.t.JMeterThread: Stop Thread seen for thread jp@gc - Stepping Thread Group 1-716, reason: org.apache.jorphan.util.JMeterStopThreadException: End of file:/Users/lisa/Documents/tools/date/tokens.csv detected for CSV DataSet:CSV 数据文件设置 configured with stopThread:true, recycle:false
2026-10-08 17:46:54,799 INFO o.a.j.t.JMeterThread: Thread finished: jp@gc - Stepping Thread Group 1-716
2026-10-08 17:46:54,849 INFO o.a.j.t.JMeterThread: Thread started: jp@gc - Stepping Thread Group 1-717
2026-10-08 17:46:54,849 INFO o.a.j.t.JMeterThread: Stop Thread seen for thread jp@gc - Stepping Thread Group 1-717, reason: org.apache.jorphan.util.JMeterStopThreadException: End of file:/Users/lisa/Documents/tools/date/tokens.csv detected for CSV DataSet:CSV 数据文件设置 configured with stopThread:true, recycle:false
2026-10-08 17:46:54,849 INFO o.a.j.t.JMeterThread: Thread finished: jp@gc - Stepping Thread Group 1-717
2026-10-08 17:46:54,895 INFO o.a.j.t.JMeterThread: Thread started: jp@gc - Stepping Thread Group 1-718
2026-10-08 17:46:54,896 INFO o.a.j.t.JMeterThread: Stop Thread seen for thread jp@gc - Stepping Thread Group 1-718, reason: org.apache.jorphan.util.JMeterStopThreadException: End of file:/Users/lisa/Documents/tools/date/tokens.csv detected for CSV DataSet:CSV 数据文件设置 configured with stopThread:true, recycle:false
2026-10-08 17:46:54,896 INFO o.a.j.t.JMeterThread: Thread finished: jp@gc - Stepping Thread Group 1-718
2026-10-08 17:46:54,950 INFO o.a.j.t.JMeterThread: Thread started: jp@gc - Stepping Thread Group 1-719
2026-10-08 17:46:54,950 INFO o.a.j.t.JMeterThread: Stop Thread seen for thread jp@gc - Stepping Thread Group 1-719, reason: org.apache.jorphan.util.JMeterStopThreadException: End of file:/Users/lisa/Documents/tools/date/tokens.csv detected for CSV DataSet:CSV 数据文件设置 configured with stopThread:true, recycle:false
2026-10-08 17:46:54,950 INFO o.a.j.t.JMeterThread: Thread finished: jp@gc - Stepping Thread Group 1-719
2026-10-08 17:46:54,996 INFO o.a.j.t.JMeterThread: Thread started: jp@gc - Stepping Thread Group 1-720
2026-10-08 17:46:54,996 INFO o.a.j.t.JMeterThread: Stop Thread seen for thread jp@gc - Stepping Thread Group 1-720, reason: org.apache.jorphan.util.JMeterStopThreadException: End of file:/Users/lisa/Documents/tools/date/tokens.csv detected for CSV DataSet:CSV 数据文件设置 configured with stopThread:true, recycle:false
2026-10-08 17:46:54,996 INFO o.a.j.t.JMeterThread: Thread finished: jp@gc - Stepping Thread Group 1-720
2026-10-08 17:46:55,051 INFO o.a.j.t.JMeterThread: Thread started: jp@gc - Stepping Thread Group 1-721
2026-10-08 17:46:55,051 INFO o.a.j.t.JMeterThread: Stop Thread seen for thread jp@gc - Stepping Thread Group 1-721, reason: org.apache.jorphan.util.JMeterStopThreadException: End of file:/Users/lisa/Documents/tools/date/tokens.csv detected for CSV DataSet:CSV 数据文件设置 configured with stopThread:true, recycle:false
2026-10-08 17:46:55,051 INFO o.a.j.t.JMeterThread: Thread finished: jp@gc - Stepping Thread Group 1-721
2026-10-08 17:46:55,096 INFO o.a.j.t.JMeterThread: Thread started: jp@gc - Stepping Thread Group 1-722
2026-10-08 17:46:55,096 INFO o.a.j.t.JMeterThread: Stop Thread seen for thread jp@gc - Stepping Thread Group 1-722, reason: org.apache.jorphan.util.JMeterStopThreadException: End of file:/Users/lisa/Documents/tools/date/tokens.csv detected for CSV DataSet:CSV 数据文件设置 configured with stopThread:true, recycle:false
2026-10-08 17:46:55,096 INFO o.a.j.t.JMeterThread: Thread finished: jp@gc - Stepping Thread Group 1-722
2026-10-08 17:46:55,148 INFO o.a.j.t.JMeterThread: Thread started: jp@gc - Stepping Thread Group 1-723
2026-10-08 17:46:55,148 INFO o.a.j.t.JMeterThread: Stop Thread seen for thread jp@gc - Stepping Thread Group 1-723, reason: org.apache.jorphan.util.JMeterStopThreadException: End of file:/Users/lisa/Documents/tools/date/tokens.csv detected for CSV DataSet:CSV 数据文件设置 configured with stopThread:true, recycle:false
2026-10-08 17:46:55,148 INFO o.a.j.t.JMeterThread: Thread finished: jp@gc - Stepping Thread Group 1-723
2026-10-08 17:46:55,200 INFO o.a.j.t.JMeterThread: Thread started: jp@gc - Stepping Thread Group 1-724
2026-10-08 17:46:55,201 INFO o.a.j.t.JMeterThread: Stop Thread seen for thread jp@gc - Stepping Thread Group 1-724, reason: org.apache.jorphan.util.JMeterStopThreadException: End of file:/Users/lisa/Documents/tools/date/tokens.csv detected for CSV DataSet:CSV 数据文件设置 configured with stopThread:true, recycle:false
2026-10-08 17:46:55,201 INFO o.a.j.t.JMeterThread: Thread finished: jp@gc - Stepping Thread Group 1-724
2026-10-08 17:46:55,246 INFO o.a.j.t.JMeterThread: Thread started: jp@gc - Stepping Thread Group 1-725
2026-10-08 17:46:55,246 INFO o.a.j.t.JMeterThread: Stop Thread seen for thread jp@gc - Stepping Thread Group 1-725, reason: org.apache.jorphan.util.JMeterStopThreadException: End of file:/Users/lisa/Documents/tools/date/tokens.csv detected for CSV DataSet:CSV 数据文件设置 configured with stopThread:true, recycle:false
2026-10-08 17:46:55,246 INFO o.a.j.t.JMeterThread: Thread finished: jp@gc - Stepping Thread Group 1-725
2026-10-08 17:46:55,299 INFO o.a.j.t.JMeterThread: Thread started: jp@gc - Stepping Thread Group 1-726
2026-10-08 17:46:55,300 INFO o.a.j.t.JMeterThread: Stop Thread seen for thread jp@gc - Stepping Thread Group 1-726, reason: org.apache.jorphan.util.JMeterStopThreadException: End of file:/Users/lisa/Documents/tools/date/tokens.csv detected for CSV DataSet:CSV 数据文件设置 configured with stopThread:true, recycle:false
2026-10-08 17:46:55,300 INFO o.a.j.t.JMeterThread: Thread finished: jp@gc - Stepping Thread Group 1-726
2026-10-08 17:46:55,350 INFO o.a.j.t.JMeterThread: Thread started: jp@gc - Stepping Thread Group 1-727
2026-10-08 17:46:55,351 INFO o.a.j.t.JMeterThread: Stop Thread seen for thread jp@gc - Stepping Thread Group 1-727, reason: org.apache.jorphan.util.JMeterStopThreadException: End of file:/Users/lisa/Documents/tools/date/tokens.csv detected for CSV DataSet:CSV 数据文件设置 configured with stopThread:true, recycle:false
2026-10-08 17:46:55,351 INFO o.a.j.t.JMeterThread: Thread finished: jp@gc - Stepping Thread Group 1-727
2026-10-08 17:46:55,399 INFO o.a.j.t.JMeterThread: Thread started: jp@gc - Stepping Thread Group 1-728
2026-10-08 17:46:55,399 INFO o.a.j.t.JMeterThread: Stop Thread seen for thread jp@gc - Stepping Thread Group 1-728, reason: org.apache.jorphan.util.JMeterStopThreadException: End of file:/Users/lisa/Documents/tools/date/tokens.csv detected for CSV DataSet:CSV 数据文件设置 configured with stopThread:true, recycle:false
2026-10-08 17:46:55,399 INFO o.a.j.t.JMeterThread: Thread finished: jp@gc - Stepping Thread Group 1-728
2026-10-08 17:46:55,446 INFO o.a.j.t.JMeterThread: Thread started: jp@gc - Stepping Thread Group 1-729
2026-10-08 17:46:55,446 INFO o.a.j.t.JMeterThread: Stop Thread seen for thread jp@gc - Stepping Thread Group 1-729, reason: org.apache.jorphan.util.JMeterStopThreadException: End of file:/Users/lisa/Documents/tools/date/tokens.csv detected for CSV DataSet:CSV 数据文件设置 configured with stopThread:true, recycle:false
2026-10-08 17:46:55,446 INFO o.a.j.t.JMeterThread: Thread finished: jp@gc - Stepping Thread Group 1-729
2026-10-08 17:46:55,499 INFO o.a.j.t.JMeterThread: Thread started: jp@gc - Stepping Thread Group 1-730
2026-10-08 17:46:55,500 INFO o.a.j.t.JMeterThread: Stop Thread seen for thread jp@gc - Stepping Thread Group 1-730, reason: org.apache.jorphan.util.JMeterStopThreadException: End of file:/Users/lisa/Documents/tools/date/tokens.csv detected for CSV DataSet:CSV 数据文件设置 configured with stopThread:true, recycle:false
2026-10-08 17:46:55,500 INFO o.a.j.t.JMeterThread: Thread finished: jp@gc - Stepping Thread Group 1-730
2026-10-08 17:46:55,551 INFO o.a.j.t.JMeterThread: Thread started: jp@gc - Stepping Thread Group 1-731
2026-10-08 17:46:55,551 INFO o.a.j.t.JMeterThread: Stop Thread seen for thread jp@gc - Stepping Thread Group 1-731, reason: org.apache.jorphan.util.JMeterStopThreadException: End of file:/Users/lisa/Documents/tools/date/tokens.csv detected for CSV DataSet:CSV 数据文件设置 configured with stopThread:true, recycle:false
2026-10-08 17:46:55,551 INFO o.a.j.t.JMeterThread: Thread finished: jp@gc - Stepping Thread Group 1-731
2026-10-08 17:46:55,600 INFO o.a.j.t.JMeterThread: Thread started: jp@gc - Stepping Thread Group 1-732
2026-10-08 17:46:55,600 INFO o.a.j.t.JMeterThread: Stop Thread seen for thread jp@gc - Stepping Thread Group 1-732, reason: org.apache.jorphan.util.JMeterStopThreadException: End of file:/Users/lisa/Documents/tools/date/tokens.csv detected for CSV DataSet:CSV 数据文件设置 configured with stopThread:true, recycle:false
2026-10-08 17:46:55,600 INFO o.a.j.t.JMeterThread: Thread finished: jp@gc - Stepping Thread Group 1-732
2026-10-08 17:46:55,648 INFO o.a.j.t.JMeterThread: Thread started: jp@gc - Stepping Thread Group 1-733
2026-10-08 17:46:55,648 INFO o.a.j.t.JMeterThread: Stop Thread seen for thread jp@gc - Stepping Thread Group 1-733, reason: org.apache.jorphan.util.JMeterStopThreadException: End of file:/Users/lisa/Documents/tools/date/tokens.csv detected for CSV DataSet:CSV 数据文件设置 configured with stopThread:true, recycle:false
2026-10-08 17:46:55,648 INFO o.a.j.t.JMeterThread: Thread finished: jp@gc - Stepping Thread Group 1-733
2026-10-08 17:46:55,696 INFO o.a.j.t.JMeterThread: Thread started: jp@gc - Stepping Thread Group 1-734
2026-10-08 17:46:55,697 INFO o.a.j.t.JMeterThread: Stop Thread seen for thread jp@gc - Stepping Thread Group 1-734, reason: org.apache.jorphan.util.JMeterStopThreadException: End of file:/Users/lisa/Documents/tools/date/tokens.csv detected for CSV DataSet:CSV 数据文件设置 configured with stopThread:true, recycle:false
2026-10-08 17:46:55,697 INFO o.a.j.t.JMeterThread: Thread finished: jp@gc - Stepping Thread Group 1-734
2026-10-08 17:46:55,751 INFO o.a.j.t.JMeterThread: Thread started: jp@gc - Stepping Thread Group 1-735
2026-10-08 17:46:55,751 INFO o.a.j.t.JMeterThread: Stop Thread seen for thread jp@gc - Stepping Thread Group 1-735, reason: org.apache.jorphan.util.JMeterStopThreadException: End of file:/Users/lisa/Documents/tools/date/tokens.csv detected for CSV DataSet:CSV 数据文件设置 configured with stopThread:true, recycle:false
2026-10-08 17:46:55,751 INFO o.a.j.t.JMeterThread: Thread finished: jp@gc - Stepping Thread Group 1-735
2026-10-08 17:46:55,797 INFO o.a.j.t.JMeterThread: Thread started: jp@gc - Stepping Thread Group 1-736
2026-10-08 17:46:55,798 INFO o.a.j.t.JMeterThread: Stop Thread seen for thread jp@gc - Stepping Thread Group 1-736, reason: org.apache.jorphan.util.JMeterStopThreadException: End of file:/Users/lisa/Documents/tools/date/tokens.csv detected for CSV DataSet:CSV 数据文件设置 configured with stopThread:true, recycle:false
2026-10-08 17:46:55,798 INFO o.a.j.t.JMeterThread: Thread finished: jp@gc - Stepping Thread Group 1-736
2026-10-08 17:46:55,850 INFO o.a.j.t.JMeterThread: Thread started: jp@gc - Stepping Thread Group 1-737
2026-10-08 17:46:55,851 INFO o.a.j.t.JMeterThread: Stop Thread seen for thread jp@gc - Stepping Thread Group 1-737, reason: org.apache.jorphan.util.JMeterStopThreadException: End of file:/Users/lisa/Documents/tools/date/tokens.csv detected for CSV DataSet:CSV 数据文件设置 configured with stopThread:true, recycle:false
2026-10-08 17:46:55,851 INFO o.a.j.t.JMeterThread: Thread finished: jp@gc - Stepping Thread Group 1-737
2026-10-08 17:46:55,900 INFO o.a.j.t.JMeterThread: Thread started: jp@gc - Stepping Thread Group 1-738
2026-10-08 17:46:55,901 INFO o.a.j.t.JMeterThread: Stop Thread seen for thread jp@gc - Stepping Thread Group 1-738, reason: org.apache.jorphan.util.JMeterStopThreadException: End of file:/Users/lisa/Documents/tools/date/tokens.csv detected for CSV DataSet:CSV 数据文件设置 configured with stopThread:true, recycle:false
2026-10-08 17:46:55,901 INFO o.a.j.t.JMeterThread: Thread finished: jp@gc - Stepping Thread Group 1-738
2026-10-08 17:46:55,948 INFO o.a.j.t.JMeterThread: Thread started: jp@gc - Stepping Thread Group 1-739
2026-10-08 17:46:55,948 INFO o.a.j.t.JMeterThread: Stop Thread seen for thread jp@gc - Stepping Thread Group 1-739, reason: org.apache.jorphan.util.JMeterStopThreadException: End of file:/Users/lisa/Documents/tools/date/tokens.csv detected for CSV DataSet:CSV 数据文件设置 configured with stopThread:true, recycle:false
2026-10-08 17:46:55,948 INFO o.a.j.t.JMeterThread: Thread finished: jp@gc - Stepping Thread Group 1-739
2026-10-08 17:46:56,000 INFO o.a.j.t.JMeterThread: Thread started: jp@gc - Stepping Thread Group 1-740
2026-10-08 17:46:56,001 INFO o.a.j.t.JMeterThread: Stop Thread seen for thread jp@gc - Stepping Thread Group 1-740, reason: org.apache.jorphan.util.JMeterStopThreadException: End of file:/Users/lisa/Documents/tools/date/tokens.csv detected for CSV DataSet:CSV 数据文件设置 configured with stopThread:true, recycle:false
2026-10-08 17:46:56,001 INFO o.a.j.t.JMeterThread: Thread finished: jp@gc - Stepping Thread Group 1-740
2026-10-08 17:46:56,050 INFO o.a.j.t.JMeterThread: Thread started: jp@gc - Stepping Thread Group 1-741
2026-10-08 17:46:56,050 INFO o.a.j.t.JMeterThread: Stop Thread seen for thread jp@gc - Stepping Thread Group 1-741, reason: org.apache.jorphan.util.JMeterStopThreadException: End of file:/Users/lisa/Documents/tools/date/tokens.csv detected for CSV DataSet:CSV 数据文件设置 configured with stopThread:true, recycle:false
2026-10-08 17:46:56,050 INFO o.a.j.t.JMeterThread: Thread finished: jp@gc - Stepping Thread Group 1-741
2026-10-08 17:46:56,097 INFO o.a.j.t.JMeterThread: Thread started: jp@gc - Stepping Thread Group 1-742
2026-10-08 17:46:56,097 INFO o.a.j.t.JMeterThread: Stop Thread seen for thread jp@gc - Stepping Thread Group 1-742, reason: org.apache.jorphan.util.JMeterStopThreadException: End of file:/Users/lisa/Documents/tools/date/tokens.csv detected for CSV DataSet:CSV 数据文件设置 configured with stopThread:true, recycle:false
2026-10-08 17:46:56,097 INFO o.a.j.t.JMeterThread: Thread finished: jp@gc - Stepping Thread Group 1-742
2026-10-08 17:46:56,150 INFO o.a.j.t.JMeterThread: Thread started: jp@gc - Stepping Thread Group 1-743
2026-10-08 17:46:56,151 INFO o.a.j.t.JMeterThread: Stop Thread seen for thread jp@gc - Stepping Thread Group 1-743, reason: org.apache.jorphan.util.JMeterStopThreadException: End of file:/Users/lisa/Documents/tools/date/tokens.csv detected for CSV DataSet:CSV 数据文件设置 configured with stopThread:true, recycle:false
2026-10-08 17:46:56,151 INFO o.a.j.t.JMeterThread: Thread finished: jp@gc - Stepping Thread Group 1-743
2026-10-08 17:46:56,200 INFO o.a.j.t.JMeterThread: Thread started: jp@gc - Stepping Thread Group 1-744
2026-10-08 17:46:56,200 INFO o.a.j.t.JMeterThread: Stop Thread seen for thread jp@gc - Stepping Thread Group 1-744, reason: org.apache.jorphan.util.JMeterStopThreadException: End of file:/Users/lisa/Documents/tools/date/tokens.csv detected for CSV DataSet:CSV 数据文件设置 configured with stopThread:true, recycle:false
2026-10-08 17:46:56,200 INFO o.a.j.t.JMeterThread: Thread finished: jp@gc - Stepping Thread Group 1-744
2026-10-08 17:46:56,246 INFO o.a.j.t.JMeterThread: Thread started: jp@gc - Stepping Thread Group 1-745
2026-10-08 17:46:56,247 INFO o.a.j.t.JMeterThread: Stop Thread seen for thread jp@gc - Stepping Thread Group 1-745, reason: org.apache.jorphan.util.JMeterStopThreadException: End of file:/Users/lisa/Documents/tools/date/tokens.csv detected for CSV DataSet:CSV 数据文件设置 configured with stopThread:true, recycle:false
2026-10-08 17:46:56,247 INFO o.a.j.t.JMeterThread: Thread finished: jp@gc - Stepping Thread Group 1-745
2026-10-08 17:46:56,300 INFO o.a.j.t.JMeterThread: Thread started: jp@gc - Stepping Thread Group 1-746
2026-10-08 17:46:56,300 INFO o.a.j.t.JMeterThread: Stop Thread seen for thread jp@gc - Stepping Thread Group 1-746, reason: org.apache.jorphan.util.JMeterStopThreadException: End of file:/Users/lisa/Documents/tools/date/tokens.csv detected for CSV DataSet:CSV 数据文件设置 configured with stopThread:true, recycle:false
2026-10-08 17:46:56,300 INFO o.a.j.t.JMeterThread: Thread finished: jp@gc - Stepping Thread Group 1-746
2026-10-08 17:46:56,348 INFO o.a.j.t.JMeterThread: Thread started: jp@gc - Stepping Thread Group 1-747
2026-10-08 17:46:56,348 INFO o.a.j.t.JMeterThread: Stop Thread seen for thread jp@gc - Stepping Thread Group 1-747, reason: org.apache.jorphan.util.JMeterStopThreadException: End of file:/Users/lisa/Documents/tools/date/tokens.csv detected for CSV DataSet:CSV 数据文件设置 configured with stopThread:true, recycle:false
2026-10-08 17:46:56,348 INFO o.a.j.t.JMeterThread: Thread finished: jp@gc - Stepping Thread Group 1-747
2026-10-08 17:46:56,395 INFO o.a.j.t.JMeterThread: Thread started: jp@gc - Stepping Thread Group 1-748
2026-10-08 17:46:56,396 INFO o.a.j.t.JMeterThread: Stop Thread seen for thread jp@gc - Stepping Thread Group 1-748, reason: org.apache.jorphan.util.JMeterStopThreadException: End of file:/Users/lisa/Documents/tools/date/tokens.csv detected for CSV DataSet:CSV 数据文件设置 configured with stopThread:true, recycle:false
2026-10-08 17:46:56,396 INFO o.a.j.t.JMeterThread: Thread finished: jp@gc - Stepping Thread Group 1-748
2026-10-08 17:46:56,448 INFO o.a.j.t.JMeterThread: Thread started: jp@gc - Stepping Thread Group 1-749
2026-10-08 17:46:56,449 INFO o.a.j.t.JMeterThread: Stop Thread seen for thread jp@gc - Stepping Thread Group 1-749, reason: org.apache.jorphan.util.JMeterStopThreadException: End of file:/Users/lisa/Documents/tools/date/tokens.csv detected for CSV DataSet:CSV 数据文件设置 configured with stopThread:true, recycle:false
2026-10-08 17:46:56,449 INFO o.a.j.t.JMeterThread: Thread finished: jp@gc - Stepping Thread Group 1-749
2026-10-08 17:46:56,498 INFO o.a.j.t.JMeterThread: Thread started: jp@gc - Stepping Thread Group 1-750
2026-10-08 17:46:56,498 INFO o.a.j.t.JMeterThread: Stop Thread seen for thread jp@gc - Stepping Thread Group 1-750, reason: org.apache.jorphan.util.JMeterStopThreadException: End of file:/Users/lisa/Documents/tools/date/tokens.csv detected for CSV DataSet:CSV 数据文件设置 configured with stopThread:true, recycle:false
2026-10-08 17:46:56,498 INFO o.a.j.t.JMeterThread: Thread finished: jp@gc - Stepping Thread Group 1-750
2026-10-08 17:46:56,549 INFO o.a.j.t.JMeterThread: Thread started: jp@gc - Stepping Thread Group 1-751
2026-10-08 17:46:56,549 INFO o.a.j.t.JMeterThread: Stop Thread seen for thread jp@gc - Stepping Thread Group 1-751, reason: org.apache.jorphan.util.JMeterStopThreadException: End of file:/Users/lisa/Documents/tools/date/tokens.csv detected for CSV DataSet:CSV 数据文件设置 configured with stopThread:true, recycle:false
2026-10-08 17:46:56,549 INFO o.a.j.t.JMeterThread: Thread finished: jp@gc - Stepping Thread Group 1-751
2026-10-08 17:46:56,598 INFO o.a.j.t.JMeterThread: Thread started: jp@gc - Stepping Thread Group 1-752
2026-10-08 17:46:56,598 INFO o.a.j.t.JMeterThread: Stop Thread seen for thread jp@gc - Stepping Thread Group 1-752, reason: org.apache.jorphan.util.JMeterStopThreadException: End of file:/Users/lisa/Documents/tools/date/tokens.csv detected for CSV DataSet:CSV 数据文件设置 configured with stopThread:true, recycle:false
2026-10-08 17:46:56,598 INFO o.a.j.t.JMeterThread: Thread finished: jp@gc - Stepping Thread Group 1-752
2026-10-08 17:46:56,648 INFO o.a.j.t.JMeterThread: Thread started: jp@gc - Stepping Thread Group 1-753
2026-10-08 17:46:56,649 INFO o.a.j.t.JMeterThread: Stop Thread seen for thread jp@gc - Stepping Thread Group 1-753, reason: org.apache.jorphan.util.JMeterStopThreadException: End of file:/Users/lisa/Documents/tools/date/tokens.csv detected for CSV DataSet:CSV 数据文件设置 configured with stopThread:true, recycle:false
2026-10-08 17:46:56,649 INFO o.a.j.t.JMeterThread: Thread finished: jp@gc - Stepping Thread Group 1-753
2026-10-08 17:46:56,700 INFO o.a.j.t.JMeterThread: Thread started: jp@gc - Stepping Thread Group 1-754
2026-10-08 17:46:56,701 INFO o.a.j.t.JMeterThread: Stop Thread seen for thread jp@gc - Stepping Thread Group 1-754, reason: org.apache.jorphan.util.JMeterStopThreadException: End of file:/Users/lisa/Documents/tools/date/tokens.csv detected for CSV DataSet:CSV 数据文件设置 configured with stopThread:true, recycle:false
2026-10-08 17:46:56,701 INFO o.a.j.t.JMeterThread: Thread finished: jp@gc - Stepping Thread Group 1-754
2026-10-08 17:46:56,751 INFO o.a.j.t.JMeterThread: Thread started: jp@gc - Stepping Thread Group 1-755
2026-10-08 17:46:56,751 INFO o.a.j.t.JMeterThread: Stop Thread seen for thread jp@gc - Stepping Thread Group 1-755, reason: org.apache.jorphan.util.JMeterStopThreadException: End of file:/Users/lisa/Documents/tools/date/tokens.csv detected for CSV DataSet:CSV 数据文件设置 configured with stopThread:true, recycle:false
2026-10-08 17:46:56,751 INFO o.a.j.t.JMeterThread: Thread finished: jp@gc - Stepping Thread Group 1-755
2026-10-08 17:46:56,796 INFO o.a.j.t.JMeterThread: Thread started: jp@gc - Stepping Thread Group 1-756
2026-10-08 17:46:56,796 INFO o.a.j.t.JMeterThread: Stop Thread seen for thread jp@gc - Stepping Thread Group 1-756, reason: org.apache.jorphan.util.JMeterStopThreadException: End of file:/Users/lisa/Documents/tools/date/tokens.csv detected for CSV DataSet:CSV 数据文件设置 configured with stopThread:true, recycle:false
2026-10-08 17:46:56,796 INFO o.a.j.t.JMeterThread: Thread finished: jp@gc - Stepping Thread Group 1-756
2026-10-08 17:46:56,848 INFO o.a.j.t.JMeterThread: Thread started: jp@gc - Stepping Thread Group 1-757
2026-10-08 17:46:56,848 INFO o.a.j.t.JMeterThread: Stop Thread seen for thread jp@gc - Stepping Thread Group 1-757, reason: org.apache.jorphan.util.JMeterStopThreadException: End of file:/Users/lisa/Documents/tools/date/tokens.csv detected for CSV DataSet:CSV 数据文件设置 configured with stopThread:true, recycle:false
2026-10-08 17:46:56,849 INFO o.a.j.t.JMeterThread: Thread finished: jp@gc - Stepping Thread Group 1-757
2026-10-08 17:46:56,900 INFO o.a.j.t.JMeterThread: Thread started: jp@gc - Stepping Thread Group 1-758
2026-10-08 17:46:56,900 INFO o.a.j.t.JMeterThread: Stop Thread seen for thread jp@gc - Stepping Thread Group 1-758, reason: org.apache.jorphan.util.JMeterStopThreadException: End of file:/Users/lisa/Documents/tools/date/tokens.csv detected for CSV DataSet:CSV 数据文件设置 configured with stopThread:true, recycle:false
2026-10-08 17:46:56,900 INFO o.a.j.t.JMeterThread: Thread finished: jp@gc - Stepping Thread Group 1-758
2026-10-08 17:46:56,949 INFO o.a.j.t.JMeterThread: Thread started: jp@gc - Stepping Thread Group 1-759
2026-10-08 17:46:56,950 INFO o.a.j.t.JMeterThread: Stop Thread seen for thread jp@gc - Stepping Thread Group 1-759, reason: org.apache.jorphan.util.JMeterStopThreadException: End of file:/Users/lisa/Documents/tools/date/tokens.csv detected for CSV DataSet:CSV 数据文件设置 configured with stopThread:true, recycle:false
2026-10-08 17:46:56,950 INFO o.a.j.t.JMeterThread: Thread finished: jp@gc - Stepping Thread Group 1-759
2026-10-08 17:46:56,997 INFO o.a.j.t.JMeterThread: Thread started: jp@gc - Stepping Thread Group 1-760
2026-10-08 17:46:56,997 INFO o.a.j.t.JMeterThread: Stop Thread seen for thread jp@gc - Stepping Thread Group 1-760, reason: org.apache.jorphan.util.JMeterStopThreadException: End of file:/Users/lisa/Documents/tools/date/tokens.csv detected for CSV DataSet:CSV 数据文件设置 configured with stopThread:true, recycle:false
2026-10-08 17:46:56,997 INFO o.a.j.t.JMeterThread: Thread finished: jp@gc - Stepping Thread Group 1-760
2026-10-08 17:46:57,050 INFO o.a.j.t.JMeterThread: Thread started: jp@gc - Stepping Thread Group 1-761
2026-10-08 17:46:57,050 INFO o.a.j.t.JMeterThread: Stop Thread seen for thread jp@gc - Stepping Thread Group 1-761, reason: org.apache.jorphan.util.JMeterStopThreadException: End of file:/Users/lisa/Documents/tools/date/tokens.csv detected for CSV DataSet:CSV 数据文件设置 configured with stopThread:true, recycle:false
2026-10-08 17:46:57,050 INFO o.a.j.t.JMeterThread: Thread finished: jp@gc - Stepping Thread Group 1-761
2026-10-08 17:46:57,097 INFO o.a.j.t.JMeterThread: Thread started: jp@gc - Stepping Thread Group 1-762
2026-10-08 17:46:57,097 INFO o.a.j.t.JMeterThread: Stop Thread seen for thread jp@gc - Stepping Thread Group 1-762, reason: org.apache.jorphan.util.JMeterStopThreadException: End of file:/Users/lisa/Documents/tools/date/tokens.csv detected for CSV DataSet:CSV 数据文件设置 configured with stopThread:true, recycle:false
2026-10-08 17:46:57,097 INFO o.a.j.t.JMeterThread: Thread finished: jp@gc - Stepping Thread Group 1-762
2026-10-08 17:46:57,148 INFO o.a.j.t.JMeterThread: Thread started: jp@gc - Stepping Thread Group 1-763
2026-10-08 17:46:57,148 INFO o.a.j.t.JMeterThread: Stop Thread seen for thread jp@gc - Stepping Thread Group 1-763, reason: org.apache.jorphan.util.JMeterStopThreadException: End of file:/Users/lisa/Documents/tools/date/tokens.csv detected for CSV DataSet:CSV 数据文件设置 configured with stopThread:true, recycle:false
2026-10-08 17:46:57,148 INFO o.a.j.t.JMeterThread: Thread finished: jp@gc - Stepping Thread Group 1-763
2026-10-08 17:46:57,200 INFO o.a.j.t.JMeterThread: Thread started: jp@gc - Stepping Thread Group 1-764
2026-10-08 17:46:57,200 INFO o.a.j.t.JMeterThread: Stop Thread seen for thread jp@gc - Stepping Thread Group 1-764, reason: org.apache.jorphan.util.JMeterStopThreadException: End of file:/Users/lisa/Documents/tools/date/tokens.csv detected for CSV DataSet:CSV 数据文件设置 configured with stopThread:true, recycle:false
2026-10-08 17:46:57,200 INFO o.a.j.t.JMeterThread: Thread finished: jp@gc - Stepping Thread Group 1-764
2026-10-08 17:46:57,250 INFO o.a.j.t.JMeterThread: Thread started: jp@gc - Stepping Thread Group 1-765
2026-10-08 17:46:57,250 INFO o.a.j.t.JMeterThread: Stop Thread seen for thread jp@gc - Stepping Thread Group 1-765, reason: org.apache.jorphan.util.JMeterStopThreadException: End of file:/Users/lisa/Documents/tools/date/tokens.csv detected for CSV DataSet:CSV 数据文件设置 configured with stopThread:true, recycle:false
2026-10-08 17:46:57,250 INFO o.a.j.t.JMeterThread: Thread finished: jp@gc - Stepping Thread Group 1-765
2026-10-08 17:46:57,300 INFO o.a.j.t.JMeterThread: Thread started: jp@gc - Stepping Thread Group 1-766
2026-10-08 17:46:57,301 INFO o.a.j.t.JMeterThread: Stop Thread seen for thread jp@gc - Stepping Thread Group 1-766, reason: org.apache.jorphan.util.JMeterStopThreadException: End of file:/Users/lisa/Documents/tools/date/tokens.csv detected for CSV DataSet:CSV 数据文件设置 configured with stopThread:true, recycle:false
2026-10-08 17:46:57,301 INFO o.a.j.t.JMeterThread: Thread finished: jp@gc - Stepping Thread Group 1-766
2026-10-08 17:46:57,350 INFO o.a.j.t.JMeterThread: Thread started: jp@gc - Stepping Thread Group 1-767
2026-10-08 17:46:57,350 INFO o.a.j.t.JMeterThread: Stop Thread seen for thread jp@gc - Stepping Thread Group 1-767, reason: org.apache.jorphan.util.JMeterStopThreadException: End of file:/Users/lisa/Documents/tools/date/tokens.csv detected for CSV DataSet:CSV 数据文件设置 configured with stopThread:true, recycle:false
2026-10-08 17:46:57,350 INFO o.a.j.t.JMeterThread: Thread finished: jp@gc - Stepping Thread Group 1-767
2026-10-08 17:46:57,400 INFO o.a.j.t.JMeterThread: Thread started: jp@gc - Stepping Thread Group 1-768
2026-10-08 17:46:57,400 INFO o.a.j.t.JMeterThread: Stop Thread seen for thread jp@gc - Stepping Thread Group 1-768, reason: org.apache.jorphan.util.JMeterStopThreadException: End of file:/Users/lisa/Documents/tools/date/tokens.csv detected for CSV DataSet:CSV 数据文件设置 configured with stopThread:true, recycle:false
2026-10-08 17:46:57,401 INFO o.a.j.t.JMeterThread: Thread finished: jp@gc - Stepping Thread Group 1-768
2026-10-08 17:46:57,450 INFO o.a.j.t.JMeterThread: Thread started: jp@gc - Stepping Thread Group 1-769
2026-10-08 17:46:57,450 INFO o.a.j.t.JMeterThread: Stop Thread seen for thread jp@gc - Stepping Thread Group 1-769, reason: org.apache.jorphan.util.JMeterStopThreadException: End of file:/Users/lisa/Documents/tools/date/tokens.csv detected for CSV DataSet:CSV 数据文件设置 configured with stopThread:true, recycle:false
2026-10-08 17:46:57,450 INFO o.a.j.t.JMeterThread: Thread finished: jp@gc - Stepping Thread Group 1-769
2026-10-08 17:46:57,500 INFO o.a.j.t.JMeterThread: Thread started: jp@gc - Stepping Thread Group 1-770
2026-10-08 17:46:57,500 INFO o.a.j.t.JMeterThread: Stop Thread seen for thread jp@gc - Stepping Thread Group 1-770, reason: org.apache.jorphan.util.JMeterStopThreadException: End of file:/Users/lisa/Documents/tools/date/tokens.csv detected for CSV DataSet:CSV 数据文件设置 configured with stopThread:true, recycle:false
2026-10-08 17:46:57,501 INFO o.a.j.t.JMeterThread: Thread finished: jp@gc - Stepping Thread Group 1-770
2026-10-08 17:46:57,550 INFO o.a.j.t.JMeterThread: Thread started: jp@gc - Stepping Thread Group 1-771
2026-10-08 17:46:57,550 INFO o.a.j.t.JMeterThread: Stop Thread seen for thread jp@gc - Stepping Thread Group 1-771, reason: org.apache.jorphan.util.JMeterStopThreadException: End of file:/Users/lisa/Documents/tools/date/tokens.csv detected for CSV DataSet:CSV 数据文件设置 configured with stopThread:true, recycle:false
2026-10-08 17:46:57,550 INFO o.a.j.t.JMeterThread: Thread finished: jp@gc - Stepping Thread Group 1-771
2026-10-08 17:46:57,599 INFO o.a.j.t.JMeterThread: Thread started: jp@gc - Stepping Thread Group 1-772
2026-10-08 17:46:57,600 INFO o.a.j.t.JMeterThread: Stop Thread seen for thread jp@gc - Stepping Thread Group 1-772, reason: org.apache.jorphan.util.JMeterStopThreadException: End of file:/Users/lisa/Documents/tools/date/tokens.csv detected for CSV DataSet:CSV 数据文件设置 configured with stopThread:true, recycle:false
2026-10-08 17:46:57,600 INFO o.a.j.t.JMeterThread: Thread finished: jp@gc - Stepping Thread Group 1-772
2026-10-08 17:46:57,647 INFO o.a.j.t.JMeterThread: Thread started: jp@gc - Stepping Thread Group 1-773
2026-10-08 17:46:57,647 INFO o.a.j.t.JMeterThread: Stop Thread seen for thread jp@gc - Stepping Thread Group 1-773, reason: org.apache.jorphan.util.JMeterStopThreadException: End of file:/Users/lisa/Documents/tools/date/tokens.csv detected for CSV DataSet:CSV 数据文件设置 configured with stopThread:true, recycle:false
2026-10-08 17:46:57,647 INFO o.a.j.t.JMeterThread: Thread finished: jp@gc - Stepping Thread Group 1-773
2026-10-08 17:46:57,700 INFO o.a.j.t.JMeterThread: Thread started: jp@gc - Stepping Thread Group 1-774
2026-10-08 17:46:57,700 INFO o.a.j.t.JMeterThread: Stop Thread seen for thread jp@gc - Stepping Thread Group 1-774, reason: org.apache.jorphan.util.JMeterStopThreadException: End of file:/Users/lisa/Documents/tools/date/tokens.csv detected for CSV DataSet:CSV 数据文件设置 configured with stopThread:true, recycle:false
2026-10-08 17:46:57,700 INFO o.a.j.t.JMeterThread: Thread finished: jp@gc - Stepping Thread Group 1-774
2026-10-08 17:46:57,747 INFO o.a.j.t.JMeterThread: Thread started: jp@gc - Stepping Thread Group 1-775
2026-10-08 17:46:57,747 INFO o.a.j.t.JMeterThread: Stop Thread seen for thread jp@gc - Stepping Thread Group 1-775, reason: org.apache.jorphan.util.JMeterStopThreadException: End of file:/Users/lisa/Documents/tools/date/tokens.csv detected for CSV DataSet:CSV 数据文件设置 configured with stopThread:true, recycle:false
2026-10-08 17:46:57,748 INFO o.a.j.t.JMeterThread: Thread finished: jp@gc - Stepping Thread Group 1-775
2026-10-08 17:46:57,800 INFO o.a.j.t.JMeterThread: Thread started: jp@gc - Stepping Thread Group 1-776
2026-10-08 17:46:57,800 INFO o.a.j.t.JMeterThread: Stop Thread seen for thread jp@gc - Stepping Thread Group 1-776, reason: org.apache.jorphan.util.JMeterStopThreadException: End of file:/Users/lisa/Documents/tools/date/tokens.csv detected for CSV DataSet:CSV 数据文件设置 configured with stopThread:true, recycle:false
2026-10-08 17:46:57,801 INFO o.a.j.t.JMeterThread: Thread finished: jp@gc - Stepping Thread Group 1-776
2026-10-08 17:46:57,850 INFO o.a.j.t.JMeterThread: Thread started: jp@gc - Stepping Thread Group 1-777
2026-10-08 17:46:57,850 INFO o.a.j.t.JMeterThread: Stop Thread seen for thread jp@gc - Stepping Thread Group 1-777, reason: org.apache.jorphan.util.JMeterStopThreadException: End of file:/Users/lisa/Documents/tools/date/tokens.csv detected for CSV DataSet:CSV 数据文件设置 configured with stopThread:true, recycle:false
2026-10-08 17:46:57,851 INFO o.a.j.t.JMeterThread: Thread finished: jp@gc - Stepping Thread Group 1-777
2026-10-08 17:46:57,896 INFO o.a.j.t.JMeterThread: Thread started: jp@gc - Stepping Thread Group 1-778
2026-10-08 17:46:57,896 INFO o.a.j.t.JMeterThread: Stop Thread seen for thread jp@gc - Stepping Thread Group 1-778, reason: org.apache.jorphan.util.JMeterStopThreadException: End of file:/Users/lisa/Documents/tools/date/tokens.csv detected for CSV DataSet:CSV 数据文件设置 configured with stopThread:true, recycle:false
2026-10-08 17:46:57,896 INFO o.a.j.t.JMeterThread: Thread finished: jp@gc - Stepping Thread Group 1-778
2026-10-08 17:46:57,947 INFO o.a.j.t.JMeterThread: Thread started: jp@gc - Stepping Thread Group 1-779
2026-10-08 17:46:57,948 INFO o.a.j.t.JMeterThread: Stop Thread seen for thread jp@gc - Stepping Thread Group 1-779, reason: org.apache.jorphan.util.JMeterStopThreadException: End of file:/Users/lisa/Documents/tools/date/tokens.csv detected for CSV DataSet:CSV 数据文件设置 configured with stopThread:true, recycle:false
2026-10-08 17:46:57,948 INFO o.a.j.t.JMeterThread: Thread finished: jp@gc - Stepping Thread Group 1-779
2026-10-08 17:46:58,000 INFO o.a.j.t.JMeterThread: Thread started: jp@gc - Stepping Thread Group 1-780
2026-10-08 17:46:58,001 INFO o.a.j.t.JMeterThread: Stop Thread seen for thread jp@gc - Stepping Thread Group 1-780, reason: org.apache.jorphan.util.JMeterStopThreadException: End of file:/Users/lisa/Documents/tools/date/tokens.csv detected for CSV DataSet:CSV 数据文件设置 configured with stopThread:true, recycle:false
2026-10-08 17:46:58,001 INFO o.a.j.t.JMeterThread: Thread finished: jp@gc - Stepping Thread Group 1-780
2026-10-08 17:46:58,051 INFO o.a.j.t.JMeterThread: Thread started: jp@gc - Stepping Thread Group 1-781
2026-10-08 17:46:58,051 INFO o.a.j.t.JMeterThread: Stop Thread seen for thread jp@gc - Stepping Thread Group 1-781, reason: org.apache.jorphan.util.JMeterStopThreadException: End of file:/Users/lisa/Documents/tools/date/tokens.csv detected for CSV DataSet:CSV 数据文件设置 configured with stopThread:true, recycle:false
2026-10-08 17:46:58,051 INFO o.a.j.t.JMeterThread: Thread finished: jp@gc - Stepping Thread Group 1-781
2026-10-08 17:46:58,099 INFO o.a.j.t.JMeterThread: Thread started: jp@gc - Stepping Thread Group 1-782
2026-10-08 17:46:58,099 INFO o.a.j.t.JMeterThread: Stop Thread seen for thread jp@gc - Stepping Thread Group 1-782, reason: org.apache.jorphan.util.JMeterStopThreadException: End of file:/Users/lisa/Documents/tools/date/tokens.csv detected for CSV DataSet:CSV 数据文件设置 configured with stopThread:true, recycle:false
2026-10-08 17:46:58,099 INFO o.a.j.t.JMeterThread: Thread finished: jp@gc - Stepping Thread Group 1-782
2026-10-08 17:46:58,149 INFO o.a.j.t.JMeterThread: Thread started: jp@gc - Stepping Thread Group 1-783
2026-10-08 17:46:58,149 INFO o.a.j.t.JMeterThread: Stop Thread seen for thread jp@gc - Stepping Thread Group 1-783, reason: org.apache.jorphan.util.JMeterStopThreadException: End of file:/Users/lisa/Documents/tools/date/tokens.csv detected for CSV DataSet:CSV 数据文件设置 configured with stopThread:true, recycle:false
2026-10-08 17:46:58,149 INFO o.a.j.t.JMeterThread: Thread finished: jp@gc - Stepping Thread Group 1-783
2026-10-08 17:46:58,198 INFO o.a.j.t.JMeterThread: Thread started: jp@gc - Stepping Thread Group 1-784
2026-10-08 17:46:58,198 INFO o.a.j.t.JMeterThread: Stop Thread seen for thread jp@gc - Stepping Thread Group 1-784, reason: org.apache.jorphan.util.JMeterStopThreadException: End of file:/Users/lisa/Documents/tools/date/tokens.csv detected for CSV DataSet:CSV 数据文件设置 configured with stopThread:true, recycle:false
2026-10-08 17:46:58,198 INFO o.a.j.t.JMeterThread: Thread finished: jp@gc - Stepping Thread Group 1-784
2026-10-08 17:46:58,246 INFO o.a.j.t.JMeterThread: Thread started: jp@gc - Stepping Thread Group 1-785
2026-10-08 17:46:58,246 INFO o.a.j.t.JMeterThread: Stop Thread seen for thread jp@gc - Stepping Thread Group 1-785, reason: org.apache.jorphan.util.JMeterStopThreadException: End of file:/Users/lisa/Documents/tools/date/tokens.csv detected for CSV DataSet:CSV 数据文件设置 configured with stopThread:true, recycle:false
2026-10-08 17:46:58,246 INFO o.a.j.t.JMeterThread: Thread finished: jp@gc - Stepping Thread Group 1-785
2026-10-08 17:46:58,300 INFO o.a.j.t.JMeterThread: Thread started: jp@gc - Stepping Thread Group 1-786
2026-10-08 17:46:58,300 INFO o.a.j.t.JMeterThread: Stop Thread seen for thread jp@gc - Stepping Thread Group 1-786, reason: org.apache.jorphan.util.JMeterStopThreadException: End of file:/Users/lisa/Documents/tools/date/tokens.csv detected for CSV DataSet:CSV 数据文件设置 configured with stopThread:true, recycle:false
2026-10-08 17:46:58,301 INFO o.a.j.t.JMeterThread: Thread finished: jp@gc - Stepping Thread Group 1-786
2026-10-08 17:46:58,348 INFO o.a.j.t.JMeterThread: Thread started: jp@gc - Stepping Thread Group 1-787
2026-10-08 17:46:58,349 INFO o.a.j.t.JMeterThread: Stop Thread seen for thread jp@gc - Stepping Thread Group 1-787, reason: org.apache.jorphan.util.JMeterStopThreadException: End of file:/Users/lisa/Documents/tools/date/tokens.csv detected for CSV DataSet:CSV 数据文件设置 configured with stopThread:true, recycle:false
2026-10-08 17:46:58,349 INFO o.a.j.t.JMeterThread: Thread finished: jp@gc - Stepping Thread Group 1-787
2026-10-08 17:46:58,400 INFO o.a.j.t.JMeterThread: Thread started: jp@gc - Stepping Thread Group 1-788
2026-10-08 17:46:58,401 INFO o.a.j.t.JMeterThread: Stop Thread seen for thread jp@gc - Stepping Thread Group 1-788, reason: org.apache.jorphan.util.JMeterStopThreadException: End of file:/Users/lisa/Documents/tools/date/tokens.csv detected for CSV DataSet:CSV 数据文件设置 configured with stopThread:true, recycle:false
2026-10-08 17:46:58,401 INFO o.a.j.t.JMeterThread: Thread finished: jp@gc - Stepping Thread Group 1-788
2026-10-08 17:46:58,447 INFO o.a.j.t.JMeterThread: Thread started: jp@gc - Stepping Thread Group 1-789
2026-10-08 17:46:58,448 INFO o.a.j.t.JMeterThread: Stop Thread seen for thread jp@gc - Stepping Thread Group 1-789, reason: org.apache.jorphan.util.JMeterStopThreadException: End of file:/Users/lisa/Documents/tools/date/tokens.csv detected for CSV DataSet:CSV 数据文件设置 configured with stopThread:true, recycle:false
2026-10-08 17:46:58,448 INFO o.a.j.t.JMeterThread: Thread finished: jp@gc - Stepping Thread Group 1-789
2026-10-08 17:46:58,499 INFO o.a.j.t.JMeterThread: Thread started: jp@gc - Stepping Thread Group 1-790
2026-10-08 17:46:58,499 INFO o.a.j.t.JMeterThread: Stop Thread seen for thread jp@gc - Stepping Thread Group 1-790, reason: org.apache.jorphan.util.JMeterStopThreadException: End of file:/Users/lisa/Documents/tools/date/tokens.csv detected for CSV DataSet:CSV 数据文件设置 configured with stopThread:true, recycle:false
2026-10-08 17:46:58,499 INFO o.a.j.t.JMeterThread: Thread finished: jp@gc - Stepping Thread Group 1-790
2026-10-08 17:46:58,546 INFO o.a.j.t.JMeterThread: Thread started: jp@gc - Stepping Thread Group 1-791
2026-10-08 17:46:58,546 INFO o.a.j.t.JMeterThread: Stop Thread seen for thread jp@gc - Stepping Thread Group 1-791, reason: org.apache.jorphan.util.JMeterStopThreadException: End of file:/Users/lisa/Documents/tools/date/tokens.csv detected for CSV DataSet:CSV 数据文件设置 configured with stopThread:true, recycle:false
2026-10-08 17:46:58,546 INFO o.a.j.t.JMeterThread: Thread finished: jp@gc - Stepping Thread Group 1-791
2026-10-08 17:46:58,600 INFO o.a.j.t.JMeterThread: Thread started: jp@gc - Stepping Thread Group 1-792
2026-10-08 17:46:58,600 INFO o.a.j.t.JMeterThread: Stop Thread seen for thread jp@gc - Stepping Thread Group 1-792, reason: org.apache.jorphan.util.JMeterStopThreadException: End of file:/Users/lisa/Documents/tools/date/tokens.csv detected for CSV DataSet:CSV 数据文件设置 configured with stopThread:true, recycle:false
2026-10-08 17:46:58,600 INFO o.a.j.t.JMeterThread: Thread finished: jp@gc - Stepping Thread Group 1-792
2026-10-08 17:46:58,650 INFO o.a.j.t.JMeterThread: Thread started: jp@gc - Stepping Thread Group 1-793
2026-10-08 17:46:58,651 INFO o.a.j.t.JMeterThread: Stop Thread seen for thread jp@gc - Stepping Thread Group 1-793, reason: org.apache.jorphan.util.JMeterStopThreadException: End of file:/Users/lisa/Documents/tools/date/tokens.csv detected for CSV DataSet:CSV 数据文件设置 configured with stopThread:true, recycle:false
2026-10-08 17:46:58,651 INFO o.a.j.t.JMeterThread: Thread finished: jp@gc - Stepping Thread Group 1-793
2026-10-08 17:46:58,700 INFO o.a.j.t.JMeterThread: Thread started: jp@gc - Stepping Thread Group 1-794
2026-10-08 17:46:58,701 INFO o.a.j.t.JMeterThread: Stop Thread seen for thread jp@gc - Stepping Thread Group 1-794, reason: org.apache.jorphan.util.JMeterStopThreadException: End of file:/Users/lisa/Documents/tools/date/tokens.csv detected for CSV DataSet:CSV 数据文件设置 configured with stopThread:true, recycle:false
2026-10-08 17:46:58,701 INFO o.a.j.t.JMeterThread: Thread finished: jp@gc - Stepping Thread Group 1-794
2026-10-08 17:46:58,751 INFO o.a.j.t.JMeterThread: Thread started: jp@gc - Stepping Thread Group 1-795
2026-10-08 17:46:58,751 INFO o.a.j.t.JMeterThread: Stop Thread seen for thread jp@gc - Stepping Thread Group 1-795, reason: org.apache.jorphan.util.JMeterStopThreadException: End of file:/Users/lisa/Documents/tools/date/tokens.csv detected for CSV DataSet:CSV 数据文件设置 configured with stopThread:true, recycle:false
2026-10-08 17:46:58,751 INFO o.a.j.t.JMeterThread: Thread finished: jp@gc - Stepping Thread Group 1-795
2026-10-08 17:46:58,796 INFO o.a.j.t.JMeterThread: Thread started: jp@gc - Stepping Thread Group 1-796
2026-10-08 17:46:58,796 INFO o.a.j.t.JMeterThread: Stop Thread seen for thread jp@gc - Stepping Thread Group 1-796, reason: org.apache.jorphan.util.JMeterStopThreadException: End of file:/Users/lisa/Documents/tools/date/tokens.csv detected for CSV DataSet:CSV 数据文件设置 configured with stopThread:true, recycle:false
2026-10-08 17:46:58,796 INFO o.a.j.t.JMeterThread: Thread finished: jp@gc - Stepping Thread Group 1-796
2026-10-08 17:46:58,850 INFO o.a.j.t.JMeterThread: Thread started: jp@gc - Stepping Thread Group 1-797
2026-10-08 17:46:58,850 INFO o.a.j.t.JMeterThread: Stop Thread seen for thread jp@gc - Stepping Thread Group 1-797, reason: org.apache.jorphan.util.JMeterStopThreadException: End of file:/Users/lisa/Documents/tools/date/tokens.csv detected for CSV DataSet:CSV 数据文件设置 configured with stopThread:true, recycle:false
2026-10-08 17:46:58,850 INFO o.a.j.t.JMeterThread: Thread finished: jp@gc - Stepping Thread Group 1-797
2026-10-08 17:46:58,900 INFO o.a.j.t.JMeterThread: Thread started: jp@gc - Stepping Thread Group 1-798
2026-10-08 17:46:58,901 INFO o.a.j.t.JMeterThread: Stop Thread seen for thread jp@gc - Stepping Thread Group 1-798, reason: org.apache.jorphan.util.JMeterStopThreadException: End of file:/Users/lisa/Documents/tools/date/tokens.csv detected for CSV DataSet:CSV 数据文件设置 configured with stopThread:true, recycle:false
2026-10-08 17:46:58,901 INFO o.a.j.t.JMeterThread: Thread finished: jp@gc - Stepping Thread Group 1-798
2026-10-08 17:46:58,947 INFO o.a.j.t.JMeterThread: Thread started: jp@gc - Stepping Thread Group 1-799
2026-10-08 17:46:58,947 INFO o.a.j.t.JMeterThread: Stop Thread seen for thread jp@gc - Stepping Thread Group 1-799, reason: org.apache.jorphan.util.JMeterStopThreadException: End of file:/Users/lisa/Documents/tools/date/tokens.csv detected for CSV DataSet:CSV 数据文件设置 configured with stopThread:true, recycle:false
2026-10-08 17:46:58,947 INFO o.a.j.t.JMeterThread: Thread finished: jp@gc - Stepping Thread Group 1-799
2026-10-08 17:46:58,999 INFO o.a.j.t.JMeterThread: Thread started: jp@gc - Stepping Thread Group 1-800
2026-10-08 17:46:58,999 INFO o.a.j.t.JMeterThread: Stop Thread seen for thread jp@gc - Stepping Thread Group 1-800, reason: org.apache.jorphan.util.JMeterStopThreadException: End of file:/Users/lisa/Documents/tools/date/tokens.csv detected for CSV DataSet:CSV 数据文件设置 configured with stopThread:true, recycle:false
2026-10-08 17:46:58,999 INFO o.a.j.t.JMeterThread: Thread finished: jp@gc - Stepping Thread Group 1-800
2026-10-08 17:47:05,048 INFO o.a.j.t.JMeterThread: Thread started: jp@gc - Stepping Thread Group 1-801
2026-10-08 17:47:05,049 INFO o.a.j.t.JMeterThread: Stop Thread seen for thread jp@gc - Stepping Thread Group 1-801, reason: org.apache.jorphan.util.JMeterStopThreadException: End of file:/Users/lisa/Documents/tools/date/tokens.csv detected for CSV DataSet:CSV 数据文件设置 configured with stopThread:true, recycle:false
2026-10-08 17:47:05,049 INFO o.a.j.t.JMeterThread: Thread finished: jp@gc - Stepping Thread Group 1-801
2026-10-08 17:47:05,100 INFO o.a.j.t.JMeterThread: Thread started: jp@gc - Stepping Thread Group 1-802
2026-10-08 17:47:05,101 INFO o.a.j.t.JMeterThread: Stop Thread seen for thread jp@gc - Stepping Thread Group 1-802, reason: org.apache.jorphan.util.JMeterStopThreadException: End of file:/Users/lisa/Documents/tools/date/tokens.csv detected for CSV DataSet:CSV 数据文件设置 configured with stopThread:true, recycle:false
2026-10-08 17:47:05,101 INFO o.a.j.t.JMeterThread: Thread finished: jp@gc - Stepping Thread Group 1-802
2026-10-08 17:47:05,145 INFO o.a.j.t.JMeterThread: Thread started: jp@gc - Stepping Thread Group 1-803
2026-10-08 17:47:05,146 INFO o.a.j.t.JMeterThread: Stop Thread seen for thread jp@gc - Stepping Thread Group 1-803, reason: org.apache.jorphan.util.JMeterStopThreadException: End of file:/Users/lisa/Documents/tools/date/tokens.csv detected for CSV DataSet:CSV 数据文件设置 configured with stopThread:true, recycle:false
2026-10-08 17:47:05,146 INFO o.a.j.t.JMeterThread: Thread finished: jp@gc - Stepping Thread Group 1-803
2026-10-08 17:47:05,201 INFO o.a.j.t.JMeterThread: Thread started: jp@gc - Stepping Thread Group 1-804
2026-10-08 17:47:05,201 INFO o.a.j.t.JMeterThread: Stop Thread seen for thread jp@gc - Stepping Thread Group 1-804, reason: org.apache.jorphan.util.JMeterStopThreadException: End of file:/Users/lisa/Documents/tools/date/tokens.csv detected for CSV DataSet:CSV 数据文件设置 configured with stopThread:true, recycle:false
2026-10-08 17:47:05,201 INFO o.a.j.t.JMeterThread: Thread finished: jp@gc - Stepping Thread Group 1-804
2026-10-08 17:47:05,246 INFO o.a.j.t.JMeterThread: Thread started: jp@gc - Stepping Thread Group 1-805
2026-10-08 17:47:05,246 INFO o.a.j.t.JMeterThread: Stop Thread seen for thread jp@gc - Stepping Thread Group 1-805, reason: org.apache.jorphan.util.JMeterStopThreadException: End of file:/Users/lisa/Documents/tools/date/tokens.csv detected for CSV DataSet:CSV 数据文件设置 configured with stopThread:true, recycle:false
2026-10-08 17:47:05,246 INFO o.a.j.t.JMeterThread: Thread finished: jp@gc - Stepping Thread Group 1-805
2026-10-08 17:47:05,300 INFO o.a.j.t.JMeterThread: Thread started: jp@gc - Stepping Thread Group 1-806
2026-10-08 17:47:05,300 INFO o.a.j.t.JMeterThread: Stop Thread seen for thread jp@gc - Stepping Thread Group 1-806, reason: org.apache.jorphan.util.JMeterStopThreadException: End of file:/Users/lisa/Documents/tools/date/tokens.csv detected for CSV DataSet:CSV 数据文件设置 configured with stopThread:true, recycle:false
2026-10-08 17:47:05,301 INFO o.a.j.t.JMeterThread: Thread finished: jp@gc - Stepping Thread Group 1-806
2026-10-08 17:47:05,350 INFO o.a.j.t.JMeterThread: Thread started: jp@gc - Stepping Thread Group 1-807
2026-10-08 17:47:05,350 INFO o.a.j.t.JMeterThread: Stop Thread seen for thread jp@gc - Stepping Thread Group 1-807, reason: org.apache.jorphan.util.JMeterStopThreadException: End of file:/Users/lisa/Documents/tools/date/tokens.csv detected for CSV DataSet:CSV 数据文件设置 configured with stopThread:true, recycle:false
2026-10-08 17:47:05,350 INFO o.a.j.t.JMeterThread: Thread finished: jp@gc - Stepping Thread Group 1-807
2026-10-08 17:47:05,399 INFO o.a.j.t.JMeterThread: Thread started: jp@gc - Stepping Thread Group 1-808
2026-10-08 17:47:05,400 INFO o.a.j.t.JMeterThread: Stop Thread seen for thread jp@gc - Stepping Thread Group 1-808, reason: org.apache.jorphan.util.JMeterStopThreadException: End of file:/Users/lisa/Documents/tools/date/tokens.csv detected for CSV DataSet:CSV 数据文件设置 configured with stopThread:true, recycle:false
2026-10-08 17:47:05,400 INFO o.a.j.t.JMeterThread: Thread finished: jp@gc - Stepping Thread Group 1-808
2026-10-08 17:47:05,450 INFO o.a.j.t.JMeterThread: Thread started: jp@gc - Stepping Thread Group 1-809
2026-10-08 17:47:05,451 INFO o.a.j.t.JMeterThread: Stop Thread seen for thread jp@gc - Stepping Thread Group 1-809, reason: org.apache.jorphan.util.JMeterStopThreadException: End of file:/Users/lisa/Documents/tools/date/tokens.csv detected for CSV DataSet:CSV 数据文件设置 configured with stopThread:true, recycle:false
2026-10-08 17:47:05,451 INFO o.a.j.t.JMeterThread: Thread finished: jp@gc - Stepping Thread Group 1-809
2026-10-08 17:47:05,500 INFO o.a.j.t.JMeterThread: Thread started: jp@gc - Stepping Thread Group 1-810
2026-10-08 17:47:05,500 INFO o.a.j.t.JMeterThread: Stop Thread seen for thread jp@gc - Stepping Thread Group 1-810, reason: org.apache.jorphan.util.JMeterStopThreadException: End of file:/Users/lisa/Documents/tools/date/tokens.csv detected for CSV DataSet:CSV 数据文件设置 configured with stopThread:true, recycle:false
2026-10-08 17:47:05,500 INFO o.a.j.t.JMeterThread: Thread finished: jp@gc - Stepping Thread Group 1-810
2026-10-08 17:47:05,550 INFO o.a.j.t.JMeterThread: Thread started: jp@gc - Stepping Thread Group 1-811
2026-10-08 17:47:05,550 INFO o.a.j.t.JMeterThread: Stop Thread seen for thread jp@gc - Stepping Thread Group 1-811, reason: org.apache.jorphan.util.JMeterStopThreadException: End of file:/Users/lisa/Documents/tools/date/tokens.csv detected for CSV DataSet:CSV 数据文件设置 configured with stopThread:true, recycle:false
2026-10-08 17:47:05,550 INFO o.a.j.t.JMeterThread: Thread finished: jp@gc - Stepping Thread Group 1-811
2026-10-08 17:47:05,600 INFO o.a.j.t.JMeterThread: Thread started: jp@gc - Stepping Thread Group 1-812
2026-10-08 17:47:05,600 INFO o.a.j.t.JMeterThread: Stop Thread seen for thread jp@gc - Stepping Thread Group 1-812, reason: org.apache.jorphan.util.JMeterStopThreadException: End of file:/Users/lisa/Documents/tools/date/tokens.csv detected for CSV DataSet:CSV 数据文件设置 configured with stopThread:true, recycle:false
2026-10-08 17:47:05,600 INFO o.a.j.t.JMeterThread: Thread finished: jp@gc - Stepping Thread Group 1-812
2026-10-08 17:47:05,650 INFO o.a.j.t.JMeterThread: Thread started: jp@gc - Stepping Thread Group 1-813
2026-10-08 17:47:05,650 INFO o.a.j.t.JMeterThread: Stop Thread seen for thread jp@gc - Stepping Thread Group 1-813, reason: org.apache.jorphan.util.JMeterStopThreadException: End of file:/Users/lisa/Documents/tools/date/tokens.csv detected for CSV DataSet:CSV 数据文件设置 configured with stopThread:true, recycle:false
2026-10-08 17:47:05,650 INFO o.a.j.t.JMeterThread: Thread finished: jp@gc - Stepping Thread Group 1-813
2026-10-08 17:47:05,700 INFO o.a.j.t.JMeterThread: Thread started: jp@gc - Stepping Thread Group 1-814
2026-10-08 17:47:05,701 INFO o.a.j.t.JMeterThread: Stop Thread seen for thread jp@gc - Stepping Thread Group 1-814, reason: org.apache.jorphan.util.JMeterStopThreadException: End of file:/Users/lisa/Documents/tools/date/tokens.csv detected for CSV DataSet:CSV 数据文件设置 configured with stopThread:true, recycle:false
2026-10-08 17:47:05,701 INFO o.a.j.t.JMeterThread: Thread finished: jp@gc - Stepping Thread Group 1-814
2026-10-08 17:47:05,750 INFO o.a.j.t.JMeterThread: Thread started: jp@gc - Stepping Thread Group 1-815
2026-10-08 17:47:05,750 INFO o.a.j.t.JMeterThread: Stop Thread seen for thread jp@gc - Stepping Thread Group 1-815, reason: org.apache.jorphan.util.JMeterStopThreadException: End of file:/Users/lisa/Documents/tools/date/tokens.csv detected for CSV DataSet:CSV 数据文件设置 configured with stopThread:true, recycle:false
2026-10-08 17:47:05,750 INFO o.a.j.t.JMeterThread: Thread finished: jp@gc - Stepping Thread Group 1-815
2026-10-08 17:47:05,796 INFO o.a.j.t.JMeterThread: Thread started: jp@gc - Stepping Thread Group 1-816
2026-10-08 17:47:05,796 INFO o.a.j.t.JMeterThread: Stop Thread seen for thread jp@gc - Stepping Thread Group 1-816, reason: org.apache.jorphan.util.JMeterStopThreadException: End of file:/Users/lisa/Documents/tools/date/tokens.csv detected for CSV DataSet:CSV 数据文件设置 configured with stopThread:true, recycle:false
2026-10-08 17:47:05,796 INFO o.a.j.t.JMeterThread: Thread finished: jp@gc - Stepping Thread Group 1-816
2026-10-08 17:47:05,847 INFO o.a.j.t.JMeterThread: Thread started: jp@gc - Stepping Thread Group 1-817
2026-10-08 17:47:05,847 INFO o.a.j.t.JMeterThread: Stop Thread seen for thread jp@gc - Stepping Thread Group 1-817, reason: org.apache.jorphan.util.JMeterStopThreadException: End of file:/Users/lisa/Documents/tools/date/tokens.csv detected for CSV DataSet:CSV 数据文件设置 configured with stopThread:true, recycle:false
2026-10-08 17:47:05,847 INFO o.a.j.t.JMeterThread: Thread finished: jp@gc - Stepping Thread Group 1-817
2026-10-08 17:47:05,900 INFO o.a.j.t.JMeterThread: Thread started: jp@gc - Stepping Thread Group 1-818
2026-10-08 17:47:05,901 INFO o.a.j.t.JMeterThread: Stop Thread seen for thread jp@gc - Stepping Thread Group 1-818, reason: org.apache.jorphan.util.JMeterStopThreadException: End of file:/Users/lisa/Documents/tools/date/tokens.csv detected for CSV DataSet:CSV 数据文件设置 configured with stopThread:true, recycle:false
2026-10-08 17:47:05,901 INFO o.a.j.t.JMeterThread: Thread finished: jp@gc - Stepping Thread Group 1-818
2026-10-08 17:47:05,948 INFO o.a.j.t.JMeterThread: Thread started: jp@gc - Stepping Thread Group 1-819
2026-10-08 17:47:05,949 INFO o.a.j.t.JMeterThread: Stop Thread seen for thread jp@gc - Stepping Thread Group 1-819, reason: org.apache.jorphan.util.JMeterStopThreadException: End of file:/Users/lisa/Documents/tools/date/tokens.csv detected for CSV DataSet:CSV 数据文件设置 configured with stopThread:true, recycle:false
2026-10-08 17:47:05,949 INFO o.a.j.t.JMeterThread: Thread finished: jp@gc - Stepping Thread Group 1-819
2026-10-08 17:47:05,997 INFO o.a.j.t.JMeterThread: Thread started: jp@gc - Stepping Thread Group 1-820
2026-10-08 17:47:05,997 INFO o.a.j.t.JMeterThread: Stop Thread seen for thread jp@gc - Stepping Thread Group 1-820, reason: org.apache.jorphan.util.JMeterStopThreadException: End of file:/Users/lisa/Documents/tools/date/tokens.csv detected for CSV DataSet:CSV 数据文件设置 configured with stopThread:true, recycle:false
2026-10-08 17:47:05,998 INFO o.a.j.t.JMeterThread: Thread finished: jp@gc - Stepping Thread Group 1-820
2026-10-08 17:47:06,046 INFO o.a.j.t.JMeterThread: Thread started: jp@gc - Stepping Thread Group 1-821
2026-10-08 17:47:06,046 INFO o.a.j.t.JMeterThread: Stop Thread seen for thread jp@gc - Stepping Thread Group 1-821, reason: org.apache.jorphan.util.JMeterStopThreadException: End of file:/Users/lisa/Documents/tools/date/tokens.csv detected for CSV DataSet:CSV 数据文件设置 configured with stopThread:true, recycle:false
2026-10-08 17:47:06,046 INFO o.a.j.t.JMeterThread: Thread finished: jp@gc - Stepping Thread Group 1-821
2026-10-08 17:47:06,096 INFO o.a.j.t.JMeterThread: Thread started: jp@gc - Stepping Thread Group 1-822
2026-10-08 17:47:06,096 INFO o.a.j.t.JMeterThread: Stop Thread seen for thread jp@gc - Stepping Thread Group 1-822, reason: org.apache.jorphan.util.JMeterStopThreadException: End of file:/Users/lisa/Documents/tools/date/tokens.csv detected for CSV DataSet:CSV 数据文件设置 configured with stopThread:true, recycle:false
2026-10-08 17:47:06,096 INFO o.a.j.t.JMeterThread: Thread finished: jp@gc - Stepping Thread Group 1-822
2026-10-08 17:47:06,147 INFO o.a.j.t.JMeterThread: Thread started: jp@gc - Stepping Thread Group 1-823
2026-10-08 17:47:06,147 INFO o.a.j.t.JMeterThread: Stop Thread seen for thread jp@gc - Stepping Thread Group 1-823, reason: org.apache.jorphan.util.JMeterStopThreadException: End of file:/Users/lisa/Documents/tools/date/tokens.csv detected for CSV DataSet:CSV 数据文件设置 configured with stopThread:true, recycle:false
2026-10-08 17:47:06,148 INFO o.a.j.t.JMeterThread: Thread finished: jp@gc - Stepping Thread Group 1-823
2026-10-08 17:47:06,200 INFO o.a.j.t.JMeterThread: Thread started: jp@gc - Stepping Thread Group 1-824
2026-10-08 17:47:06,200 INFO o.a.j.t.JMeterThread: Stop Thread seen for thread jp@gc - Stepping Thread Group 1-824, reason: org.apache.jorphan.util.JMeterStopThreadException: End of file:/Users/lisa/Documents/tools/date/tokens.csv detected for CSV DataSet:CSV 数据文件设置 configured with stopThread:true, recycle:false
2026-10-08 17:47:06,200 INFO o.a.j.t.JMeterThread: Thread finished: jp@gc - Stepping Thread Group 1-824
2026-10-08 17:47:06,249 INFO o.a.j.t.JMeterThread: Thread started: jp@gc - Stepping Thread Group 1-825
2026-10-08 17:47:06,249 INFO o.a.j.t.JMeterThread: Stop Thread seen for thread jp@gc - Stepping Thread Group 1-825, reason: org.apache.jorphan.util.JMeterStopThreadException: End of file:/Users/lisa/Documents/tools/date/tokens.csv detected for CSV DataSet:CSV 数据文件设置 configured with stopThread:true, recycle:false
2026-10-08 17:47:06,249 INFO o.a.j.t.JMeterThread: Thread finished: jp@gc - Stepping Thread Group 1-825
2026-10-08 17:47:06,297 INFO o.a.j.t.JMeterThread: Thread started: jp@gc - Stepping Thread Group 1-826
2026-10-08 17:47:06,297 INFO o.a.j.t.JMeterThread: Stop Thread seen for thread jp@gc - Stepping Thread Group 1-826, reason: org.apache.jorphan.util.JMeterStopThreadException: End of file:/Users/lisa/Documents/tools/date/tokens.csv detected for CSV DataSet:CSV 数据文件设置 configured with stopThread:true, recycle:false
2026-10-08 17:47:06,297 INFO o.a.j.t.JMeterThread: Thread finished: jp@gc - Stepping Thread Group 1-826
2026-10-08 17:47:06,350 INFO o.a.j.t.JMeterThread: Thread started: jp@gc - Stepping Thread Group 1-827
2026-10-08 17:47:06,350 INFO o.a.j.t.JMeterThread: Stop Thread seen for thread jp@gc - Stepping Thread Group 1-827, reason: org.apache.jorphan.util.JMeterStopThreadException: End of file:/Users/lisa/Documents/tools/date/tokens.csv detected for CSV DataSet:CSV 数据文件设置 configured with stopThread:true, recycle:false
2026-10-08 17:47:06,350 INFO o.a.j.t.JMeterThread: Thread finished: jp@gc - Stepping Thread Group 1-827
2026-10-08 17:47:06,400 INFO o.a.j.t.JMeterThread: Thread started: jp@gc - Stepping Thread Group 1-828
2026-10-08 17:47:06,401 INFO o.a.j.t.JMeterThread: Stop Thread seen for thread jp@gc - Stepping Thread Group 1-828, reason: org.apache.jorphan.util.JMeterStopThreadException: End of file:/Users/lisa/Documents/tools/date/tokens.csv detected for CSV DataSet:CSV 数据文件设置 configured with stopThread:true, recycle:false
2026-10-08 17:47:06,401 INFO o.a.j.t.JMeterThread: Thread finished: jp@gc - Stepping Thread Group 1-828
2026-10-08 17:47:06,446 INFO o.a.j.t.JMeterThread: Thread started: jp@gc - Stepping Thread Group 1-829
2026-10-08 17:47:06,446 INFO o.a.j.t.JMeterThread: Stop Thread seen for thread jp@gc - Stepping Thread Group 1-829, reason: org.apache.jorphan.util.JMeterStopThreadException: End of file:/Users/lisa/Documents/tools/date/tokens.csv detected for CSV DataSet:CSV 数据文件设置 configured with stopThread:true, recycle:false
2026-10-08 17:47:06,446 INFO o.a.j.t.JMeterThread: Thread finished: jp@gc - Stepping Thread Group 1-829
2026-10-08 17:47:06,498 INFO o.a.j.t.JMeterThread: Thread started: jp@gc - Stepping Thread Group 1-830
2026-10-08 17:47:06,498 INFO o.a.j.t.JMeterThread: Stop Thread seen for thread jp@gc - Stepping Thread Group 1-830, reason: org.apache.jorphan.util.JMeterStopThreadException: End of file:/Users/lisa/Documents/tools/date/tokens.csv detected for CSV DataSet:CSV 数据文件设置 configured with stopThread:true, recycle:false
2026-10-08 17:47:06,498 INFO o.a.j.t.JMeterThread: Thread finished: jp@gc - Stepping Thread Group 1-830
2026-10-08 17:47:06,546 INFO o.a.j.t.JMeterThread: Thread started: jp@gc - Stepping Thread Group 1-831
2026-10-08 17:47:06,546 INFO o.a.j.t.JMeterThread: Stop Thread seen for thread jp@gc - Stepping Thread Group 1-831, reason: org.apache.jorphan.util.JMeterStopThreadException: End of file:/Users/lisa/Documents/tools/date/tokens.csv detected for CSV DataSet:CSV 数据文件设置 configured with stopThread:true, recycle:false
2026-10-08 17:47:06,546 INFO o.a.j.t.JMeterThread: Thread finished: jp@gc - Stepping Thread Group 1-831
2026-10-08 17:47:06,598 INFO o.a.j.t.JMeterThread: Thread started: jp@gc - Stepping Thread Group 1-832
2026-10-08 17:47:06,599 INFO o.a.j.t.JMeterThread: Stop Thread seen for thread jp@gc - Stepping Thread Group 1-832, reason: org.apache.jorphan.util.JMeterStopThreadException: End of file:/Users/lisa/Documents/tools/date/tokens.csv detected for CSV DataSet:CSV 数据文件设置 configured with stopThread:true, recycle:false
2026-10-08 17:47:06,599 INFO o.a.j.t.JMeterThread: Thread finished: jp@gc - Stepping Thread Group 1-832
2026-10-08 17:47:06,648 INFO o.a.j.t.JMeterThread: Thread started: jp@gc - Stepping Thread Group 1-833
2026-10-08 17:47:06,648 INFO o.a.j.t.JMeterThread: Stop Thread seen for thread jp@gc - Stepping Thread Group 1-833, reason: org.apache.jorphan.util.JMeterStopThreadException: End of file:/Users/lisa/Documents/tools/date/tokens.csv detected for CSV DataSet:CSV 数据文件设置 configured with stopThread:true, recycle:false
2026-10-08 17:47:06,648 INFO o.a.j.t.JMeterThread: Thread finished: jp@gc - Stepping Thread Group 1-833
2026-10-08 17:47:06,697 INFO o.a.j.t.JMeterThread: Thread started: jp@gc - Stepping Thread Group 1-834
2026-10-08 17:47:06,698 INFO o.a.j.t.JMeterThread: Stop Thread seen for thread jp@gc - Stepping Thread Group 1-834, reason: org.apache.jorphan.util.JMeterStopThreadException: End of file:/Users/lisa/Documents/tools/date/tokens.csv detected for CSV DataSet:CSV 数据文件设置 configured with stopThread:true, recycle:false
2026-10-08 17:47:06,698 INFO o.a.j.t.JMeterThread: Thread finished: jp@gc - Stepping Thread Group 1-834
2026-10-08 17:47:06,747 INFO o.a.j.t.JMeterThread: Thread started: jp@gc - Stepping Thread Group 1-835
2026-10-08 17:47:06,748 INFO o.a.j.t.JMeterThread: Stop Thread seen for thread jp@gc - Stepping Thread Group 1-835, reason: org.apache.jorphan.util.JMeterStopThreadException: End of file:/Users/lisa/Documents/tools/date/tokens.csv detected for CSV DataSet:CSV 数据文件设置 configured with stopThread:true, recycle:false
2026-10-08 17:47:06,748 INFO o.a.j.t.JMeterThread: Thread finished: jp@gc - Stepping Thread Group 1-835
2026-10-08 17:47:06,800 INFO o.a.j.t.JMeterThread: Thread started: jp@gc - Stepping Thread Group 1-836
2026-10-08 17:47:06,801 INFO o.a.j.t.JMeterThread: Stop Thread seen for thread jp@gc - Stepping Thread Group 1-836, reason: org.apache.jorphan.util.JMeterStopThreadException: End of file:/Users/lisa/Documents/tools/date/tokens.csv detected for CSV DataSet:CSV 数据文件设置 configured with stopThread:true, recycle:false
2026-10-08 17:47:06,801 INFO o.a.j.t.JMeterThread: Thread finished: jp@gc - Stepping Thread Group 1-836
2026-10-08 17:47:06,850 INFO o.a.j.t.JMeterThread: Thread started: jp@gc - Stepping Thread Group 1-837
2026-10-08 17:47:06,851 INFO o.a.j.t.JMeterThread: Stop Thread seen for thread jp@gc - Stepping Thread Group 1-837, reason: org.apache.jorphan.util.JMeterStopThreadException: End of file:/Users/lisa/Documents/tools/date/tokens.csv detected for CSV DataSet:CSV 数据文件设置 configured with stopThread:true, recycle:false
2026-10-08 17:47:06,851 INFO o.a.j.t.JMeterThread: Thread finished: jp@gc - Stepping Thread Group 1-837
2026-10-08 17:47:06,899 INFO o.a.j.t.JMeterThread: Thread started: jp@gc - Stepping Thread Group 1-838
2026-10-08 17:47:06,899 INFO o.a.j.t.JMeterThread: Stop Thread seen for thread jp@gc - Stepping Thread Group 1-838, reason: org.apache.jorphan.util.JMeterStopThreadException: End of file:/Users/lisa/Documents/tools/date/tokens.csv detected for CSV DataSet:CSV 数据文件设置 configured with stopThread:true, recycle:false
2026-10-08 17:47:06,899 INFO o.a.j.t.JMeterThread: Thread finished: jp@gc - Stepping Thread Group 1-838
2026-10-08 17:47:06,947 INFO o.a.j.t.JMeterThread: Thread started: jp@gc - Stepping Thread Group 1-839
2026-10-08 17:47:06,948 INFO o.a.j.t.JMeterThread: Stop Thread seen for thread jp@gc - Stepping Thread Group 1-839, reason: org.apache.jorphan.util.JMeterStopThreadException: End of file:/Users/lisa/Documents/tools/date/tokens.csv detected for CSV DataSet:CSV 数据文件设置 configured with stopThread:true, recycle:false
2026-10-08 17:47:06,948 INFO o.a.j.t.JMeterThread: Thread finished: jp@gc - Stepping Thread Group 1-839
2026-10-08 17:47:07,000 INFO o.a.j.t.JMeterThread: Thread started: jp@gc - Stepping Thread Group 1-840
2026-10-08 17:47:07,000 INFO o.a.j.t.JMeterThread: Stop Thread seen for thread jp@gc - Stepping Thread Group 1-840, reason: org.apache.jorphan.util.JMeterStopThreadException: End of file:/Users/lisa/Documents/tools/date/tokens.csv detected for CSV DataSet:CSV 数据文件设置 configured with stopThread:true, recycle:false
2026-10-08 17:47:07,000 INFO o.a.j.t.JMeterThread: Thread finished: jp@gc - Stepping Thread Group 1-840
2026-10-08 17:47:07,050 INFO o.a.j.t.JMeterThread: Thread started: jp@gc - Stepping Thread Group 1-841
2026-10-08 17:47:07,050 INFO o.a.j.t.JMeterThread: Stop Thread seen for thread jp@gc - Stepping Thread Group 1-841, reason: org.apache.jorphan.util.JMeterStopThreadException: End of file:/Users/lisa/Documents/tools/date/tokens.csv detected for CSV DataSet:CSV 数据文件设置 configured with stopThread:true, recycle:false
2026-10-08 17:47:07,051 INFO o.a.j.t.JMeterThread: Thread finished: jp@gc - Stepping Thread Group 1-841
2026-10-08 17:47:07,099 INFO o.a.j.t.JMeterThread: Thread started: jp@gc - Stepping Thread Group 1-842
2026-10-08 17:47:07,099 INFO o.a.j.t.JMeterThread: Stop Thread seen for thread jp@gc - Stepping Thread Group 1-842, reason: org.apache.jorphan.util.JMeterStopThreadException: End of file:/Users/lisa/Documents/tools/date/tokens.csv detected for CSV DataSet:CSV 数据文件设置 configured with stopThread:true, recycle:false
2026-10-08 17:47:07,099 INFO o.a.j.t.JMeterThread: Thread finished: jp@gc - Stepping Thread Group 1-842
2026-10-08 17:47:07,150 INFO o.a.j.t.JMeterThread: Thread started: jp@gc - Stepping Thread Group 1-843
2026-10-08 17:47:07,151 INFO o.a.j.t.JMeterThread: Stop Thread seen for thread jp@gc - Stepping Thread Group 1-843, reason: org.apache.jorphan.util.JMeterStopThreadException: End of file:/Users/lisa/Documents/tools/date/tokens.csv detected for CSV DataSet:CSV 数据文件设置 configured with stopThread:true, recycle:false
2026-10-08 17:47:07,151 INFO o.a.j.t.JMeterThread: Thread finished: jp@gc - Stepping Thread Group 1-843
2026-10-08 17:47:07,196 INFO o.a.j.t.JMeterThread: Thread started: jp@gc - Stepping Thread Group 1-844
2026-10-08 17:47:07,197 INFO o.a.j.t.JMeterThread: Stop Thread seen for thread jp@gc - Stepping Thread Group 1-844, reason: org.apache.jorphan.util.JMeterStopThreadException: End of file:/Users/lisa/Documents/tools/date/tokens.csv detected for CSV DataSet:CSV 数据文件设置 configured with stopThread:true, recycle:false
2026-10-08 17:47:07,197 INFO o.a.j.t.JMeterThread: Thread finished: jp@gc - Stepping Thread Group 1-844
2026-10-08 17:47:07,250 INFO o.a.j.t.JMeterThread: Thread started: jp@gc - Stepping Thread Group 1-845
2026-10-08 17:47:07,251 INFO o.a.j.t.JMeterThread: Stop Thread seen for thread jp@gc - Stepping Thread Group 1-845, reason: org.apache.jorphan.util.JMeterStopThreadException: End of file:/Users/lisa/Documents/tools/date/tokens.csv detected for CSV DataSet:CSV 数据文件设置 configured with stopThread:true, recycle:false
2026-10-08 17:47:07,251 INFO o.a.j.t.JMeterThread: Thread finished: jp@gc - Stepping Thread Group 1-845
2026-10-08 17:47:07,301 INFO o.a.j.t.JMeterThread: Thread started: jp@gc - Stepping Thread Group 1-846
2026-10-08 17:47:07,301 INFO o.a.j.t.JMeterThread: Stop Thread seen for thread jp@gc - Stepping Thread Group 1-846, reason: org.apache.jorphan.util.JMeterStopThreadException: End of file:/Users/lisa/Documents/tools/date/tokens.csv detected for CSV DataSet:CSV 数据文件设置 configured with stopThread:true, recycle:false
2026-10-08 17:47:07,301 INFO o.a.j.t.JMeterThread: Thread finished: jp@gc - Stepping Thread Group 1-846
2026-10-08 17:47:07,350 INFO o.a.j.t.JMeterThread: Thread started: jp@gc - Stepping Thread Group 1-847
2026-10-08 17:47:07,350 INFO o.a.j.t.JMeterThread: Stop Thread seen for thread jp@gc - Stepping Thread Group 1-847, reason: org.apache.jorphan.util.JMeterStopThreadException: End of file:/Users/lisa/Documents/tools/date/tokens.csv detected for CSV DataSet:CSV 数据文件设置 configured with stopThread:true, recycle:false
2026-10-08 17:47:07,350 INFO o.a.j.t.JMeterThread: Thread finished: jp@gc - Stepping Thread Group 1-847
2026-10-08 17:47:07,398 INFO o.a.j.t.JMeterThread: Thread started: jp@gc - Stepping Thread Group 1-848
2026-10-08 17:47:07,399 INFO o.a.j.t.JMeterThread: Stop Thread seen for thread jp@gc - Stepping Thread Group 1-848, reason: org.apache.jorphan.util.JMeterStopThreadException: End of file:/Users/lisa/Documents/tools/date/tokens.csv detected for CSV DataSet:CSV 数据文件设置 configured with stopThread:true, recycle:false
2026-10-08 17:47:07,399 INFO o.a.j.t.JMeterThread: Thread finished: jp@gc - Stepping Thread Group 1-848
2026-10-08 17:47:07,446 INFO o.a.j.t.JMeterThread: Thread started: jp@gc - Stepping Thread Group 1-849
2026-10-08 17:47:07,446 INFO o.a.j.t.JMeterThread: Stop Thread seen for thread jp@gc - Stepping Thread Group 1-849, reason: org.apache.jorphan.util.JMeterStopThreadException: End of file:/Users/lisa/Documents/tools/date/tokens.csv detected for CSV DataSet:CSV 数据文件设置 configured with stopThread:true, recycle:false
2026-10-08 17:47:07,446 INFO o.a.j.t.JMeterThread: Thread finished: jp@gc - Stepping Thread Group 1-849
2026-10-08 17:47:07,500 INFO o.a.j.t.JMeterThread: Thread started: jp@gc - Stepping Thread Group 1-850
2026-10-08 17:47:07,501 INFO o.a.j.t.JMeterThread: Stop Thread seen for thread jp@gc - Stepping Thread Group 1-850, reason: org.apache.jorphan.util.JMeterStopThreadException: End of file:/Users/lisa/Documents/tools/date/tokens.csv detected for CSV DataSet:CSV 数据文件设置 configured with stopThread:true, recycle:false
2026-10-08 17:47:07,501 INFO o.a.j.t.JMeterThread: Thread finished: jp@gc - Stepping Thread Group 1-850
2026-10-08 17:47:07,550 INFO o.a.j.t.JMeterThread: Thread started: jp@gc - Stepping Thread Group 1-851
2026-10-08 17:47:07,551 INFO o.a.j.t.JMeterThread: Stop Thread seen for thread jp@gc - Stepping Thread Group 1-851, reason: org.apache.jorphan.util.JMeterStopThreadException: End of file:/Users/lisa/Documents/tools/date/tokens.csv detected for CSV DataSet:CSV 数据文件设置 configured with stopThread:true, recycle:false
2026-10-08 17:47:07,551 INFO o.a.j.t.JMeterThread: Thread finished: jp@gc - Stepping Thread Group 1-851
2026-10-08 17:47:07,600 INFO o.a.j.t.JMeterThread: Thread started: jp@gc - Stepping Thread Group 1-852
2026-10-08 17:47:07,600 INFO o.a.j.t.JMeterThread: Stop Thread seen for thread jp@gc - Stepping Thread Group 1-852, reason: org.apache.jorphan.util.JMeterStopThreadException: End of file:/Users/lisa/Documents/tools/date/tokens.csv detected for CSV DataSet:CSV 数据文件设置 configured with stopThread:true, recycle:false
2026-10-08 17:47:07,601 INFO o.a.j.t.JMeterThread: Thread finished: jp@gc - Stepping Thread Group 1-852
2026-10-08 17:47:07,646 INFO o.a.j.t.JMeterThread: Thread started: jp@gc - Stepping Thread Group 1-853
2026-10-08 17:47:07,646 INFO o.a.j.t.JMeterThread: Stop Thread seen for thread jp@gc - Stepping Thread Group 1-853, reason: org.apache.jorphan.util.JMeterStopThreadException: End of file:/Users/lisa/Documents/tools/date/tokens.csv detected for CSV DataSet:CSV 数据文件设置 configured with stopThread:true, recycle:false
2026-10-08 17:47:07,646 INFO o.a.j.t.JMeterThread: Thread finished: jp@gc - Stepping Thread Group 1-853
2026-10-08 17:47:07,700 INFO o.a.j.t.JMeterThread: Thread started: jp@gc - Stepping Thread Group 1-854
2026-10-08 17:47:07,701 INFO o.a.j.t.JMeterThread: Stop Thread seen for thread jp@gc - Stepping Thread Group 1-854, reason: org.apache.jorphan.util.JMeterStopThreadException: End of file:/Users/lisa/Documents/tools/date/tokens.csv detected for CSV DataSet:CSV 数据文件设置 configured with stopThread:true, recycle:false
2026-10-08 17:47:07,701 INFO o.a.j.t.JMeterThread: Thread finished: jp@gc - Stepping Thread Group 1-854
2026-10-08 17:47:07,746 INFO o.a.j.t.JMeterThread: Thread started: jp@gc - Stepping Thread Group 1-855
2026-10-08 17:47:07,746 INFO o.a.j.t.JMeterThread: Stop Thread seen for thread jp@gc - Stepping Thread Group 1-855, reason: org.apache.jorphan.util.JMeterStopThreadException: End of file:/Users/lisa/Documents/tools/date/tokens.csv detected for CSV DataSet:CSV 数据文件设置 configured with stopThread:true, recycle:false
2026-10-08 17:47:07,746 INFO o.a.j.t.JMeterThread: Thread finished: jp@gc - Stepping Thread Group 1-855
2026-10-08 17:47:07,798 INFO o.a.j.t.JMeterThread: Thread started: jp@gc - Stepping Thread Group 1-856
2026-10-08 17:47:07,798 INFO o.a.j.t.JMeterThread: Stop Thread seen for thread jp@gc - Stepping Thread Group 1-856, reason: org.apache.jorphan.util.JMeterStopThreadException: End of file:/Users/lisa/Documents/tools/date/tokens.csv detected for CSV DataSet:CSV 数据文件设置 configured with stopThread:true, recycle:false
2026-10-08 17:47:07,798 INFO o.a.j.t.JMeterThread: Thread finished: jp@gc - Stepping Thread Group 1-856
2026-10-08 17:47:07,845 INFO o.a.j.t.JMeterThread: Thread started: jp@gc - Stepping Thread Group 1-857
2026-10-08 17:47:07,845 INFO o.a.j.t.JMeterThread: Stop Thread seen for thread jp@gc - Stepping Thread Group 1-857, reason: org.apache.jorphan.util.JMeterStopThreadException: End of file:/Users/lisa/Documents/tools/date/tokens.csv detected for CSV DataSet:CSV 数据文件设置 configured with stopThread:true, recycle:false
2026-10-08 17:47:07,845 INFO o.a.j.t.JMeterThread: Thread finished: jp@gc - Stepping Thread Group 1-857
2026-10-08 17:47:07,900 INFO o.a.j.t.JMeterThread: Thread started: jp@gc - Stepping Thread Group 1-858
2026-10-08 17:47:07,900 INFO o.a.j.t.JMeterThread: Stop Thread seen for thread jp@gc - Stepping Thread Group 1-858, reason: org.apache.jorphan.util.JMeterStopThreadException: End of file:/Users/lisa/Documents/tools/date/tokens.csv detected for CSV DataSet:CSV 数据文件设置 configured with stopThread:true, recycle:false
2026-10-08 17:47:07,900 INFO o.a.j.t.JMeterThread: Thread finished: jp@gc - Stepping Thread Group 1-858
2026-10-08 17:47:07,947 INFO o.a.j.t.JMeterThread: Thread started: jp@gc - Stepping Thread Group 1-859
2026-10-08 17:47:07,947 INFO o.a.j.t.JMeterThread: Stop Thread seen for thread jp@gc - Stepping Thread Group 1-859, reason: org.apache.jorphan.util.JMeterStopThreadException: End of file:/Users/lisa/Documents/tools/date/tokens.csv detected for CSV DataSet:CSV 数据文件设置 configured with stopThread:true, recycle:false
2026-10-08 17:47:07,947 INFO o.a.j.t.JMeterThread: Thread finished: jp@gc - Stepping Thread Group 1-859
2026-10-08 17:47:07,996 INFO o.a.j.t.JMeterThread: Thread started: jp@gc - Stepping Thread Group 1-860
2026-10-08 17:47:07,997 INFO o.a.j.t.JMeterThread: Stop Thread seen for thread jp@gc - Stepping Thread Group 1-860, reason: org.apache.jorphan.util.JMeterStopThreadException: End of file:/Users/lisa/Documents/tools/date/tokens.csv detected for CSV DataSet:CSV 数据文件设置 configured with stopThread:true, recycle:false
2026-10-08 17:47:07,997 INFO o.a.j.t.JMeterThread: Thread finished: jp@gc - Stepping Thread Group 1-860
2026-10-08 17:47:08,050 INFO o.a.j.t.JMeterThread: Thread started: jp@gc - Stepping Thread Group 1-861
2026-10-08 17:47:08,050 INFO o.a.j.t.JMeterThread: Stop Thread seen for thread jp@gc - Stepping Thread Group 1-861, reason: org.apache.jorphan.util.JMeterStopThreadException: End of file:/Users/lisa/Documents/tools/date/tokens.csv detected for CSV DataSet:CSV 数据文件设置 configured with stopThread:true, recycle:false
2026-10-08 17:47:08,050 INFO o.a.j.t.JMeterThread: Thread finished: jp@gc - Stepping Thread Group 1-861
2026-10-08 17:47:08,100 INFO o.a.j.t.JMeterThread: Thread started: jp@gc - Stepping Thread Group 1-862
2026-10-08 17:47:08,101 INFO o.a.j.t.JMeterThread: Stop Thread seen for thread jp@gc - Stepping Thread Group 1-862, reason: org.apache.jorphan.util.JMeterStopThreadException: End of file:/Users/lisa/Documents/tools/date/tokens.csv detected for CSV DataSet:CSV 数据文件设置 configured with stopThread:true, recycle:false
2026-10-08 17:47:08,101 INFO o.a.j.t.JMeterThread: Thread finished: jp@gc - Stepping Thread Group 1-862
2026-10-08 17:47:08,147 INFO o.a.j.t.JMeterThread: Thread started: jp@gc - Stepping Thread Group 1-863
2026-10-08 17:47:08,148 INFO o.a.j.t.JMeterThread: Stop Thread seen for thread jp@gc - Stepping Thread Group 1-863, reason: org.apache.jorphan.util.JMeterStopThreadException: End of file:/Users/lisa/Documents/tools/date/tokens.csv detected for CSV DataSet:CSV 数据文件设置 configured with stopThread:true, recycle:false
2026-10-08 17:47:08,148 INFO o.a.j.t.JMeterThread: Thread finished: jp@gc - Stepping Thread Group 1-863
2026-10-08 17:47:08,196 INFO o.a.j.t.JMeterThread: Thread started: jp@gc - Stepping Thread Group 1-864
2026-10-08 17:47:08,197 INFO o.a.j.t.JMeterThread: Stop Thread seen for thread jp@gc - Stepping Thread Group 1-864, reason: org.apache.jorphan.util.JMeterStopThreadException: End of file:/Users/lisa/Documents/tools/date/tokens.csv detected for CSV DataSet:CSV 数据文件设置 configured with stopThread:true, recycle:false
2026-10-08 17:47:08,197 INFO o.a.j.t.JMeterThread: Thread finished: jp@gc - Stepping Thread Group 1-864
2026-10-08 17:47:08,248 INFO o.a.j.t.JMeterThread: Thread started: jp@gc - Stepping Thread Group 1-865
2026-10-08 17:47:08,249 INFO o.a.j.t.JMeterThread: Stop Thread seen for thread jp@gc - Stepping Thread Group 1-865, reason: org.apache.jorphan.util.JMeterStopThreadException: End of file:/Users/lisa/Documents/tools/date/tokens.csv detected for CSV DataSet:CSV 数据文件设置 configured with stopThread:true, recycle:false
2026-10-08 17:47:08,249 INFO o.a.j.t.JMeterThread: Thread finished: jp@gc - Stepping Thread Group 1-865
2026-10-08 17:47:08,301 INFO o.a.j.t.JMeterThread: Thread started: jp@gc - Stepping Thread Group 1-866
2026-10-08 17:47:08,301 INFO o.a.j.t.JMeterThread: Stop Thread seen for thread jp@gc - Stepping Thread Group 1-866, reason: org.apache.jorphan.util.JMeterStopThreadException: End of file:/Users/lisa/Documents/tools/date/tokens.csv detected for CSV DataSet:CSV 数据文件设置 configured with stopThread:true, recycle:false
2026-10-08 17:47:08,301 INFO o.a.j.t.JMeterThread: Thread finished: jp@gc - Stepping Thread Group 1-866
2026-10-08 17:47:08,350 INFO o.a.j.t.JMeterThread: Thread started: jp@gc - Stepping Thread Group 1-867
2026-10-08 17:47:08,350 INFO o.a.j.t.JMeterThread: Stop Thread seen for thread jp@gc - Stepping Thread Group 1-867, reason: org.apache.jorphan.util.JMeterStopThreadException: End of file:/Users/lisa/Documents/tools/date/tokens.csv detected for CSV DataSet:CSV 数据文件设置 configured with stopThread:true, recycle:false
2026-10-08 17:47:08,350 INFO o.a.j.t.JMeterThread: Thread finished: jp@gc - Stepping Thread Group 1-867
2026-10-08 17:47:08,400 INFO o.a.j.t.JMeterThread: Thread started: jp@gc - Stepping Thread Group 1-868
2026-10-08 17:47:08,400 INFO o.a.j.t.JMeterThread: Stop Thread seen for thread jp@gc - Stepping Thread Group 1-868, reason: org.apache.jorphan.util.JMeterStopThreadException: End of file:/Users/lisa/Documents/tools/date/tokens.csv detected for CSV DataSet:CSV 数据文件设置 configured with stopThread:true, recycle:false
2026-10-08 17:47:08,400 INFO o.a.j.t.JMeterThread: Thread finished: jp@gc - Stepping Thread Group 1-868
2026-10-08 17:47:08,450 INFO o.a.j.t.JMeterThread: Thread started: jp@gc - Stepping Thread Group 1-869
2026-10-08 17:47:08,451 INFO o.a.j.t.JMeterThread: Stop Thread seen for thread jp@gc - Stepping Thread Group 1-869, reason: org.apache.jorphan.util.JMeterStopThreadException: End of file:/Users/lisa/Documents/tools/date/tokens.csv detected for CSV DataSet:CSV 数据文件设置 configured with stopThread:true, recycle:false
2026-10-08 17:47:08,451 INFO o.a.j.t.JMeterThread: Thread finished: jp@gc - Stepping Thread Group 1-869
2026-10-08 17:47:08,499 INFO o.a.j.t.JMeterThread: Thread started: jp@gc - Stepping Thread Group 1-870
2026-10-08 17:47:08,499 INFO o.a.j.t.JMeterThread: Stop Thread seen for thread jp@gc - Stepping Thread Group 1-870, reason: org.apache.jorphan.util.JMeterStopThreadException: End of file:/Users/lisa/Documents/tools/date/tokens.csv detected for CSV DataSet:CSV 数据文件设置 configured with stopThread:true, recycle:false
2026-10-08 17:47:08,499 INFO o.a.j.t.JMeterThread: Thread finished: jp@gc - Stepping Thread Group 1-870
2026-10-08 17:47:08,550 INFO o.a.j.t.JMeterThread: Thread started: jp@gc - Stepping Thread Group 1-871
2026-10-08 17:47:08,550 INFO o.a.j.t.JMeterThread: Stop Thread seen for thread jp@gc - Stepping Thread Group 1-871, reason: org.apache.jorphan.util.JMeterStopThreadException: End of file:/Users/lisa/Documents/tools/date/tokens.csv detected for CSV DataSet:CSV 数据文件设置 configured with stopThread:true, recycle:false
2026-10-08 17:47:08,550 INFO o.a.j.t.JMeterThread: Thread finished: jp@gc - Stepping Thread Group 1-871
2026-10-08 17:47:08,601 INFO o.a.j.t.JMeterThread: Thread started: jp@gc - Stepping Thread Group 1-872
2026-10-08 17:47:08,601 INFO o.a.j.t.JMeterThread: Stop Thread seen for thread jp@gc - Stepping Thread Group 1-872, reason: org.apache.jorphan.util.JMeterStopThreadException: End of file:/Users/lisa/Documents/tools/date/tokens.csv detected for CSV DataSet:CSV 数据文件设置 configured with stopThread:true, recycle:false
2026-10-08 17:47:08,601 INFO o.a.j.t.JMeterThread: Thread finished: jp@gc - Stepping Thread Group 1-872
2026-10-08 17:47:08,651 INFO o.a.j.t.JMeterThread: Thread started: jp@gc - Stepping Thread Group 1-873
2026-10-08 17:47:08,651 INFO o.a.j.t.JMeterThread: Stop Thread seen for thread jp@gc - Stepping Thread Group 1-873, reason: org.apache.jorphan.util.JMeterStopThreadException: End of file:/Users/lisa/Documents/tools/date/tokens.csv detected for CSV DataSet:CSV 数据文件设置 configured with stopThread:true, recycle:false
2026-10-08 17:47:08,651 INFO o.a.j.t.JMeterThread: Thread finished: jp@gc - Stepping Thread Group 1-873
2026-10-08 17:47:08,700 INFO o.a.j.t.JMeterThread: Thread started: jp@gc - Stepping Thread Group 1-874
2026-10-08 17:47:08,701 INFO o.a.j.t.JMeterThread: Stop Thread seen for thread jp@gc - Stepping Thread Group 1-874, reason: org.apache.jorphan.util.JMeterStopThreadException: End of file:/Users/lisa/Documents/tools/date/tokens.csv detected for CSV DataSet:CSV 数据文件设置 configured with stopThread:true, recycle:false
2026-10-08 17:47:08,701 INFO o.a.j.t.JMeterThread: Thread finished: jp@gc - Stepping Thread Group 1-874
2026-10-08 17:47:08,751 INFO o.a.j.t.JMeterThread: Thread started: jp@gc - Stepping Thread Group 1-875
2026-10-08 17:47:08,751 INFO o.a.j.t.JMeterThread: Stop Thread seen for thread jp@gc - Stepping Thread Group 1-875, reason: org.apache.jorphan.util.JMeterStopThreadException: End of file:/Users/lisa/Documents/tools/date/tokens.csv detected for CSV DataSet:CSV 数据文件设置 configured with stopThread:true, recycle:false
2026-10-08 17:47:08,751 INFO o.a.j.t.JMeterThread: Thread finished: jp@gc - Stepping Thread Group 1-875
2026-10-08 17:47:08,800 INFO o.a.j.t.JMeterThread: Thread started: jp@gc - Stepping Thread Group 1-876
2026-10-08 17:47:08,801 INFO o.a.j.t.JMeterThread: Stop Thread seen for thread jp@gc - Stepping Thread Group 1-876, reason: org.apache.jorphan.util.JMeterStopThreadException: End of file:/Users/lisa/Documents/tools/date/tokens.csv detected for CSV DataSet:CSV 数据文件设置 configured with stopThread:true, recycle:false
2026-10-08 17:47:08,801 INFO o.a.j.t.JMeterThread: Thread finished: jp@gc - Stepping Thread Group 1-876
2026-10-08 17:47:08,846 INFO o.a.j.t.JMeterThread: Thread started: jp@gc - Stepping Thread Group 1-877
2026-10-08 17:47:08,847 INFO o.a.j.t.JMeterThread: Stop Thread seen for thread jp@gc - Stepping Thread Group 1-877, reason: org.apache.jorphan.util.JMeterStopThreadException: End of file:/Users/lisa/Documents/tools/date/tokens.csv detected for CSV DataSet:CSV 数据文件设置 configured with stopThread:true, recycle:false
2026-10-08 17:47:08,847 INFO o.a.j.t.JMeterThread: Thread finished: jp@gc - Stepping Thread Group 1-877
2026-10-08 17:47:08,900 INFO o.a.j.t.JMeterThread: Thread started: jp@gc - Stepping Thread Group 1-878
2026-10-08 17:47:08,900 INFO o.a.j.t.JMeterThread: Stop Thread seen for thread jp@gc - Stepping Thread Group 1-878, reason: org.apache.jorphan.util.JMeterStopThreadException: End of file:/Users/lisa/Documents/tools/date/tokens.csv detected for CSV DataSet:CSV 数据文件设置 configured with stopThread:true, recycle:false
2026-10-08 17:47:08,900 INFO o.a.j.t.JMeterThread: Thread finished: jp@gc - Stepping Thread Group 1-878
2026-10-08 17:47:08,946 INFO o.a.j.t.JMeterThread: Thread started: jp@gc - Stepping Thread Group 1-879
2026-10-08 17:47:08,946 INFO o.a.j.t.JMeterThread: Stop Thread seen for thread jp@gc - Stepping Thread Group 1-879, reason: org.apache.jorphan.util.JMeterStopThreadException: End of file:/Users/lisa/Documents/tools/date/tokens.csv detected for CSV DataSet:CSV 数据文件设置 configured with stopThread:true, recycle:false
2026-10-08 17:47:08,946 INFO o.a.j.t.JMeterThread: Thread finished: jp@gc - Stepping Thread Group 1-879
2026-10-08 17:47:09,000 INFO o.a.j.t.JMeterThread: Thread started: jp@gc - Stepping Thread Group 1-880
2026-10-08 17:47:09,000 INFO o.a.j.t.JMeterThread: Stop Thread seen for thread jp@gc - Stepping Thread Group 1-880, reason: org.apache.jorphan.util.JMeterStopThreadException: End of file:/Users/lisa/Documents/tools/date/tokens.csv detected for CSV DataSet:CSV 数据文件设置 configured with stopThread:true, recycle:false
2026-10-08 17:47:09,000 INFO o.a.j.t.JMeterThread: Thread finished: jp@gc - Stepping Thread Group 1-880
2026-10-08 17:47:09,051 INFO o.a.j.t.JMeterThread: Thread started: jp@gc - Stepping Thread Group 1-881
2026-10-08 17:47:09,051 INFO o.a.j.t.JMeterThread: Stop Thread seen for thread jp@gc - Stepping Thread Group 1-881, reason: org.apache.jorphan.util.JMeterStopThreadException: End of file:/Users/lisa/Documents/tools/date/tokens.csv detected for CSV DataSet:CSV 数据文件设置 configured with stopThread:true, recycle:false
2026-10-08 17:47:09,051 INFO o.a.j.t.JMeterThread: Thread finished: jp@gc - Stepping Thread Group 1-881
2026-10-08 17:47:09,097 INFO o.a.j.t.JMeterThread: Thread started: jp@gc - Stepping Thread Group 1-882
2026-10-08 17:47:09,097 INFO o.a.j.t.JMeterThread: Stop Thread seen for thread jp@gc - Stepping Thread Group 1-882, reason: org.apache.jorphan.util.JMeterStopThreadException: End of file:/Users/lisa/Documents/tools/date/tokens.csv detected for CSV DataSet:CSV 数据文件设置 configured with stopThread:true, recycle:false
2026-10-08 17:47:09,097 INFO o.a.j.t.JMeterThread: Thread finished: jp@gc - Stepping Thread Group 1-882
2026-10-08 17:47:09,146 INFO o.a.j.t.JMeterThread: Thread started: jp@gc - Stepping Thread Group 1-883
2026-10-08 17:47:09,147 INFO o.a.j.t.JMeterThread: Stop Thread seen for thread jp@gc - Stepping Thread Group 1-883, reason: org.apache.jorphan.util.JMeterStopThreadException: End of file:/Users/lisa/Documents/tools/date/tokens.csv detected for CSV DataSet:CSV 数据文件设置 configured with stopThread:true, recycle:false
2026-10-08 17:47:09,147 INFO o.a.j.t.JMeterThread: Thread finished: jp@gc - Stepping Thread Group 1-883
2026-10-08 17:47:09,199 INFO o.a.j.t.JMeterThread: Thread started: jp@gc - Stepping Thread Group 1-884
2026-10-08 17:47:09,199 INFO o.a.j.t.JMeterThread: Stop Thread seen for thread jp@gc - Stepping Thread Group 1-884, reason: org.apache.jorphan.util.JMeterStopThreadException: End of file:/Users/lisa/Documents/tools/date/tokens.csv detected for CSV DataSet:CSV 数据文件设置 configured with stopThread:true, recycle:false
2026-10-08 17:47:09,199 INFO o.a.j.t.JMeterThread: Thread finished: jp@gc - Stepping Thread Group 1-884
2026-10-08 17:47:09,247 INFO o.a.j.t.JMeterThread: Thread started: jp@gc - Stepping Thread Group 1-885
2026-10-08 17:47:09,247 INFO o.a.j.t.JMeterThread: Stop Thread seen for thread jp@gc - Stepping Thread Group 1-885, reason: org.apache.jorphan.util.JMeterStopThreadException: End of file:/Users/lisa/Documents/tools/date/tokens.csv detected for CSV DataSet:CSV 数据文件设置 configured with stopThread:true, recycle:false
2026-10-08 17:47:09,247 INFO o.a.j.t.JMeterThread: Thread finished: jp@gc - Stepping Thread Group 1-885
2026-10-08 17:47:09,301 INFO o.a.j.t.JMeterThread: Thread started: jp@gc - Stepping Thread Group 1-886
2026-10-08 17:47:09,301 INFO o.a.j.t.JMeterThread: Stop Thread seen for thread jp@gc - Stepping Thread Group 1-886, reason: org.apache.jorphan.util.JMeterStopThreadException: End of file:/Users/lisa/Documents/tools/date/tokens.csv detected for CSV DataSet:CSV 数据文件设置 configured with stopThread:true, recycle:false
2026-10-08 17:47:09,301 INFO o.a.j.t.JMeterThread: Thread finished: jp@gc - Stepping Thread Group 1-886
2026-10-08 17:47:09,350 INFO o.a.j.t.JMeterThread: Thread started: jp@gc - Stepping Thread Group 1-887
2026-10-08 17:47:09,351 INFO o.a.j.t.JMeterThread: Stop Thread seen for thread jp@gc - Stepping Thread Group 1-887, reason: org.apache.jorphan.util.JMeterStopThreadException: End of file:/Users/lisa/Documents/tools/date/tokens.csv detected for CSV DataSet:CSV 数据文件设置 configured with stopThread:true, recycle:false
2026-10-08 17:47:09,351 INFO o.a.j.t.JMeterThread: Thread finished: jp@gc - Stepping Thread Group 1-887
2026-10-08 17:47:09,399 INFO o.a.j.t.JMeterThread: Thread started: jp@gc - Stepping Thread Group 1-888
2026-10-08 17:47:09,399 INFO o.a.j.t.JMeterThread: Stop Thread seen for thread jp@gc - Stepping Thread Group 1-888, reason: org.apache.jorphan.util.JMeterStopThreadException: End of file:/Users/lisa/Documents/tools/date/tokens.csv detected for CSV DataSet:CSV 数据文件设置 configured with stopThread:true, recycle:false
2026-10-08 17:47:09,399 INFO o.a.j.t.JMeterThread: Thread finished: jp@gc - Stepping Thread Group 1-888
2026-10-08 17:47:09,448 INFO o.a.j.t.JMeterThread: Thread started: jp@gc - Stepping Thread Group 1-889
2026-10-08 17:47:09,449 INFO o.a.j.t.JMeterThread: Stop Thread seen for thread jp@gc - Stepping Thread Group 1-889, reason: org.apache.jorphan.util.JMeterStopThreadException: End of file:/Users/lisa/Documents/tools/date/tokens.csv detected for CSV DataSet:CSV 数据文件设置 configured with stopThread:true, recycle:false
2026-10-08 17:47:09,449 INFO o.a.j.t.JMeterThread: Thread finished: jp@gc - Stepping Thread Group 1-889
2026-10-08 17:47:09,496 INFO o.a.j.t.JMeterThread: Thread started: jp@gc - Stepping Thread Group 1-890
2026-10-08 17:47:09,496 INFO o.a.j.t.JMeterThread: Stop Thread seen for thread jp@gc - Stepping Thread Group 1-890, reason: org.apache.jorphan.util.JMeterStopThreadException: End of file:/Users/lisa/Documents/tools/date/tokens.csv detected for CSV DataSet:CSV 数据文件设置 configured with stopThread:true, recycle:false
2026-10-08 17:47:09,496 INFO o.a.j.t.JMeterThread: Thread finished: jp@gc - Stepping Thread Group 1-890
2026-10-08 17:47:09,549 INFO o.a.j.t.JMeterThread: Thread started: jp@gc - Stepping Thread Group 1-891
2026-10-08 17:47:09,549 INFO o.a.j.t.JMeterThread: Stop Thread seen for thread jp@gc - Stepping Thread Group 1-891, reason: org.apache.jorphan.util.JMeterStopThreadException: End of file:/Users/lisa/Documents/tools/date/tokens.csv detected for CSV DataSet:CSV 数据文件设置 configured with stopThread:true, recycle:false
2026-10-08 17:47:09,550 INFO o.a.j.t.JMeterThread: Thread finished: jp@gc - Stepping Thread Group 1-891
2026-10-08 17:47:09,596 INFO o.a.j.t.JMeterThread: Thread started: jp@gc - Stepping Thread Group 1-892
2026-10-08 17:47:09,597 INFO o.a.j.t.JMeterThread: Stop Thread seen for thread jp@gc - Stepping Thread Group 1-892, reason: org.apache.jorphan.util.JMeterStopThreadException: End of file:/Users/lisa/Documents/tools/date/tokens.csv detected for CSV DataSet:CSV 数据文件设置 configured with stopThread:true, recycle:false
2026-10-08 17:47:09,597 INFO o.a.j.t.JMeterThread: Thread finished: jp@gc - Stepping Thread Group 1-892
2026-10-08 17:47:09,650 INFO o.a.j.t.JMeterThread: Thread started: jp@gc - Stepping Thread Group 1-893
2026-10-08 17:47:09,650 INFO o.a.j.t.JMeterThread: Stop Thread seen for thread jp@gc - Stepping Thread Group 1-893, reason: org.apache.jorphan.util.JMeterStopThreadException: End of file:/Users/lisa/Documents/tools/date/tokens.csv detected for CSV DataSet:CSV 数据文件设置 configured with stopThread:true, recycle:false
2026-10-08 17:47:09,650 INFO o.a.j.t.JMeterThread: Thread finished: jp@gc - Stepping Thread Group 1-893
2026-10-08 17:47:09,700 INFO o.a.j.t.JMeterThread: Thread started: jp@gc - Stepping Thread Group 1-894
2026-10-08 17:47:09,700 INFO o.a.j.t.JMeterThread: Stop Thread seen for thread jp@gc - Stepping Thread Group 1-894, reason: org.apache.jorphan.util.JMeterStopThreadException: End of file:/Users/lisa/Documents/tools/date/tokens.csv detected for CSV DataSet:CSV 数据文件设置 configured with stopThread:true, recycle:false
2026-10-08 17:47:09,700 INFO o.a.j.t.JMeterThread: Thread finished: jp@gc - Stepping Thread Group 1-894
2026-10-08 17:47:09,750 INFO o.a.j.t.JMeterThread: Thread started: jp@gc - Stepping Thread Group 1-895
2026-10-08 17:47:09,750 INFO o.a.j.t.JMeterThread: Stop Thread seen for thread jp@gc - Stepping Thread Group 1-895, reason: org.apache.jorphan.util.JMeterStopThreadException: End of file:/Users/lisa/Documents/tools/date/tokens.csv detected for CSV DataSet:CSV 数据文件设置 configured with stopThread:true, recycle:false
2026-10-08 17:47:09,750 INFO o.a.j.t.JMeterThread: Thread finished: jp@gc - Stepping Thread Group 1-895
2026-10-08 17:47:09,796 INFO o.a.j.t.JMeterThread: Thread started: jp@gc - Stepping Thread Group 1-896
2026-10-08 17:47:09,796 INFO o.a.j.t.JMeterThread: Stop Thread seen for thread jp@gc - Stepping Thread Group 1-896, reason: org.apache.jorphan.util.JMeterStopThreadException: End of file:/Users/lisa/Documents/tools/date/tokens.csv detected for CSV DataSet:CSV 数据文件设置 configured with stopThread:true, recycle:false
2026-10-08 17:47:09,796 INFO o.a.j.t.JMeterThread: Thread finished: jp@gc - Stepping Thread Group 1-896
2026-10-08 17:47:09,850 INFO o.a.j.t.JMeterThread: Thread started: jp@gc - Stepping Thread Group 1-897
2026-10-08 17:47:09,850 INFO o.a.j.t.JMeterThread: Stop Thread seen for thread jp@gc - Stepping Thread Group 1-897, reason: org.apache.jorphan.util.JMeterStopThreadException: End of file:/Users/lisa/Documents/tools/date/tokens.csv detected for CSV DataSet:CSV 数据文件设置 configured with stopThread:true, recycle:false
2026-10-08 17:47:09,850 INFO o.a.j.t.JMeterThread: Thread finished: jp@gc - Stepping Thread Group 1-897
2026-10-08 17:47:09,900 INFO o.a.j.t.JMeterThread: Thread started: jp@gc - Stepping Thread Group 1-898
2026-10-08 17:47:09,900 INFO o.a.j.t.JMeterThread: Stop Thread seen for thread jp@gc - Stepping Thread Group 1-898, reason: org.apache.jorphan.util.JMeterStopThreadException: End of file:/Users/lisa/Documents/tools/date/tokens.csv detected for CSV DataSet:CSV 数据文件设置 configured with stopThread:true, recycle:false
2026-10-08 17:47:09,901 INFO o.a.j.t.JMeterThread: Thread finished: jp@gc - Stepping Thread Group 1-898
2026-10-08 17:47:09,945 INFO o.a.j.t.JMeterThread: Thread started: jp@gc - Stepping Thread Group 1-899
2026-10-08 17:47:09,945 INFO o.a.j.t.JMeterThread: Stop Thread seen for thread jp@gc - Stepping Thread Group 1-899, reason: org.apache.jorphan.util.JMeterStopThreadException: End of file:/Users/lisa/Documents/tools/date/tokens.csv detected for CSV DataSet:CSV 数据文件设置 configured with stopThread:true, recycle:false
2026-10-08 17:47:09,946 INFO o.a.j.t.JMeterThread: Thread finished: jp@gc - Stepping Thread Group 1-899
2026-10-08 17:47:09,999 INFO o.a.j.t.JMeterThread: Thread started: jp@gc - Stepping Thread Group 1-900
2026-10-08 17:47:10,000 INFO o.a.j.t.JMeterThread: Stop Thread seen for thread jp@gc - Stepping Thread Group 1-900, reason: org.apache.jorphan.util.JMeterStopThreadException: End of file:/Users/lisa/Documents/tools/date/tokens.csv detected for CSV DataSet:CSV 数据文件设置 configured with stopThread:true, recycle:false
2026-10-08 17:47:10,000 INFO o.a.j.t.JMeterThread: Thread finished: jp@gc - Stepping Thread Group 1-900
2026-10-08 17:47:16,050 INFO o.a.j.t.JMeterThread: Thread started: jp@gc - Stepping Thread Group 1-901
2026-10-08 17:47:16,051 INFO o.a.j.t.JMeterThread: Stop Thread seen for thread jp@gc - Stepping Thread Group 1-901, reason: org.apache.jorphan.util.JMeterStopThreadException: End of file:/Users/lisa/Documents/tools/date/tokens.csv detected for CSV DataSet:CSV 数据文件设置 configured with stopThread:true, recycle:false
2026-10-08 17:47:16,051 INFO o.a.j.t.JMeterThread: Thread finished: jp@gc - Stepping Thread Group 1-901
2026-10-08 17:47:16,100 INFO o.a.j.t.JMeterThread: Thread started: jp@gc - Stepping Thread Group 1-902
2026-10-08 17:47:16,100 INFO o.a.j.t.JMeterThread: Stop Thread seen for thread jp@gc - Stepping Thread Group 1-902, reason: org.apache.jorphan.util.JMeterStopThreadException: End of file:/Users/lisa/Documents/tools/date/tokens.csv detected for CSV DataSet:CSV 数据文件设置 configured with stopThread:true, recycle:false
2026-10-08 17:47:16,100 INFO o.a.j.t.JMeterThread: Thread finished: jp@gc - Stepping Thread Group 1-902
2026-10-08 17:47:16,146 INFO o.a.j.t.JMeterThread: Thread started: jp@gc - Stepping Thread Group 1-903
2026-10-08 17:47:16,147 INFO o.a.j.t.JMeterThread: Stop Thread seen for thread jp@gc - Stepping Thread Group 1-903, reason: org.apache.jorphan.util.JMeterStopThreadException: End of file:/Users/lisa/Documents/tools/date/tokens.csv detected for CSV DataSet:CSV 数据文件设置 configured with stopThread:true, recycle:false
2026-10-08 17:47:16,147 INFO o.a.j.t.JMeterThread: Thread finished: jp@gc - Stepping Thread Group 1-903
2026-10-08 17:47:16,200 INFO o.a.j.t.JMeterThread: Thread started: jp@gc - Stepping Thread Group 1-904
2026-10-08 17:47:16,201 INFO o.a.j.t.JMeterThread: Stop Thread seen for thread jp@gc - Stepping Thread Group 1-904, reason: org.apache.jorphan.util.JMeterStopThreadException: End of file:/Users/lisa/Documents/tools/date/tokens.csv detected for CSV DataSet:CSV 数据文件设置 configured with stopThread:true, recycle:false
2026-10-08 17:47:16,201 INFO o.a.j.t.JMeterThread: Thread finished: jp@gc - Stepping Thread Group 1-904
2026-10-08 17:47:16,246 INFO o.a.j.t.JMeterThread: Thread started: jp@gc - Stepping Thread Group 1-905
2026-10-08 17:47:16,247 INFO o.a.j.t.JMeterThread: Stop Thread seen for thread jp@gc - Stepping Thread Group 1-905, reason: org.apache.jorphan.util.JMeterStopThreadException: End of file:/Users/lisa/Documents/tools/date/tokens.csv detected for CSV DataSet:CSV 数据文件设置 configured with stopThread:true, recycle:false
2026-10-08 17:47:16,247 INFO o.a.j.t.JMeterThread: Thread finished: jp@gc - Stepping Thread Group 1-905
2026-10-08 17:47:16,300 INFO o.a.j.t.JMeterThread: Thread started: jp@gc - Stepping Thread Group 1-906
2026-10-08 17:47:16,301 INFO o.a.j.t.JMeterThread: Stop Thread seen for thread jp@gc - Stepping Thread Group 1-906, reason: org.apache.jorphan.util.JMeterStopThreadException: End of file:/Users/lisa/Documents/tools/date/tokens.csv detected for CSV DataSet:CSV 数据文件设置 configured with stopThread:true, recycle:false
2026-10-08 17:47:16,301 INFO o.a.j.t.JMeterThread: Thread finished: jp@gc - Stepping Thread Group 1-906
2026-10-08 17:47:16,348 INFO o.a.j.t.JMeterThread: Thread started: jp@gc - Stepping Thread Group 1-907
2026-10-08 17:47:16,348 INFO o.a.j.t.JMeterThread: Stop Thread seen for thread jp@gc - Stepping Thread Group 1-907, reason: org.apache.jorphan.util.JMeterStopThreadException: End of file:/Users/lisa/Documents/tools/date/tokens.csv detected for CSV DataSet:CSV 数据文件设置 configured with stopThread:true, recycle:false
2026-10-08 17:47:16,348 INFO o.a.j.t.JMeterThread: Thread finished: jp@gc - Stepping Thread Group 1-907
2026-10-08 17:47:16,396 INFO o.a.j.t.JMeterThread: Thread started: jp@gc - Stepping Thread Group 1-908
2026-10-08 17:47:16,397 INFO o.a.j.t.JMeterThread: Stop Thread seen for thread jp@gc - Stepping Thread Group 1-908, reason: org.apache.jorphan.util.JMeterStopThreadException: End of file:/Users/lisa/Documents/tools/date/tokens.csv detected for CSV DataSet:CSV 数据文件设置 configured with stopThread:true, recycle:false
2026-10-08 17:47:16,397 INFO o.a.j.t.JMeterThread: Thread finished: jp@gc - Stepping Thread Group 1-908
2026-10-08 17:47:16,450 INFO o.a.j.t.JMeterThread: Thread started: jp@gc - Stepping Thread Group 1-909
2026-10-08 17:47:16,450 INFO o.a.j.t.JMeterThread: Stop Thread seen for thread jp@gc - Stepping Thread Group 1-909, reason: org.apache.jorphan.util.JMeterStopThreadException: End of file:/Users/lisa/Documents/tools/date/tokens.csv detected for CSV DataSet:CSV 数据文件设置 configured with stopThread:true, recycle:false
2026-10-08 17:47:16,450 INFO o.a.j.t.JMeterThread: Thread finished: jp@gc - Stepping Thread Group 1-909
2026-10-08 17:47:16,496 INFO o.a.j.t.JMeterThread: Thread started: jp@gc - Stepping Thread Group 1-910
2026-10-08 17:47:16,496 INFO o.a.j.t.JMeterThread: Stop Thread seen for thread jp@gc - Stepping Thread Group 1-910, reason: org.apache.jorphan.util.JMeterStopThreadException: End of file:/Users/lisa/Documents/tools/date/tokens.csv detected for CSV DataSet:CSV 数据文件设置 configured with stopThread:true, recycle:false
2026-10-08 17:47:16,496 INFO o.a.j.t.JMeterThread: Thread finished: jp@gc - Stepping Thread Group 1-910
2026-10-08 17:47:16,546 INFO o.a.j.t.JMeterThread: Thread started: jp@gc - Stepping Thread Group 1-911
2026-10-08 17:47:16,547 INFO o.a.j.t.JMeterThread: Stop Thread seen for thread jp@gc - Stepping Thread Group 1-911, reason: org.apache.jorphan.util.JMeterStopThreadException: End of file:/Users/lisa/Documents/tools/date/tokens.csv detected for CSV DataSet:CSV 数据文件设置 configured with stopThread:true, recycle:false
2026-10-08 17:47:16,547 INFO o.a.j.t.JMeterThread: Thread finished: jp@gc - Stepping Thread Group 1-911
2026-10-08 17:47:16,598 INFO o.a.j.t.JMeterThread: Thread started: jp@gc - Stepping Thread Group 1-912
2026-10-08 17:47:16,598 INFO o.a.j.t.JMeterThread: Stop Thread seen for thread jp@gc - Stepping Thread Group 1-912, reason: org.apache.jorphan.util.JMeterStopThreadException: End of file:/Users/lisa/Documents/tools/date/tokens.csv detected for CSV DataSet:CSV 数据文件设置 configured with stopThread:true, recycle:false
2026-10-08 17:47:16,598 INFO o.a.j.t.JMeterThread: Thread finished: jp@gc - Stepping Thread Group 1-912
2026-10-08 17:47:16,650 INFO o.a.j.t.JMeterThread: Thread started: jp@gc - Stepping Thread Group 1-913
2026-10-08 17:47:16,651 INFO o.a.j.t.JMeterThread: Stop Thread seen for thread jp@gc - Stepping Thread Group 1-913, reason: org.apache.jorphan.util.JMeterStopThreadException: End of file:/Users/lisa/Documents/tools/date/tokens.csv detected for CSV DataSet:CSV 数据文件设置 configured with stopThread:true, recycle:false
2026-10-08 17:47:16,651 INFO o.a.j.t.JMeterThread: Thread finished: jp@gc - Stepping Thread Group 1-913
2026-10-08 17:47:16,700 INFO o.a.j.t.JMeterThread: Thread started: jp@gc - Stepping Thread Group 1-914
2026-10-08 17:47:16,700 INFO o.a.j.t.JMeterThread: Stop Thread seen for thread jp@gc - Stepping Thread Group 1-914, reason: org.apache.jorphan.util.JMeterStopThreadException: End of file:/Users/lisa/Documents/tools/date/tokens.csv detected for CSV DataSet:CSV 数据文件设置 configured with stopThread:true, recycle:false
2026-10-08 17:47:16,700 INFO o.a.j.t.JMeterThread: Thread finished: jp@gc - Stepping Thread Group 1-914
2026-10-08 17:47:16,747 INFO o.a.j.t.JMeterThread: Thread started: jp@gc - Stepping Thread Group 1-915
2026-10-08 17:47:16,747 INFO o.a.j.t.JMeterThread: Stop Thread seen for thread jp@gc - Stepping Thread Group 1-915, reason: org.apache.jorphan.util.JMeterStopThreadException: End of file:/Users/lisa/Documents/tools/date/tokens.csv detected for CSV DataSet:CSV 数据文件设置 configured with stopThread:true, recycle:false
2026-10-08 17:47:16,747 INFO o.a.j.t.JMeterThread: Thread finished: jp@gc - Stepping Thread Group 1-915
2026-10-08 17:47:16,800 INFO o.a.j.t.JMeterThread: Thread started: jp@gc - Stepping Thread Group 1-916
2026-10-08 17:47:16,800 INFO o.a.j.t.JMeterThread: Stop Thread seen for thread jp@gc - Stepping Thread Group 1-916, reason: org.apache.jorphan.util.JMeterStopThreadException: End of file:/Users/lisa/Documents/tools/date/tokens.csv detected for CSV DataSet:CSV 数据文件设置 configured with stopThread:true, recycle:false
2026-10-08 17:47:16,800 INFO o.a.j.t.JMeterThread: Thread finished: jp@gc - Stepping Thread Group 1-916
2026-10-08 17:47:16,848 INFO o.a.j.t.JMeterThread: Thread started: jp@gc - Stepping Thread Group 1-917
2026-10-08 17:47:16,848 INFO o.a.j.t.JMeterThread: Stop Thread seen for thread jp@gc - Stepping Thread Group 1-917, reason: org.apache.jorphan.util.JMeterStopThreadException: End of file:/Users/lisa/Documents/tools/date/tokens.csv detected for CSV DataSet:CSV 数据文件设置 configured with stopThread:true, recycle:false
2026-10-08 17:47:16,848 INFO o.a.j.t.JMeterThread: Thread finished: jp@gc - Stepping Thread Group 1-917
2026-10-08 17:47:16,900 INFO o.a.j.t.JMeterThread: Thread started: jp@gc - Stepping Thread Group 1-918
2026-10-08 17:47:16,901 INFO o.a.j.t.JMeterThread: Stop Thread seen for thread jp@gc - Stepping Thread Group 1-918, reason: org.apache.jorphan.util.JMeterStopThreadException: End of file:/Users/lisa/Documents/tools/date/tokens.csv detected for CSV DataSet:CSV 数据文件设置 configured with stopThread:true, recycle:false
2026-10-08 17:47:16,901 INFO o.a.j.t.JMeterThread: Thread finished: jp@gc - Stepping Thread Group 1-918
2026-10-08 17:47:16,946 INFO o.a.j.t.JMeterThread: Thread started: jp@gc - Stepping Thread Group 1-919
2026-10-08 17:47:16,946 INFO o.a.j.t.JMeterThread: Stop Thread seen for thread jp@gc - Stepping Thread Group 1-919, reason: org.apache.jorphan.util.JMeterStopThreadException: End of file:/Users/lisa/Documents/tools/date/tokens.csv detected for CSV DataSet:CSV 数据文件设置 configured with stopThread:true, recycle:false
2026-10-08 17:47:16,946 INFO o.a.j.t.JMeterThread: Thread finished: jp@gc - Stepping Thread Group 1-919
2026-10-08 17:47:16,997 INFO o.a.j.t.JMeterThread: Thread started: jp@gc - Stepping Thread Group 1-920
2026-10-08 17:47:16,997 INFO o.a.j.t.JMeterThread: Stop Thread seen for thread jp@gc - Stepping Thread Group 1-920, reason: org.apache.jorphan.util.JMeterStopThreadException: End of file:/Users/lisa/Documents/tools/date/tokens.csv detected for CSV DataSet:CSV 数据文件设置 configured with stopThread:true, recycle:false
2026-10-08 17:47:16,997 INFO o.a.j.t.JMeterThread: Thread finished: jp@gc - Stepping Thread Group 1-920
2026-10-08 17:47:17,050 INFO o.a.j.t.JMeterThread: Thread started: jp@gc - Stepping Thread Group 1-921
2026-10-08 17:47:17,050 INFO o.a.j.t.JMeterThread: Stop Thread seen for thread jp@gc - Stepping Thread Group 1-921, reason: org.apache.jorphan.util.JMeterStopThreadException: End of file:/Users/lisa/Documents/tools/date/tokens.csv detected for CSV DataSet:CSV 数据文件设置 configured with stopThread:true, recycle:false
2026-10-08 17:47:17,050 INFO o.a.j.t.JMeterThread: Thread finished: jp@gc - Stepping Thread Group 1-921
2026-10-08 17:47:17,100 INFO o.a.j.t.JMeterThread: Thread started: jp@gc - Stepping Thread Group 1-922
2026-10-08 17:47:17,100 INFO o.a.j.t.JMeterThread: Stop Thread seen for thread jp@gc - Stepping Thread Group 1-922, reason: org.apache.jorphan.util.JMeterStopThreadException: End of file:/Users/lisa/Documents/tools/date/tokens.csv detected for CSV DataSet:CSV 数据文件设置 configured with stopThread:true, recycle:false
2026-10-08 17:47:17,100 INFO o.a.j.t.JMeterThread: Thread finished: jp@gc - Stepping Thread Group 1-922
2026-10-08 17:47:17,148 INFO o.a.j.t.JMeterThread: Thread started: jp@gc - Stepping Thread Group 1-923
2026-10-08 17:47:17,148 INFO o.a.j.t.JMeterThread: Stop Thread seen for thread jp@gc - Stepping Thread Group 1-923, reason: org.apache.jorphan.util.JMeterStopThreadException: End of file:/Users/lisa/Documents/tools/date/tokens.csv detected for CSV DataSet:CSV 数据文件设置 configured with stopThread:true, recycle:false
2026-10-08 17:47:17,148 INFO o.a.j.t.JMeterThread: Thread finished: jp@gc - Stepping Thread Group 1-923
2026-10-08 17:47:17,199 INFO o.a.j.t.JMeterThread: Thread started: jp@gc - Stepping Thread Group 1-924
2026-10-08 17:47:17,200 INFO o.a.j.t.JMeterThread: Stop Thread seen for thread jp@gc - Stepping Thread Group 1-924, reason: org.apache.jorphan.util.JMeterStopThreadException: End of file:/Users/lisa/Documents/tools/date/tokens.csv detected for CSV DataSet:CSV 数据文件设置 configured with stopThread:true, recycle:false
2026-10-08 17:47:17,200 INFO o.a.j.t.JMeterThread: Thread finished: jp@gc - Stepping Thread Group 1-924
2026-10-08 17:47:17,249 INFO o.a.j.t.JMeterThread: Thread started: jp@gc - Stepping Thread Group 1-925
2026-10-08 17:47:17,250 INFO o.a.j.t.JMeterThread: Stop Thread seen for thread jp@gc - Stepping Thread Group 1-925, reason: org.apache.jorphan.util.JMeterStopThreadException: End of file:/Users/lisa/Documents/tools/date/tokens.csv detected for CSV DataSet:CSV 数据文件设置 configured with stopThread:true, recycle:false
2026-10-08 17:47:17,250 INFO o.a.j.t.JMeterThread: Thread finished: jp@gc - Stepping Thread Group 1-925
2026-10-08 17:47:17,300 INFO o.a.j.t.JMeterThread: Thread started: jp@gc - Stepping Thread Group 1-926
2026-10-08 17:47:17,300 INFO o.a.j.t.JMeterThread: Stop Thread seen for thread jp@gc - Stepping Thread Group 1-926, reason: org.apache.jorphan.util.JMeterStopThreadException: End of file:/Users/lisa/Documents/tools/date/tokens.csv detected for CSV DataSet:CSV 数据文件设置 configured with stopThread:true, recycle:false
2026-10-08 17:47:17,300 INFO o.a.j.t.JMeterThread: Thread finished: jp@gc - Stepping Thread Group 1-926
2026-10-08 17:47:17,348 INFO o.a.j.t.JMeterThread: Thread started: jp@gc - Stepping Thread Group 1-927
2026-10-08 17:47:17,349 INFO o.a.j.t.JMeterThread: Stop Thread seen for thread jp@gc - Stepping Thread Group 1-927, reason: org.apache.jorphan.util.JMeterStopThreadException: End of file:/Users/lisa/Documents/tools/date/tokens.csv detected for CSV DataSet:CSV 数据文件设置 configured with stopThread:true, recycle:false
2026-10-08 17:47:17,349 INFO o.a.j.t.JMeterThread: Thread finished: jp@gc - Stepping Thread Group 1-927
2026-10-08 17:47:17,400 INFO o.a.j.t.JMeterThread: Thread started: jp@gc - Stepping Thread Group 1-928
2026-10-08 17:47:17,400 INFO o.a.j.t.JMeterThread: Stop Thread seen for thread jp@gc - Stepping Thread Group 1-928, reason: org.apache.jorphan.util.JMeterStopThreadException: End of file:/Users/lisa/Documents/tools/date/tokens.csv detected for CSV DataSet:CSV 数据文件设置 configured with stopThread:true, recycle:false
2026-10-08 17:47:17,400 INFO o.a.j.t.JMeterThread: Thread finished: jp@gc - Stepping Thread Group 1-928
2026-10-08 17:47:17,449 INFO o.a.j.t.JMeterThread: Thread started: jp@gc - Stepping Thread Group 1-929
2026-10-08 17:47:17,449 INFO o.a.j.t.JMeterThread: Stop Thread seen for thread jp@gc - Stepping Thread Group 1-929, reason: org.apache.jorphan.util.JMeterStopThreadException: End of file:/Users/lisa/Documents/tools/date/tokens.csv detected for CSV DataSet:CSV 数据文件设置 configured with stopThread:true, recycle:false
2026-10-08 17:47:17,449 INFO o.a.j.t.JMeterThread: Thread finished: jp@gc - Stepping Thread Group 1-929
2026-10-08 17:47:17,500 INFO o.a.j.t.JMeterThread: Thread started: jp@gc - Stepping Thread Group 1-930
2026-10-08 17:47:17,500 INFO o.a.j.t.JMeterThread: Stop Thread seen for thread jp@gc - Stepping Thread Group 1-930, reason: org.apache.jorphan.util.JMeterStopThreadException: End of file:/Users/lisa/Documents/tools/date/tokens.csv detected for CSV DataSet:CSV 数据文件设置 configured with stopThread:true, recycle:false
2026-10-08 17:47:17,500 INFO o.a.j.t.JMeterThread: Thread finished: jp@gc - Stepping Thread Group 1-930
2026-10-08 17:47:17,549 INFO o.a.j.t.JMeterThread: Thread started: jp@gc - Stepping Thread Group 1-931
2026-10-08 17:47:17,550 INFO o.a.j.t.JMeterThread: Stop Thread seen for thread jp@gc - Stepping Thread Group 1-931, reason: org.apache.jorphan.util.JMeterStopThreadException: End of file:/Users/lisa/Documents/tools/date/tokens.csv detected for CSV DataSet:CSV 数据文件设置 configured with stopThread:true, recycle:false
2026-10-08 17:47:17,550 INFO o.a.j.t.JMeterThread: Thread finished: jp@gc - Stepping Thread Group 1-931
2026-10-08 17:47:17,599 INFO o.a.j.t.JMeterThread: Thread started: jp@gc - Stepping Thread Group 1-932
2026-10-08 17:47:17,599 INFO o.a.j.t.JMeterThread: Stop Thread seen for thread jp@gc - Stepping Thread Group 1-932, reason: org.apache.jorphan.util.JMeterStopThreadException: End of file:/Users/lisa/Documents/tools/date/tokens.csv detected for CSV DataSet:CSV 数据文件设置 configured with stopThread:true, recycle:false
2026-10-08 17:47:17,599 INFO o.a.j.t.JMeterThread: Thread finished: jp@gc - Stepping Thread Group 1-932
2026-10-08 17:47:17,650 INFO o.a.j.t.JMeterThread: Thread started: jp@gc - Stepping Thread Group 1-933
2026-10-08 17:47:17,650 INFO o.a.j.t.JMeterThread: Stop Thread seen for thread jp@gc - Stepping Thread Group 1-933, reason: org.apache.jorphan.util.JMeterStopThreadException: End of file:/Users/lisa/Documents/tools/date/tokens.csv detected for CSV DataSet:CSV 数据文件设置 configured with stopThread:true, recycle:false
2026-10-08 17:47:17,650 INFO o.a.j.t.JMeterThread: Thread finished: jp@gc - Stepping Thread Group 1-933
2026-10-08 17:47:17,695 INFO o.a.j.t.JMeterThread: Thread started: jp@gc - Stepping Thread Group 1-934
2026-10-08 17:47:17,696 INFO o.a.j.t.JMeterThread: Stop Thread seen for thread jp@gc - Stepping Thread Group 1-934, reason: org.apache.jorphan.util.JMeterStopThreadException: End of file:/Users/lisa/Documents/tools/date/tokens.csv detected for CSV DataSet:CSV 数据文件设置 configured with stopThread:true, recycle:false
2026-10-08 17:47:17,696 INFO o.a.j.t.JMeterThread: Thread finished: jp@gc - Stepping Thread Group 1-934
2026-10-08 17:47:17,749 INFO o.a.j.t.JMeterThread: Thread started: jp@gc - Stepping Thread Group 1-935
2026-10-08 17:47:17,749 INFO o.a.j.t.JMeterThread: Stop Thread seen for thread jp@gc - Stepping Thread Group 1-935, reason: org.apache.jorphan.util.JMeterStopThreadException: End of file:/Users/lisa/Documents/tools/date/tokens.csv detected for CSV DataSet:CSV 数据文件设置 configured with stopThread:true, recycle:false
2026-10-08 17:47:17,749 INFO o.a.j.t.JMeterThread: Thread finished: jp@gc - Stepping Thread Group 1-935
2026-10-08 17:47:17,798 INFO o.a.j.t.JMeterThread: Thread started: jp@gc - Stepping Thread Group 1-936
2026-10-08 17:47:17,799 INFO o.a.j.t.JMeterThread: Stop Thread seen for thread jp@gc - Stepping Thread Group 1-936, reason: org.apache.jorphan.util.JMeterStopThreadException: End of file:/Users/lisa/Documents/tools/date/tokens.csv detected for CSV DataSet:CSV 数据文件设置 configured with stopThread:true, recycle:false
2026-10-08 17:47:17,799 INFO o.a.j.t.JMeterThread: Thread finished: jp@gc - Stepping Thread Group 1-936
2026-10-08 17:47:17,850 INFO o.a.j.t.JMeterThread: Thread started: jp@gc - Stepping Thread Group 1-937
2026-10-08 17:47:17,850 INFO o.a.j.t.JMeterThread: Stop Thread seen for thread jp@gc - Stepping Thread Group 1-937, reason: org.apache.jorphan.util.JMeterStopThreadException: End of file:/Users/lisa/Documents/tools/date/tokens.csv detected for CSV DataSet:CSV 数据文件设置 configured with stopThread:true, recycle:false
2026-10-08 17:47:17,850 INFO o.a.j.t.JMeterThread: Thread finished: jp@gc - Stepping Thread Group 1-937
2026-10-08 17:47:17,899 INFO o.a.j.t.JMeterThread: Thread started: jp@gc - Stepping Thread Group 1-938
2026-10-08 17:47:17,900 INFO o.a.j.t.JMeterThread: Stop Thread seen for thread jp@gc - Stepping Thread Group 1-938, reason: org.apache.jorphan.util.JMeterStopThreadException: End of file:/Users/lisa/Documents/tools/date/tokens.csv detected for CSV DataSet:CSV 数据文件设置 configured with stopThread:true, recycle:false
2026-10-08 17:47:17,900 INFO o.a.j.t.JMeterThread: Thread finished: jp@gc - Stepping Thread Group 1-938
2026-10-08 17:47:17,950 INFO o.a.j.t.JMeterThread: Thread started: jp@gc - Stepping Thread Group 1-939
2026-10-08 17:47:17,951 INFO o.a.j.t.JMeterThread: Stop Thread seen for thread jp@gc - Stepping Thread Group 1-939, reason: org.apache.jorphan.util.JMeterStopThreadException: End of file:/Users/lisa/Documents/tools/date/tokens.csv detected for CSV DataSet:CSV 数据文件设置 configured with stopThread:true, recycle:false
2026-10-08 17:47:17,951 INFO o.a.j.t.JMeterThread: Thread finished: jp@gc - Stepping Thread Group 1-939
2026-10-08 17:47:17,997 INFO o.a.j.t.JMeterThread: Thread started: jp@gc - Stepping Thread Group 1-940
2026-10-08 17:47:17,998 INFO o.a.j.t.JMeterThread: Stop Thread seen for thread jp@gc - Stepping Thread Group 1-940, reason: org.apache.jorphan.util.JMeterStopThreadException: End of file:/Users/lisa/Documents/tools/date/tokens.csv detected for CSV DataSet:CSV 数据文件设置 configured with stopThread:true, recycle:false
2026-10-08 17:47:17,998 INFO o.a.j.t.JMeterThread: Thread finished: jp@gc - Stepping Thread Group 1-940
2026-10-08 17:47:18,050 INFO o.a.j.t.JMeterThread: Thread started: jp@gc - Stepping Thread Group 1-941
2026-10-08 17:47:18,050 INFO o.a.j.t.JMeterThread: Stop Thread seen for thread jp@gc - Stepping Thread Group 1-941, reason: org.apache.jorphan.util.JMeterStopThreadException: End of file:/Users/lisa/Documents/tools/date/tokens.csv detected for CSV DataSet:CSV 数据文件设置 configured with stopThread:true, recycle:false
2026-10-08 17:47:18,050 INFO o.a.j.t.JMeterThread: Thread finished: jp@gc - Stepping Thread Group 1-941
2026-10-08 17:47:18,098 INFO o.a.j.t.JMeterThread: Thread started: jp@gc - Stepping Thread Group 1-942
2026-10-08 17:47:18,099 INFO o.a.j.t.JMeterThread: Stop Thread seen for thread jp@gc - Stepping Thread Group 1-942, reason: org.apache.jorphan.util.JMeterStopThreadException: End of file:/Users/lisa/Documents/tools/date/tokens.csv detected for CSV DataSet:CSV 数据文件设置 configured with stopThread:true, recycle:false
2026-10-08 17:47:18,099 INFO o.a.j.t.JMeterThread: Thread finished: jp@gc - Stepping Thread Group 1-942
2026-10-08 17:47:18,150 INFO o.a.j.t.JMeterThread: Thread started: jp@gc - Stepping Thread Group 1-943
2026-10-08 17:47:18,151 INFO o.a.j.t.JMeterThread: Stop Thread seen for thread jp@gc - Stepping Thread Group 1-943, reason: org.apache.jorphan.util.JMeterStopThreadException: End of file:/Users/lisa/Documents/tools/date/tokens.csv detected for CSV DataSet:CSV 数据文件设置 configured with stopThread:true, recycle:false
2026-10-08 17:47:18,151 INFO o.a.j.t.JMeterThread: Thread finished: jp@gc - Stepping Thread Group 1-943
2026-10-08 17:47:18,196 INFO o.a.j.t.JMeterThread: Thread started: jp@gc - Stepping Thread Group 1-944
2026-10-08 17:47:18,196 INFO o.a.j.t.JMeterThread: Stop Thread seen for thread jp@gc - Stepping Thread Group 1-944, reason: org.apache.jorphan.util.JMeterStopThreadException: End of file:/Users/lisa/Documents/tools/date/tokens.csv detected for CSV DataSet:CSV 数据文件设置 configured with stopThread:true, recycle:false
2026-10-08 17:47:18,196 INFO o.a.j.t.JMeterThread: Thread finished: jp@gc - Stepping Thread Group 1-944
2026-10-08 17:47:18,250 INFO o.a.j.t.JMeterThread: Thread started: jp@gc - Stepping Thread Group 1-945
2026-10-08 17:47:18,251 INFO o.a.j.t.JMeterThread: Stop Thread seen for thread jp@gc - Stepping Thread Group 1-945, reason: org.apache.jorphan.util.JMeterStopThreadException: End of file:/Users/lisa/Documents/tools/date/tokens.csv detected for CSV DataSet:CSV 数据文件设置 configured with stopThread:true, recycle:false
2026-10-08 17:47:18,251 INFO o.a.j.t.JMeterThread: Thread finished: jp@gc - Stepping Thread Group 1-945
2026-10-08 17:47:18,300 INFO o.a.j.t.JMeterThread: Thread started: jp@gc - Stepping Thread Group 1-946
2026-10-08 17:47:18,301 INFO o.a.j.t.JMeterThread: Stop Thread seen for thread jp@gc - Stepping Thread Group 1-946, reason: org.apache.jorphan.util.JMeterStopThreadException: End of file:/Users/lisa/Documents/tools/date/tokens.csv detected for CSV DataSet:CSV 数据文件设置 configured with stopThread:true, recycle:false
2026-10-08 17:47:18,301 INFO o.a.j.t.JMeterThread: Thread finished: jp@gc - Stepping Thread Group 1-946
2026-10-08 17:47:18,350 INFO o.a.j.t.JMeterThread: Thread started: jp@gc - Stepping Thread Group 1-947
2026-10-08 17:47:18,350 INFO o.a.j.t.JMeterThread: Stop Thread seen for thread jp@gc - Stepping Thread Group 1-947, reason: org.apache.jorphan.util.JMeterStopThreadException: End of file:/Users/lisa/Documents/tools/date/tokens.csv detected for CSV DataSet:CSV 数据文件设置 configured with stopThread:true, recycle:false
2026-10-08 17:47:18,350 INFO o.a.j.t.JMeterThread: Thread finished: jp@gc - Stepping Thread Group 1-947
2026-10-08 17:47:18,397 INFO o.a.j.t.JMeterThread: Thread started: jp@gc - Stepping Thread Group 1-948
2026-10-08 17:47:18,397 INFO o.a.j.t.JMeterThread: Stop Thread seen for thread jp@gc - Stepping Thread Group 1-948, reason: org.apache.jorphan.util.JMeterStopThreadException: End of file:/Users/lisa/Documents/tools/date/tokens.csv detected for CSV DataSet:CSV 数据文件设置 configured with stopThread:true, recycle:false
2026-10-08 17:47:18,398 INFO o.a.j.t.JMeterThread: Thread finished: jp@gc - Stepping Thread Group 1-948
2026-10-08 17:47:18,448 INFO o.a.j.t.JMeterThread: Thread started: jp@gc - Stepping Thread Group 1-949
2026-10-08 17:47:18,449 INFO o.a.j.t.JMeterThread: Stop Thread seen for thread jp@gc - Stepping Thread Group 1-949, reason: org.apache.jorphan.util.JMeterStopThreadException: End of file:/Users/lisa/Documents/tools/date/tokens.csv detected for CSV DataSet:CSV 数据文件设置 configured with stopThread:true, recycle:false
2026-10-08 17:47:18,449 INFO o.a.j.t.JMeterThread: Thread finished: jp@gc - Stepping Thread Group 1-949
2026-10-08 17:47:18,499 INFO o.a.j.t.JMeterThread: Thread started: jp@gc - Stepping Thread Group 1-950
2026-10-08 17:47:18,500 INFO o.a.j.t.JMeterThread: Stop Thread seen for thread jp@gc - Stepping Thread Group 1-950, reason: org.apache.jorphan.util.JMeterStopThreadException: End of file:/Users/lisa/Documents/tools/date/tokens.csv detected for CSV DataSet:CSV 数据文件设置 configured with stopThread:true, recycle:false
2026-10-08 17:47:18,500 INFO o.a.j.t.JMeterThread: Thread finished: jp@gc - Stepping Thread Group 1-950
2026-10-08 17:47:18,546 INFO o.a.j.t.JMeterThread: Thread started: jp@gc - Stepping Thread Group 1-951
2026-10-08 17:47:18,547 INFO o.a.j.t.JMeterThread: Stop Thread seen for thread jp@gc - Stepping Thread Group 1-951, reason: org.apache.jorphan.util.JMeterStopThreadException: End of file:/Users/lisa/Documents/tools/date/tokens.csv detected for CSV DataSet:CSV 数据文件设置 configured with stopThread:true, recycle:false
2026-10-08 17:47:18,547 INFO o.a.j.t.JMeterThread: Thread finished: jp@gc - Stepping Thread Group 1-951
2026-10-08 17:47:18,600 INFO o.a.j.t.JMeterThread: Thread started: jp@gc - Stepping Thread Group 1-952
2026-10-08 17:47:18,600 INFO o.a.j.t.JMeterThread: Stop Thread seen for thread jp@gc - Stepping Thread Group 1-952, reason: org.apache.jorphan.util.JMeterStopThreadException: End of file:/Users/lisa/Documents/tools/date/tokens.csv detected for CSV DataSet:CSV 数据文件设置 configured with stopThread:true, recycle:false
2026-10-08 17:47:18,600 INFO o.a.j.t.JMeterThread: Thread finished: jp@gc - Stepping Thread Group 1-952
2026-10-08 17:47:18,650 INFO o.a.j.t.JMeterThread: Thread started: jp@gc - Stepping Thread Group 1-953
2026-10-08 17:47:18,651 INFO o.a.j.t.JMeterThread: Stop Thread seen for thread jp@gc - Stepping Thread Group 1-953, reason: org.apache.jorphan.util.JMeterStopThreadException: End of file:/Users/lisa/Documents/tools/date/tokens.csv detected for CSV DataSet:CSV 数据文件设置 configured with stopThread:true, recycle:false
2026-10-08 17:47:18,651 INFO o.a.j.t.JMeterThread: Thread finished: jp@gc - Stepping Thread Group 1-953
2026-10-08 17:47:18,702 INFO o.a.j.t.JMeterThread: Thread started: jp@gc - Stepping Thread Group 1-954
2026-10-08 17:47:18,702 INFO o.a.j.t.JMeterThread: Stop Thread seen for thread jp@gc - Stepping Thread Group 1-954, reason: org.apache.jorphan.util.JMeterStopThreadException: End of file:/Users/lisa/Documents/tools/date/tokens.csv detected for CSV DataSet:CSV 数据文件设置 configured with stopThread:true, recycle:false
2026-10-08 17:47:18,702 INFO o.a.j.t.JMeterThread: Thread finished: jp@gc - Stepping Thread Group 1-954
2026-10-08 17:47:18,745 INFO o.a.j.t.JMeterThread: Thread started: jp@gc - Stepping Thread Group 1-955
2026-10-08 17:47:18,745 INFO o.a.j.t.JMeterThread: Stop Thread seen for thread jp@gc - Stepping Thread Group 1-955, reason: org.apache.jorphan.util.JMeterStopThreadException: End of file:/Users/lisa/Documents/tools/date/tokens.csv detected for CSV DataSet:CSV 数据文件设置 configured with stopThread:true, recycle:false
2026-10-08 17:47:18,746 INFO o.a.j.t.JMeterThread: Thread finished: jp@gc - Stepping Thread Group 1-955
2026-10-08 17:47:18,800 INFO o.a.j.t.JMeterThread: Thread started: jp@gc - Stepping Thread Group 1-956
2026-10-08 17:47:18,800 INFO o.a.j.t.JMeterThread: Stop Thread seen for thread jp@gc - Stepping Thread Group 1-956, reason: org.apache.jorphan.util.JMeterStopThreadException: End of file:/Users/lisa/Documents/tools/date/tokens.csv detected for CSV DataSet:CSV 数据文件设置 configured with stopThread:true, recycle:false
2026-10-08 17:47:18,801 INFO o.a.j.t.JMeterThread: Thread finished: jp@gc - Stepping Thread Group 1-956
2026-10-08 17:47:18,850 INFO o.a.j.t.JMeterThread: Thread started: jp@gc - Stepping Thread Group 1-957
2026-10-08 17:47:18,851 INFO o.a.j.t.JMeterThread: Stop Thread seen for thread jp@gc - Stepping Thread Group 1-957, reason: org.apache.jorphan.util.JMeterStopThreadException: End of file:/Users/lisa/Documents/tools/date/tokens.csv detected for CSV DataSet:CSV 数据文件设置 configured with stopThread:true, recycle:false
2026-10-08 17:47:18,851 INFO o.a.j.t.JMeterThread: Thread finished: jp@gc - Stepping Thread Group 1-957
2026-10-08 17:47:18,896 INFO o.a.j.t.JMeterThread: Thread started: jp@gc - Stepping Thread Group 1-958
2026-10-08 17:47:18,896 INFO o.a.j.t.JMeterThread: Stop Thread seen for thread jp@gc - Stepping Thread Group 1-958, reason: org.apache.jorphan.util.JMeterStopThreadException: End of file:/Users/lisa/Documents/tools/date/tokens.csv detected for CSV DataSet:CSV 数据文件设置 configured with stopThread:true, recycle:false
2026-10-08 17:47:18,896 INFO o.a.j.t.JMeterThread: Thread finished: jp@gc - Stepping Thread Group 1-958
2026-10-08 17:47:18,948 INFO o.a.j.t.JMeterThread: Thread started: jp@gc - Stepping Thread Group 1-959
2026-10-08 17:47:18,949 INFO o.a.j.t.JMeterThread: Stop Thread seen for thread jp@gc - Stepping Thread Group 1-959, reason: org.apache.jorphan.util.JMeterStopThreadException: End of file:/Users/lisa/Documents/tools/date/tokens.csv detected for CSV DataSet:CSV 数据文件设置 configured with stopThread:true, recycle:false
2026-10-08 17:47:18,949 INFO o.a.j.t.JMeterThread: Thread finished: jp@gc - Stepping Thread Group 1-959
2026-10-08 17:47:19,000 INFO o.a.j.t.JMeterThread: Thread started: jp@gc - Stepping Thread Group 1-960
2026-10-08 17:47:19,000 INFO o.a.j.t.JMeterThread: Stop Thread seen for thread jp@gc - Stepping Thread Group 1-960, reason: org.apache.jorphan.util.JMeterStopThreadException: End of file:/Users/lisa/Documents/tools/date/tokens.csv detected for CSV DataSet:CSV 数据文件设置 configured with stopThread:true, recycle:false
2026-10-08 17:47:19,000 INFO o.a.j.t.JMeterThread: Thread finished: jp@gc - Stepping Thread Group 1-960
2026-10-08 17:47:19,048 INFO o.a.j.t.JMeterThread: Thread started: jp@gc - Stepping Thread Group 1-961
2026-10-08 17:47:19,048 INFO o.a.j.t.JMeterThread: Stop Thread seen for thread jp@gc - Stepping Thread Group 1-961, reason: org.apache.jorphan.util.JMeterStopThreadException: End of file:/Users/lisa/Documents/tools/date/tokens.csv detected for CSV DataSet:CSV 数据文件设置 configured with stopThread:true, recycle:false
2026-10-08 17:47:19,048 INFO o.a.j.t.JMeterThread: Thread finished: jp@gc - Stepping Thread Group 1-961
2026-10-08 17:47:19,099 INFO o.a.j.t.JMeterThread: Thread started: jp@gc - Stepping Thread Group 1-962
2026-10-08 17:47:19,099 INFO o.a.j.t.JMeterThread: Stop Thread seen for thread jp@gc - Stepping Thread Group 1-962, reason: org.apache.jorphan.util.JMeterStopThreadException: End of file:/Users/lisa/Documents/tools/date/tokens.csv detected for CSV DataSet:CSV 数据文件设置 configured with stopThread:true, recycle:false
2026-10-08 17:47:19,099 INFO o.a.j.t.JMeterThread: Thread finished: jp@gc - Stepping Thread Group 1-962
2026-10-08 17:47:19,150 INFO o.a.j.t.JMeterThread: Thread started: jp@gc - Stepping Thread Group 1-963
2026-10-08 17:47:19,150 INFO o.a.j.t.JMeterThread: Stop Thread seen for thread jp@gc - Stepping Thread Group 1-963, reason: org.apache.jorphan.util.JMeterStopThreadException: End of file:/Users/lisa/Documents/tools/date/tokens.csv detected for CSV DataSet:CSV 数据文件设置 configured with stopThread:true, recycle:false
2026-10-08 17:47:19,150 INFO o.a.j.t.JMeterThread: Thread finished: jp@gc - Stepping Thread Group 1-963
2026-10-08 17:47:19,200 INFO o.a.j.t.JMeterThread: Thread started: jp@gc - Stepping Thread Group 1-964
2026-10-08 17:47:19,200 INFO o.a.j.t.JMeterThread: Stop Thread seen for thread jp@gc - Stepping Thread Group 1-964, reason: org.apache.jorphan.util.JMeterStopThreadException: End of file:/Users/lisa/Documents/tools/date/tokens.csv detected for CSV DataSet:CSV 数据文件设置 configured with stopThread:true, recycle:false
2026-10-08 17:47:19,200 INFO o.a.j.t.JMeterThread: Thread finished: jp@gc - Stepping Thread Group 1-964
2026-10-08 17:47:19,249 INFO o.a.j.t.JMeterThread: Thread started: jp@gc - Stepping Thread Group 1-965
2026-10-08 17:47:19,249 INFO o.a.j.t.JMeterThread: Stop Thread seen for thread jp@gc - Stepping Thread Group 1-965, reason: org.apache.jorphan.util.JMeterStopThreadException: End of file:/Users/lisa/Documents/tools/date/tokens.csv detected for CSV DataSet:CSV 数据文件设置 configured with stopThread:true, recycle:false
2026-10-08 17:47:19,249 INFO o.a.j.t.JMeterThread: Thread finished: jp@gc - Stepping Thread Group 1-965
2026-10-08 17:47:19,300 INFO o.a.j.t.JMeterThread: Thread started: jp@gc - Stepping Thread Group 1-966
2026-10-08 17:47:19,301 INFO o.a.j.t.JMeterThread: Stop Thread seen for thread jp@gc - Stepping Thread Group 1-966, reason: org.apache.jorphan.util.JMeterStopThreadException: End of file:/Users/lisa/Documents/tools/date/tokens.csv detected for CSV DataSet:CSV 数据文件设置 configured with stopThread:true, recycle:false
2026-10-08 17:47:19,301 INFO o.a.j.t.JMeterThread: Thread finished: jp@gc - Stepping Thread Group 1-966
2026-10-08 17:47:19,349 INFO o.a.j.t.JMeterThread: Thread started: jp@gc - Stepping Thread Group 1-967
2026-10-08 17:47:19,350 INFO o.a.j.t.JMeterThread: Stop Thread seen for thread jp@gc - Stepping Thread Group 1-967, reason: org.apache.jorphan.util.JMeterStopThreadException: End of file:/Users/lisa/Documents/tools/date/tokens.csv detected for CSV DataSet:CSV 数据文件设置 configured with stopThread:true, recycle:false
2026-10-08 17:47:19,350 INFO o.a.j.t.JMeterThread: Thread finished: jp@gc - Stepping Thread Group 1-967
2026-10-08 17:47:19,400 INFO o.a.j.t.JMeterThread: Thread started: jp@gc - Stepping Thread Group 1-968
2026-10-08 17:47:19,401 INFO o.a.j.t.JMeterThread: Stop Thread seen for thread jp@gc - Stepping Thread Group 1-968, reason: org.apache.jorphan.util.JMeterStopThreadException: End of file:/Users/lisa/Documents/tools/date/tokens.csv detected for CSV DataSet:CSV 数据文件设置 configured with stopThread:true, recycle:false
2026-10-08 17:47:19,401 INFO o.a.j.t.JMeterThread: Thread finished: jp@gc - Stepping Thread Group 1-968
2026-10-08 17:47:19,450 INFO o.a.j.t.JMeterThread: Thread started: jp@gc - Stepping Thread Group 1-969
2026-10-08 17:47:19,451 INFO o.a.j.t.JMeterThread: Stop Thread seen for thread jp@gc - Stepping Thread Group 1-969, reason: org.apache.jorphan.util.JMeterStopThreadException: End of file:/Users/lisa/Documents/tools/date/tokens.csv detected for CSV DataSet:CSV 数据文件设置 configured with stopThread:true, recycle:false
2026-10-08 17:47:19,451 INFO o.a.j.t.JMeterThread: Thread finished: jp@gc - Stepping Thread Group 1-969
2026-10-08 17:47:19,496 INFO o.a.j.t.JMeterThread: Thread started: jp@gc - Stepping Thread Group 1-970
2026-10-08 17:47:19,496 INFO o.a.j.t.JMeterThread: Stop Thread seen for thread jp@gc - Stepping Thread Group 1-970, reason: org.apache.jorphan.util.JMeterStopThreadException: End of file:/Users/lisa/Documents/tools/date/tokens.csv detected for CSV DataSet:CSV 数据文件设置 configured with stopThread:true, recycle:false
2026-10-08 17:47:19,496 INFO o.a.j.t.JMeterThread: Thread finished: jp@gc - Stepping Thread Group 1-970
2026-10-08 17:47:19,545 INFO o.a.j.t.JMeterThread: Thread started: jp@gc - Stepping Thread Group 1-971
2026-10-08 17:47:19,546 INFO o.a.j.t.JMeterThread: Stop Thread seen for thread jp@gc - Stepping Thread Group 1-971, reason: org.apache.jorphan.util.JMeterStopThreadException: End of file:/Users/lisa/Documents/tools/date/tokens.csv detected for CSV DataSet:CSV 数据文件设置 configured with stopThread:true, recycle:false
2026-10-08 17:47:19,546 INFO o.a.j.t.JMeterThread: Thread finished: jp@gc - Stepping Thread Group 1-971
2026-10-08 17:47:19,600 INFO o.a.j.t.JMeterThread: Thread started: jp@gc - Stepping Thread Group 1-972
2026-10-08 17:47:19,600 INFO o.a.j.t.JMeterThread: Stop Thread seen for thread jp@gc - Stepping Thread Group 1-972, reason: org.apache.jorphan.util.JMeterStopThreadException: End of file:/Users/lisa/Documents/tools/date/tokens.csv detected for CSV DataSet:CSV 数据文件设置 configured with stopThread:true, recycle:false
2026-10-08 17:47:19,600 INFO o.a.j.t.JMeterThread: Thread finished: jp@gc - Stepping Thread Group 1-972
2026-10-08 17:47:19,650 INFO o.a.j.t.JMeterThread: Thread started: jp@gc - Stepping Thread Group 1-973
2026-10-08 17:47:19,650 INFO o.a.j.t.JMeterThread: Stop Thread seen for thread jp@gc - Stepping Thread Group 1-973, reason: org.apache.jorphan.util.JMeterStopThreadException: End of file:/Users/lisa/Documents/tools/date/tokens.csv detected for CSV DataSet:CSV 数据文件设置 configured with stopThread:true, recycle:false
2026-10-08 17:47:19,650 INFO o.a.j.t.JMeterThread: Thread finished: jp@gc - Stepping Thread Group 1-973
2026-10-08 17:47:19,696 INFO o.a.j.t.JMeterThread: Thread started: jp@gc - Stepping Thread Group 1-974
2026-10-08 17:47:19,696 INFO o.a.j.t.JMeterThread: Stop Thread seen for thread jp@gc - Stepping Thread Group 1-974, reason: org.apache.jorphan.util.JMeterStopThreadException: End of file:/Users/lisa/Documents/tools/date/tokens.csv detected for CSV DataSet:CSV 数据文件设置 configured with stopThread:true, recycle:false
2026-10-08 17:47:19,696 INFO o.a.j.t.JMeterThread: Thread finished: jp@gc - Stepping Thread Group 1-974
2026-10-08 17:47:19,747 INFO o.a.j.t.JMeterThread: Thread started: jp@gc - Stepping Thread Group 1-975
2026-10-08 17:47:19,747 INFO o.a.j.t.JMeterThread: Stop Thread seen for thread jp@gc - Stepping Thread Group 1-975, reason: org.apache.jorphan.util.JMeterStopThreadException: End of file:/Users/lisa/Documents/tools/date/tokens.csv detected for CSV DataSet:CSV 数据文件设置 configured with stopThread:true, recycle:false
2026-10-08 17:47:19,747 INFO o.a.j.t.JMeterThread: Thread finished: jp@gc - Stepping Thread Group 1-975
2026-10-08 17:47:19,799 INFO o.a.j.t.JMeterThread: Thread started: jp@gc - Stepping Thread Group 1-976
2026-10-08 17:47:19,800 INFO o.a.j.t.JMeterThread: Stop Thread seen for thread jp@gc - Stepping Thread Group 1-976, reason: org.apache.jorphan.util.JMeterStopThreadException: End of file:/Users/lisa/Documents/tools/date/tokens.csv detected for CSV DataSet:CSV 数据文件设置 configured with stopThread:true, recycle:false
2026-10-08 17:47:19,800 INFO o.a.j.t.JMeterThread: Thread finished: jp@gc - Stepping Thread Group 1-976
2026-10-08 17:47:19,849 INFO o.a.j.t.JMeterThread: Thread started: jp@gc - Stepping Thread Group 1-977
2026-10-08 17:47:19,849 INFO o.a.j.t.JMeterThread: Stop Thread seen for thread jp@gc - Stepping Thread Group 1-977, reason: org.apache.jorphan.util.JMeterStopThreadException: End of file:/Users/lisa/Documents/tools/date/tokens.csv detected for CSV DataSet:CSV 数据文件设置 configured with stopThread:true, recycle:false
2026-10-08 17:47:19,849 INFO o.a.j.t.JMeterThread: Thread finished: jp@gc - Stepping Thread Group 1-977
2026-10-08 17:47:19,900 INFO o.a.j.t.JMeterThread: Thread started: jp@gc - Stepping Thread Group 1-978
2026-10-08 17:47:19,901 INFO o.a.j.t.JMeterThread: Stop Thread seen for thread jp@gc - Stepping Thread Group 1-978, reason: org.apache.jorphan.util.JMeterStopThreadException: End of file:/Users/lisa/Documents/tools/date/tokens.csv detected for CSV DataSet:CSV 数据文件设置 configured with stopThread:true, recycle:false
2026-10-08 17:47:19,901 INFO o.a.j.t.JMeterThread: Thread finished: jp@gc - Stepping Thread Group 1-978
2026-10-08 17:47:19,948 INFO o.a.j.t.JMeterThread: Thread started: jp@gc - Stepping Thread Group 1-979
2026-10-08 17:47:19,948 INFO o.a.j.t.JMeterThread: Stop Thread seen for thread jp@gc - Stepping Thread Group 1-979, reason: org.apache.jorphan.util.JMeterStopThreadException: End of file:/Users/lisa/Documents/tools/date/tokens.csv detected for CSV DataSet:CSV 数据文件设置 configured with stopThread:true, recycle:false
2026-10-08 17:47:19,948 INFO o.a.j.t.JMeterThread: Thread finished: jp@gc - Stepping Thread Group 1-979
2026-10-08 17:47:20,000 INFO o.a.j.t.JMeterThread: Thread started: jp@gc - Stepping Thread Group 1-980
2026-10-08 17:47:20,000 INFO o.a.j.t.JMeterThread: Stop Thread seen for thread jp@gc - Stepping Thread Group 1-980, reason: org.apache.jorphan.util.JMeterStopThreadException: End of file:/Users/lisa/Documents/tools/date/tokens.csv detected for CSV DataSet:CSV 数据文件设置 configured with stopThread:true, recycle:false
2026-10-08 17:47:20,000 INFO o.a.j.t.JMeterThread: Thread finished: jp@gc - Stepping Thread Group 1-980
2026-10-08 17:47:20,049 INFO o.a.j.t.JMeterThread: Thread started: jp@gc - Stepping Thread Group 1-981
2026-10-08 17:47:20,050 INFO o.a.j.t.JMeterThread: Stop Thread seen for thread jp@gc - Stepping Thread Group 1-981, reason: org.apache.jorphan.util.JMeterStopThreadException: End of file:/Users/lisa/Documents/tools/date/tokens.csv detected for CSV DataSet:CSV 数据文件设置 configured with stopThread:true, recycle:false
2026-10-08 17:47:20,050 INFO o.a.j.t.JMeterThread: Thread finished: jp@gc - Stepping Thread Group 1-981
2026-10-08 17:47:20,096 INFO o.a.j.t.JMeterThread: Thread started: jp@gc - Stepping Thread Group 1-982
2026-10-08 17:47:20,096 INFO o.a.j.t.JMeterThread: Stop Thread seen for thread jp@gc - Stepping Thread Group 1-982, reason: org.apache.jorphan.util.JMeterStopThreadException: End of file:/Users/lisa/Documents/tools/date/tokens.csv detected for CSV DataSet:CSV 数据文件设置 configured with stopThread:true, recycle:false
2026-10-08 17:47:20,096 INFO o.a.j.t.JMeterThread: Thread finished: jp@gc - Stepping Thread Group 1-982
2026-10-08 17:47:20,146 INFO o.a.j.t.JMeterThread: Thread started: jp@gc - Stepping Thread Group 1-983
2026-10-08 17:47:20,147 INFO o.a.j.t.JMeterThread: Stop Thread seen for thread jp@gc - Stepping Thread Group 1-983, reason: org.apache.jorphan.util.JMeterStopThreadException: End of file:/Users/lisa/Documents/tools/date/tokens.csv detected for CSV DataSet:CSV 数据文件设置 configured with stopThread:true, recycle:false
2026-10-08 17:47:20,147 INFO o.a.j.t.JMeterThread: Thread finished: jp@gc - Stepping Thread Group 1-983
2026-10-08 17:47:20,198 INFO o.a.j.t.JMeterThread: Thread started: jp@gc - Stepping Thread Group 1-984
2026-10-08 17:47:20,198 INFO o.a.j.t.JMeterThread: Stop Thread seen for thread jp@gc - Stepping Thread Group 1-984, reason: org.apache.jorphan.util.JMeterStopThreadException: End of file:/Users/lisa/Documents/tools/date/tokens.csv detected for CSV DataSet:CSV 数据文件设置 configured with stopThread:true, recycle:false
2026-10-08 17:47:20,198 INFO o.a.j.t.JMeterThread: Thread finished: jp@gc - Stepping Thread Group 1-984
2026-10-08 17:47:20,250 INFO o.a.j.t.JMeterThread: Thread started: jp@gc - Stepping Thread Group 1-985
2026-10-08 17:47:20,251 INFO o.a.j.t.JMeterThread: Stop Thread seen for thread jp@gc - Stepping Thread Group 1-985, reason: org.apache.jorphan.util.JMeterStopThreadException: End of file:/Users/lisa/Documents/tools/date/tokens.csv detected for CSV DataSet:CSV 数据文件设置 configured with stopThread:true, recycle:false
2026-10-08 17:47:20,251 INFO o.a.j.t.JMeterThread: Thread finished: jp@gc - Stepping Thread Group 1-985
2026-10-08 17:47:20,300 INFO o.a.j.t.JMeterThread: Thread started: jp@gc - Stepping Thread Group 1-986
2026-10-08 17:47:20,300 INFO o.a.j.t.JMeterThread: Stop Thread seen for thread jp@gc - Stepping Thread Group 1-986, reason: org.apache.jorphan.util.JMeterStopThreadException: End of file:/Users/lisa/Documents/tools/date/tokens.csv detected for CSV DataSet:CSV 数据文件设置 configured with stopThread:true, recycle:false
2026-10-08 17:47:20,300 INFO o.a.j.t.JMeterThread: Thread finished: jp@gc - Stepping Thread Group 1-986
2026-10-08 17:47:20,347 INFO o.a.j.t.JMeterThread: Thread started: jp@gc - Stepping Thread Group 1-987
2026-10-08 17:47:20,347 INFO o.a.j.t.JMeterThread: Stop Thread seen for thread jp@gc - Stepping Thread Group 1-987, reason: org.apache.jorphan.util.JMeterStopThreadException: End of file:/Users/lisa/Documents/tools/date/tokens.csv detected for CSV DataSet:CSV 数据文件设置 configured with stopThread:true, recycle:false
2026-10-08 17:47:20,347 INFO o.a.j.t.JMeterThread: Thread finished: jp@gc - Stepping Thread Group 1-987
2026-10-08 17:47:20,399 INFO o.a.j.t.JMeterThread: Thread started: jp@gc - Stepping Thread Group 1-988
2026-10-08 17:47:20,399 INFO o.a.j.t.JMeterThread: Stop Thread seen for thread jp@gc - Stepping Thread Group 1-988, reason: org.apache.jorphan.util.JMeterStopThreadException: End of file:/Users/lisa/Documents/tools/date/tokens.csv detected for CSV DataSet:CSV 数据文件设置 configured with stopThread:true, recycle:false
2026-10-08 17:47:20,399 INFO o.a.j.t.JMeterThread: Thread finished: jp@gc - Stepping Thread Group 1-988
2026-10-08 17:47:20,450 INFO o.a.j.t.JMeterThread: Thread started: jp@gc - Stepping Thread Group 1-989
2026-10-08 17:47:20,450 INFO o.a.j.t.JMeterThread: Stop Thread seen for thread jp@gc - Stepping Thread Group 1-989, reason: org.apache.jorphan.util.JMeterStopThreadException: End of file:/Users/lisa/Documents/tools/date/tokens.csv detected for CSV DataSet:CSV 数据文件设置 configured with stopThread:true, recycle:false
2026-10-08 17:47:20,450 INFO o.a.j.t.JMeterThread: Thread finished: jp@gc - Stepping Thread Group 1-989
2026-10-08 17:47:20,497 INFO o.a.j.t.JMeterThread: Thread started: jp@gc - Stepping Thread Group 1-990
2026-10-08 17:47:20,497 INFO o.a.j.t.JMeterThread: Stop Thread seen for thread jp@gc - Stepping Thread Group 1-990, reason: org.apache.jorphan.util.JMeterStopThreadException: End of file:/Users/lisa/Documents/tools/date/tokens.csv detected for CSV DataSet:CSV 数据文件设置 configured with stopThread:true, recycle:false
2026-10-08 17:47:20,497 INFO o.a.j.t.JMeterThread: Thread finished: jp@gc - Stepping Thread Group 1-990
2026-10-08 17:47:20,548 INFO o.a.j.t.JMeterThread: Thread started: jp@gc - Stepping Thread Group 1-991
2026-10-08 17:47:20,548 INFO o.a.j.t.JMeterThread: Stop Thread seen for thread jp@gc - Stepping Thread Group 1-991, reason: org.apache.jorphan.util.JMeterStopThreadException: End of file:/Users/lisa/Documents/tools/date/tokens.csv detected for CSV DataSet:CSV 数据文件设置 configured with stopThread:true, recycle:false
2026-10-08 17:47:20,548 INFO o.a.j.t.JMeterThread: Thread finished: jp@gc - Stepping Thread Group 1-991
2026-10-08 17:47:20,599 INFO o.a.j.t.JMeterThread: Thread started: jp@gc - Stepping Thread Group 1-992
2026-10-08 17:47:20,600 INFO o.a.j.t.JMeterThread: Stop Thread seen for thread jp@gc - Stepping Thread Group 1-992, reason: org.apache.jorphan.util.JMeterStopThreadException: End of file:/Users/lisa/Documents/tools/date/tokens.csv detected for CSV DataSet:CSV 数据文件设置 configured with stopThread:true, recycle:false
2026-10-08 17:47:20,600 INFO o.a.j.t.JMeterThread: Thread finished: jp@gc - Stepping Thread Group 1-992
2026-10-08 17:47:20,648 INFO o.a.j.t.JMeterThread: Thread started: jp@gc - Stepping Thread Group 1-993
2026-10-08 17:47:20,649 INFO o.a.j.t.JMeterThread: Stop Thread seen for thread jp@gc - Stepping Thread Group 1-993, reason: org.apache.jorphan.util.JMeterStopThreadException: End of file:/Users/lisa/Documents/tools/date/tokens.csv detected for CSV DataSet:CSV 数据文件设置 configured with stopThread:true, recycle:false
2026-10-08 17:47:20,649 INFO o.a.j.t.JMeterThread: Thread finished: jp@gc - Stepping Thread Group 1-993
2026-10-08 17:47:20,700 INFO o.a.j.t.JMeterThread: Thread started: jp@gc - Stepping Thread Group 1-994
2026-10-08 17:47:20,701 INFO o.a.j.t.JMeterThread: Stop Thread seen for thread jp@gc - Stepping Thread Group 1-994, reason: org.apache.jorphan.util.JMeterStopThreadException: End of file:/Users/lisa/Documents/tools/date/tokens.csv detected for CSV DataSet:CSV 数据文件设置 configured with stopThread:true, recycle:false
2026-10-08 17:47:20,701 INFO o.a.j.t.JMeterThread: Thread finished: jp@gc - Stepping Thread Group 1-994
2026-10-08 17:47:20,750 INFO o.a.j.t.JMeterThread: Thread started: jp@gc - Stepping Thread Group 1-995
2026-10-08 17:47:20,750 INFO o.a.j.t.JMeterThread: Stop Thread seen for thread jp@gc - Stepping Thread Group 1-995, reason: org.apache.jorphan.util.JMeterStopThreadException: End of file:/Users/lisa/Documents/tools/date/tokens.csv detected for CSV DataSet:CSV 数据文件设置 configured with stopThread:true, recycle:false
2026-10-08 17:47:20,750 INFO o.a.j.t.JMeterThread: Thread finished: jp@gc - Stepping Thread Group 1-995
2026-10-08 17:47:20,800 INFO o.a.j.t.JMeterThread: Thread started: jp@gc - Stepping Thread Group 1-996
2026-10-08 17:47:20,801 INFO o.a.j.t.JMeterThread: Stop Thread seen for thread jp@gc - Stepping Thread Group 1-996, reason: org.apache.jorphan.util.JMeterStopThreadException: End of file:/Users/lisa/Documents/tools/date/tokens.csv detected for CSV DataSet:CSV 数据文件设置 configured with stopThread:true, recycle:false
2026-10-08 17:47:20,801 INFO o.a.j.t.JMeterThread: Thread finished: jp@gc - Stepping Thread Group 1-996
2026-10-08 17:47:20,845 INFO o.a.j.t.JMeterThread: Thread started: jp@gc - Stepping Thread Group 1-997
2026-10-08 17:47:20,845 INFO o.a.j.t.JMeterThread: Stop Thread seen for thread jp@gc - Stepping Thread Group 1-997, reason: org.apache.jorphan.util.JMeterStopThreadException: End of file:/Users/lisa/Documents/tools/date/tokens.csv detected for CSV DataSet:CSV 数据文件设置 configured with stopThread:true, recycle:false
2026-10-08 17:47:20,845 INFO o.a.j.t.JMeterThread: Thread finished: jp@gc - Stepping Thread Group 1-997
2026-10-08 17:47:20,899 INFO o.a.j.t.JMeterThread: Thread started: jp@gc - Stepping Thread Group 1-998
2026-10-08 17:47:20,899 INFO o.a.j.t.JMeterThread: Stop Thread seen for thread jp@gc - Stepping Thread Group 1-998, reason: org.apache.jorphan.util.JMeterStopThreadException: End of file:/Users/lisa/Documents/tools/date/tokens.csv detected for CSV DataSet:CSV 数据文件设置 configured with stopThread:true, recycle:false
2026-10-08 17:47:20,899 INFO o.a.j.t.JMeterThread: Thread finished: jp@gc - Stepping Thread Group 1-998
2026-10-08 17:47:20,946 INFO o.a.j.t.JMeterThread: Thread started: jp@gc - Stepping Thread Group 1-999
2026-10-08 17:47:20,947 INFO o.a.j.t.JMeterThread: Stop Thread seen for thread jp@gc - Stepping Thread Group 1-999, reason: org.apache.jorphan.util.JMeterStopThreadException: End of file:/Users/lisa/Documents/tools/date/tokens.csv detected for CSV DataSet:CSV 数据文件设置 configured with stopThread:true, recycle:false
2026-10-08 17:47:20,947 INFO o.a.j.t.JMeterThread: Thread finished: jp@gc - Stepping Thread Group 1-999
2026-10-08 17:47:20,997 INFO o.a.j.t.JMeterThread: Thread started: jp@gc - Stepping Thread Group 1-1000
2026-10-08 17:47:20,997 INFO o.a.j.t.JMeterThread: Stop Thread seen for thread jp@gc - Stepping Thread Group 1-1000, reason: org.apache.jorphan.util.JMeterStopThreadException: End of file:/Users/lisa/Documents/tools/date/tokens.csv detected for CSV DataSet:CSV 数据文件设置 configured with stopThread:true, recycle:false
2026-10-08 17:47:20,997 INFO o.a.j.t.JMeterThread: Thread finished: jp@gc - Stepping Thread Group 1-1000
2026-10-08 17:47:20,998 INFO o.a.j.e.StandardJMeterEngine: Notifying test listeners of end of test
2026-10-08 17:47:20,998 INFO o.a.j.s.FileServer: Close: /Users/lisa/Documents/tools/date/tokens.csv
2026-10-08 17:47:21,011 INFO o.a.j.r.Summariser: summary =   1000 in 00:01:44 =    9.6/s Avg:  1246 Min:     0 Max: 11232 Err:     0 (0.00%)
2026-10-08 17:47:21,012 INFO o.a.j.JMeter: Generating Dashboard
2026-10-08 17:47:21,012 INFO o.a.j.r.d.ReportGenerator: Flushing result collector before report Generation
2026-10-08 17:47:21,025 INFO o.a.j.r.p.NormalizerSampleConsumer: Using format, 'ms', to parse timeStamp field
2026-10-08 17:47:21,097 INFO o.a.j.r.p.AbstractSampleConsumer: class org.apache.jmeter.report.processor.AggregateConsumer#stopProducing(): beginDate produced 0 samples
2026-10-08 17:47:21,097 INFO o.a.j.r.p.AbstractSampleConsumer: class org.apache.jmeter.report.processor.AggregateConsumer#stopProducing(): endDate produced 0 samples
2026-10-08 17:47:21,098 INFO o.a.j.r.p.AbstractSampleConsumer: class org.apache.jmeter.report.processor.ApdexSummaryConsumer#stopProducing(): apdexSummary produced 0 samples
2026-10-08 17:47:21,098 INFO o.a.j.r.p.AbstractSampleConsumer: class org.apache.jmeter.report.processor.RequestsSummaryConsumer#stopProducing(): requestsSummary produced 0 samples
2026-10-08 17:47:21,100 INFO o.a.j.r.p.AbstractSampleConsumer: class org.apache.jmeter.report.processor.StatisticsSummaryConsumer#stopProducing(): statisticsSummary produced 0 samples
2026-10-08 17:47:21,101 INFO o.a.j.r.p.AbstractSampleConsumer: class org.apache.jmeter.report.processor.Top5ErrorsBySamplerConsumer#stopProducing(): top5ErrorsBySampler produced 0 samples
2026-10-08 17:47:21,101 INFO o.a.j.r.p.AbstractSampleConsumer: class org.apache.jmeter.report.processor.ErrorsSummaryConsumer#stopProducing(): errorsSummary produced 0 samples
2026-10-08 17:47:21,101 INFO o.a.j.r.p.AbstractSampleConsumer: class org.apache.jmeter.report.processor.graph.impl.HitsPerSecondGraphConsumer#stopProducing(): hitsPerSecond produced 0 samples
2026-10-08 17:47:21,110 INFO o.a.j.r.p.AbstractSampleConsumer: class org.apache.jmeter.report.processor.graph.impl.LatencyVSRequestGraphConsumer#stopProducing(): latencyVsRequest produced 0 samples
2026-10-08 17:47:21,111 INFO o.a.j.r.p.AbstractSampleConsumer: class org.apache.jmeter.report.processor.graph.impl.SyntheticResponseTimeDistributionGraphConsumer#stopProducing(): syntheticResponseTimeDistribution produced 0 samples
2026-10-08 17:47:21,111 INFO o.a.j.r.p.AbstractSampleConsumer: class org.apache.jmeter.report.processor.graph.impl.BytesThroughputGraphConsumer#stopProducing(): bytesThroughputOverTime produced 0 samples
2026-10-08 17:47:21,111 INFO o.a.j.r.p.AbstractSampleConsumer: class org.apache.jmeter.report.processor.graph.impl.CodesPerSecondGraphConsumer#stopProducing(): codesPerSecond produced 0 samples
2026-10-08 17:47:21,116 INFO o.a.j.r.p.AbstractSampleConsumer: class org.apache.jmeter.report.processor.graph.impl.ResponseTimeVSRequestGraphConsumer#stopProducing(): responseTimeVsRequest produced 0 samples
2026-10-08 17:47:21,116 INFO o.a.j.r.p.AbstractSampleConsumer: class org.apache.jmeter.report.processor.FilterConsumer#stopProducing(): startIntervalControlerFilter produced 7000 samples
2026-10-08 17:47:21,116 INFO o.a.j.r.p.AbstractSampleConsumer: class org.apache.jmeter.report.processor.graph.impl.TotalTPSGraphConsumer#stopProducing(): totalTPS produced 0 samples
2026-10-08 17:47:21,116 INFO o.a.j.r.p.AbstractSampleConsumer: class org.apache.jmeter.report.processor.graph.impl.ActiveThreadsGraphConsumer#stopProducing(): activeThreadsOverTime produced 0 samples
2026-10-08 17:47:21,116 INFO o.a.j.r.p.AbstractSampleConsumer: class org.apache.jmeter.report.processor.graph.impl.TimeVSThreadGraphConsumer#stopProducing(): timeVsThreads produced 0 samples
2026-10-08 17:47:21,117 INFO o.a.j.r.p.AbstractSampleConsumer: class org.apache.jmeter.report.processor.graph.impl.ResponseTimeDistributionGraphConsumer#stopProducing(): responseTimeDistribution produced 0 samples
2026-10-08 17:47:21,117 INFO o.a.j.r.p.AbstractSampleConsumer: class org.apache.jmeter.report.processor.graph.impl.TransactionsPerSecondGraphConsumer#stopProducing(): transactionsPerSecond produced 0 samples
2026-10-08 17:47:21,117 INFO o.a.j.r.p.AbstractSampleConsumer: class org.apache.jmeter.report.processor.graph.impl.ResponseTimePercentilesGraphConsumer#stopProducing(): responseTimePercentiles produced 0 samples
2026-10-08 17:47:21,118 INFO o.a.j.r.p.AbstractSampleConsumer: class org.apache.jmeter.report.processor.graph.impl.ResponseTimePercentilesOverTimeGraphConsumer#stopProducing(): responseTimePercentilesOverTime produced 0 samples
2026-10-08 17:47:21,118 INFO o.a.j.r.p.AbstractSampleConsumer: class org.apache.jmeter.report.processor.graph.impl.ResponseTimeOverTimeGraphConsumer#stopProducing(): responseTimesOverTime produced 0 samples
2026-10-08 17:47:21,118 INFO o.a.j.r.p.AbstractSampleConsumer: class org.apache.jmeter.report.processor.graph.impl.ConnectTimeOverTimeGraphConsumer#stopProducing(): connectTimeOverTime produced 0 samples
2026-10-08 17:47:21,118 INFO o.a.j.r.p.AbstractSampleConsumer: class org.apache.jmeter.report.processor.graph.impl.LatencyOverTimeGraphConsumer#stopProducing(): latenciesOverTime produced 0 samples
2026-10-08 17:47:21,118 INFO o.a.j.r.p.AbstractSampleConsumer: class org.apache.jmeter.report.processor.FilterConsumer#stopProducing(): nameFilter produced 15000 samples
2026-10-08 17:47:21,118 INFO o.a.j.r.p.AbstractSampleConsumer: class org.apache.jmeter.report.processor.FilterConsumer#stopProducing(): dateRangeFilter produced 3000 samples
2026-10-08 17:47:21,118 INFO o.a.j.r.p.AbstractSampleConsumer: class org.apache.jmeter.report.processor.NormalizerSampleConsumer#stopProducing(): normalizer produced 1000 samples
2026-10-08 17:47:21,118 INFO o.a.j.r.p.CsvFileSampleSource: produce(): 1000 samples produced in 79ms on channel 0
2026-10-08 17:47:21,118 INFO o.a.j.r.d.ReportGenerator: Exporting data using exporter:'json' of className:'org.apache.jmeter.report.dashboard.JsonExporter'
2026-10-08 17:47:21,153 INFO o.a.j.r.d.JsonExporter: Found data for consumer statisticsSummary in context
2026-10-08 17:47:21,153 INFO o.a.j.r.d.JsonExporter: Creating statistics for overall
2026-10-08 17:47:21,153 INFO o.a.j.r.d.JsonExporter: Creating statistics for other transactions
2026-10-08 17:47:21,153 INFO o.a.j.r.d.JsonExporter: Checking output folder
2026-10-08 17:47:21,153 INFO o.a.j.r.d.JsonExporter: Writing statistics JSON to /Users/lisa/Documents/tools/jml/./report/statistics.json
2026-10-08 17:47:21,166 INFO o.a.j.r.d.ReportGenerator: Exporting data using exporter:'html' of className:'org.apache.jmeter.report.dashboard.HtmlTemplateExporter'
2026-10-08 17:47:21,167 INFO o.a.j.r.d.HtmlTemplateExporter: Will generate dashboard in folder: /Users/lisa/Documents/tools/jml/./report
2026-10-08 17:47:21,203 INFO o.a.j.r.d.HtmlTemplateExporter: Report will be generated in: /Users/lisa/Documents/tools/jml/./report, creating folder structure
2026-10-08 17:47:21,204 INFO o.a.j.r.d.TemplateVisitor: Copying folder from '/Users/lisa/Documents/tools/apache-jmeter-5.6.3/bin/report-template' to '/Users/lisa/Documents/tools/jml/./report', got message: /Users/lisa/Documents/tools/jml/./report, found non empty folder with following content [/Users/lisa/Documents/tools/jml/./report/statistics.json], will be ignored
2026-10-08 17:47:21,310 INFO o.a.j.JMeter: Dashboard generated
